ISO-10303-21;
HEADER;
FILE_DESCRIPTION(('KiCad electronic assembly'),'2;1');
FILE_NAME('board.step','2025-03-17T12:11:57',('Pcbnew'),('Kicad'),
  'Open CASCADE STEP processor 7.8','KiCad to STEP converter','Unknown'
  );
FILE_SCHEMA(('AUTOMOTIVE_DESIGN { 1 0 10303 214 1 1 1 1 }'));
ENDSEC;
DATA;
#1 = APPLICATION_PROTOCOL_DEFINITION('international standard',
  'automotive_design',2000,#2);
#2 = APPLICATION_CONTEXT(
  'core data for automotive mechanical design processes');
#3 = SHAPE_DEFINITION_REPRESENTATION(#4,#10);
#4 = PRODUCT_DEFINITION_SHAPE('','',#5);
#5 = PRODUCT_DEFINITION('design','',#6,#9);
#6 = PRODUCT_DEFINITION_FORMATION('','',#7);
#7 = PRODUCT('board 25','board 25','',(#8));
#8 = PRODUCT_CONTEXT('',#2,'mechanical');
#9 = PRODUCT_DEFINITION_CONTEXT('part definition',#2,'design');
#10 = SHAPE_REPRESENTATION('',(#11,#15,#19,#23,#27,#31,#35,#39,#43,#47,
    #51,#55,#59,#63,#67,#71,#75,#79,#83,#87,#91,#95,#99,#103,#107,#111,
    #115,#119,#123,#127,#131,#135,#139,#143,#147,#151,#155,#159,#163,
    #167,#171,#175,#179,#183,#187,#191,#195,#199,#203,#207,#211,#215,
    #219,#223,#227,#231),#235);
#11 = AXIS2_PLACEMENT_3D('',#12,#13,#14);
#12 = CARTESIAN_POINT('',(0.,0.,0.));
#13 = DIRECTION('',(0.,0.,1.));
#14 = DIRECTION('',(1.,0.,-0.));
#15 = AXIS2_PLACEMENT_3D('',#16,#17,#18);
#16 = CARTESIAN_POINT('',(147.999857,-77.999897,1.595));
#17 = DIRECTION('',(0.,-0.,1.));
#18 = DIRECTION('',(1.110223024625E-16,1.,0.));
#19 = AXIS2_PLACEMENT_3D('',#20,#21,#22);
#20 = CARTESIAN_POINT('',(170.829857,-127.999897,1.595));
#21 = DIRECTION('',(-0.,0.,1.));
#22 = DIRECTION('',(1.110223024625E-16,-1.,0.));
#23 = AXIS2_PLACEMENT_3D('',#24,#25,#26);
#24 = CARTESIAN_POINT('',(142.999857,-120.249897,1.595));
#25 = DIRECTION('',(0.,0.,1.));
#26 = DIRECTION('',(-1.,1.224646799147E-16,0.));
#27 = AXIS2_PLACEMENT_3D('',#28,#29,#30);
#28 = CARTESIAN_POINT('',(150.712357,-85.606147,1.595));
#29 = DIRECTION('',(0.,0.,1.));
#30 = DIRECTION('',(1.,0.,0.));
#31 = AXIS2_PLACEMENT_3D('',#32,#33,#34);
#32 = CARTESIAN_POINT('',(166.749857,-83.212397,1.595));
#33 = DIRECTION('',(0.,0.,1.));
#34 = DIRECTION('',(-1.,1.224646799147E-16,0.));
#35 = AXIS2_PLACEMENT_3D('',#36,#37,#38);
#36 = CARTESIAN_POINT('',(146.999857,-122.499897,1.595));
#37 = DIRECTION('',(0.,0.,1.));
#38 = DIRECTION('',(1.,0.,0.));
#39 = AXIS2_PLACEMENT_3D('',#40,#41,#42);
#40 = CARTESIAN_POINT('',(154.999857,-120.249897,1.595));
#41 = DIRECTION('',(0.,0.,1.));
#42 = DIRECTION('',(-1.,1.224646799147E-16,0.));
#43 = AXIS2_PLACEMENT_3D('',#44,#45,#46);
#44 = CARTESIAN_POINT('',(170.999857,-122.499897,1.595));
#45 = DIRECTION('',(0.,0.,1.));
#46 = DIRECTION('',(1.,0.,0.));
#47 = AXIS2_PLACEMENT_3D('',#48,#49,#50);
#48 = CARTESIAN_POINT('',(158.999857,-122.499897,1.595));
#49 = DIRECTION('',(0.,0.,1.));
#50 = DIRECTION('',(1.,0.,0.));
#51 = AXIS2_PLACEMENT_3D('',#52,#53,#54);
#52 = CARTESIAN_POINT('',(170.712357,-85.499897,1.595));
#53 = DIRECTION('',(0.,0.,1.));
#54 = DIRECTION('',(1.,0.,0.));
#55 = AXIS2_PLACEMENT_3D('',#56,#57,#58);
#56 = CARTESIAN_POINT('',(170.712357,-80.999897,1.595));
#57 = DIRECTION('',(0.,0.,1.));
#58 = DIRECTION('',(1.,0.,0.));
#59 = AXIS2_PLACEMENT_3D('',#60,#61,#62);
#60 = CARTESIAN_POINT('',(150.999857,-122.499897,1.595));
#61 = DIRECTION('',(0.,0.,1.));
#62 = DIRECTION('',(1.,0.,0.));
#63 = AXIS2_PLACEMENT_3D('',#64,#65,#66);
#64 = CARTESIAN_POINT('',(162.712357,-80.999897,1.595));
#65 = DIRECTION('',(0.,0.,1.));
#66 = DIRECTION('',(1.,0.,0.));
#67 = AXIS2_PLACEMENT_3D('',#68,#69,#70);
#68 = CARTESIAN_POINT('',(154.712357,-80.999897,1.595));
#69 = DIRECTION('',(0.,0.,1.));
#70 = DIRECTION('',(1.,0.,0.));
#71 = AXIS2_PLACEMENT_3D('',#72,#73,#74);
#72 = CARTESIAN_POINT('',(158.999857,-120.249897,1.595));
#73 = DIRECTION('',(0.,0.,1.));
#74 = DIRECTION('',(-1.,1.224646799147E-16,0.));
#75 = AXIS2_PLACEMENT_3D('',#76,#77,#78);
#76 = CARTESIAN_POINT('',(150.999857,-120.249897,1.595));
#77 = DIRECTION('',(0.,0.,1.));
#78 = DIRECTION('',(-1.,1.224646799147E-16,0.));
#79 = AXIS2_PLACEMENT_3D('',#80,#81,#82);
#80 = CARTESIAN_POINT('',(180.739857,-97.269897,1.595));
#81 = DIRECTION('',(-0.,0.,1.));
#82 = DIRECTION('',(1.110223024625E-16,-1.,0.));
#83 = AXIS2_PLACEMENT_3D('',#84,#85,#86);
#84 = CARTESIAN_POINT('',(154.999857,-124.749897,1.595));
#85 = DIRECTION('',(0.,0.,1.));
#86 = DIRECTION('',(-1.,1.224646799147E-16,0.));
#87 = AXIS2_PLACEMENT_3D('',#88,#89,#90);
#88 = CARTESIAN_POINT('',(142.749857,-81.037397,1.595));
#89 = DIRECTION('',(0.,0.,1.));
#90 = DIRECTION('',(1.,0.,0.));
#91 = AXIS2_PLACEMENT_3D('',#92,#93,#94);
#92 = CARTESIAN_POINT('',(162.962357,-120.249897,1.595));
#93 = DIRECTION('',(0.,0.,1.));
#94 = DIRECTION('',(-1.,1.224646799147E-16,0.));
#95 = AXIS2_PLACEMENT_3D('',#96,#97,#98);
#96 = CARTESIAN_POINT('',(131.999857,-122.249897,1.595));
#97 = DIRECTION('',(0.,-0.,1.));
#98 = DIRECTION('',(1.110223024625E-16,1.,0.));
#99 = AXIS2_PLACEMENT_3D('',#100,#101,#102);
#100 = CARTESIAN_POINT('',(162.712357,-83.249897,1.595));
#101 = DIRECTION('',(0.,0.,1.));
#102 = DIRECTION('',(-1.,1.224646799147E-16,0.));
#103 = AXIS2_PLACEMENT_3D('',#104,#105,#106);
#104 = CARTESIAN_POINT('',(170.999857,-120.249897,1.595));
#105 = DIRECTION('',(0.,0.,1.));
#106 = DIRECTION('',(-1.,1.224646799147E-16,0.));
#107 = AXIS2_PLACEMENT_3D('',#108,#109,#110);
#108 = CARTESIAN_POINT('',(166.749857,-80.962397,1.595));
#109 = DIRECTION('',(0.,0.,1.));
#110 = DIRECTION('',(1.,0.,0.));
#111 = AXIS2_PLACEMENT_3D('',#112,#113,#114);
#112 = CARTESIAN_POINT('',(146.999857,-120.249897,1.595));
#113 = DIRECTION('',(0.,0.,1.));
#114 = DIRECTION('',(-1.,1.224646799147E-16,0.));
#115 = AXIS2_PLACEMENT_3D('',#116,#117,#118);
#116 = CARTESIAN_POINT('',(150.999857,-124.749897,1.595));
#117 = DIRECTION('',(0.,0.,1.));
#118 = DIRECTION('',(-1.,1.224646799147E-16,0.));
#119 = AXIS2_PLACEMENT_3D('',#120,#121,#122);
#120 = CARTESIAN_POINT('',(129.249857,-122.249897,1.595));
#121 = DIRECTION('',(-0.,0.,1.));
#122 = DIRECTION('',(1.110223024625E-16,-1.,0.));
#123 = AXIS2_PLACEMENT_3D('',#124,#125,#126);
#124 = CARTESIAN_POINT('',(166.962357,-124.749897,1.595));
#125 = DIRECTION('',(0.,0.,1.));
#126 = DIRECTION('',(-1.,1.224646799147E-16,0.));
#127 = AXIS2_PLACEMENT_3D('',#128,#129,#130);
#128 = CARTESIAN_POINT('',(146.749857,-80.999897,1.595));
#129 = DIRECTION('',(0.,0.,1.));
#130 = DIRECTION('',(1.,0.,0.));
#131 = AXIS2_PLACEMENT_3D('',#132,#133,#134);
#132 = CARTESIAN_POINT('',(142.749857,-83.287397,1.595));
#133 = DIRECTION('',(0.,0.,1.));
#134 = DIRECTION('',(-1.,1.224646799147E-16,0.));
#135 = AXIS2_PLACEMENT_3D('',#136,#137,#138);
#136 = CARTESIAN_POINT('',(158.712357,-80.999897,1.595));
#137 = DIRECTION('',(0.,0.,1.));
#138 = DIRECTION('',(1.,0.,0.));
#139 = AXIS2_PLACEMENT_3D('',#140,#141,#142);
#140 = CARTESIAN_POINT('',(162.962357,-122.499897,1.595));
#141 = DIRECTION('',(0.,0.,1.));
#142 = DIRECTION('',(1.,0.,0.));
#143 = AXIS2_PLACEMENT_3D('',#144,#145,#146);
#144 = CARTESIAN_POINT('',(142.999857,-124.749897,1.595));
#145 = DIRECTION('',(0.,0.,1.));
#146 = DIRECTION('',(-1.,1.224646799147E-16,0.));
#147 = AXIS2_PLACEMENT_3D('',#148,#149,#150);
#148 = CARTESIAN_POINT('',(146.749857,-83.249897,1.595));
#149 = DIRECTION('',(0.,0.,1.));
#150 = DIRECTION('',(-1.,1.224646799147E-16,0.));
#151 = AXIS2_PLACEMENT_3D('',#152,#153,#154);
#152 = CARTESIAN_POINT('',(150.712357,-83.356147,1.595));
#153 = DIRECTION('',(0.,0.,1.));
#154 = DIRECTION('',(-1.,1.224646799147E-16,0.));
#155 = AXIS2_PLACEMENT_3D('',#156,#157,#158);
#156 = CARTESIAN_POINT('',(154.999857,-122.499897,1.595));
#157 = DIRECTION('',(0.,0.,1.));
#158 = DIRECTION('',(1.,0.,0.));
#159 = AXIS2_PLACEMENT_3D('',#160,#161,#162);
#160 = CARTESIAN_POINT('',(142.749857,-85.537397,1.595));
#161 = DIRECTION('',(0.,0.,1.));
#162 = DIRECTION('',(1.,0.,0.));
#163 = AXIS2_PLACEMENT_3D('',#164,#165,#166);
#164 = CARTESIAN_POINT('',(154.712357,-83.249897,1.595));
#165 = DIRECTION('',(0.,0.,1.));
#166 = DIRECTION('',(-1.,1.224646799147E-16,0.));
#167 = AXIS2_PLACEMENT_3D('',#168,#169,#170);
#168 = CARTESIAN_POINT('',(142.999857,-122.499897,1.595));
#169 = DIRECTION('',(0.,0.,1.));
#170 = DIRECTION('',(1.,0.,0.));
#171 = AXIS2_PLACEMENT_3D('',#172,#173,#174);
#172 = CARTESIAN_POINT('',(146.749857,-85.499897,1.595));
#173 = DIRECTION('',(0.,0.,1.));
#174 = DIRECTION('',(1.,0.,0.));
#175 = AXIS2_PLACEMENT_3D('',#176,#177,#178);
#176 = CARTESIAN_POINT('',(166.962357,-122.499897,1.595));
#177 = DIRECTION('',(0.,0.,1.));
#178 = DIRECTION('',(1.,0.,0.));
#179 = AXIS2_PLACEMENT_3D('',#180,#181,#182);
#180 = CARTESIAN_POINT('',(158.712357,-83.249897,1.595));
#181 = DIRECTION('',(0.,0.,1.));
#182 = DIRECTION('',(-1.,1.224646799147E-16,0.));
#183 = AXIS2_PLACEMENT_3D('',#184,#185,#186);
#184 = CARTESIAN_POINT('',(146.999857,-124.749897,1.595));
#185 = DIRECTION('',(0.,0.,1.));
#186 = DIRECTION('',(-1.,1.224646799147E-16,0.));
#187 = AXIS2_PLACEMENT_3D('',#188,#189,#190);
#188 = CARTESIAN_POINT('',(158.712357,-85.499897,1.595));
#189 = DIRECTION('',(0.,0.,1.));
#190 = DIRECTION('',(1.,0.,0.));
#191 = AXIS2_PLACEMENT_3D('',#192,#193,#194);
#192 = CARTESIAN_POINT('',(166.749857,-85.462397,1.595));
#193 = DIRECTION('',(0.,0.,1.));
#194 = DIRECTION('',(1.,0.,0.));
#195 = AXIS2_PLACEMENT_3D('',#196,#197,#198);
#196 = CARTESIAN_POINT('',(162.962357,-124.749897,1.595));
#197 = DIRECTION('',(0.,0.,1.));
#198 = DIRECTION('',(-1.,1.224646799147E-16,0.));
#199 = AXIS2_PLACEMENT_3D('',#200,#201,#202);
#200 = CARTESIAN_POINT('',(180.739857,-101.319897,1.595));
#201 = DIRECTION('',(0.,-0.,1.));
#202 = DIRECTION('',(1.110223024625E-16,1.,0.));
#203 = AXIS2_PLACEMENT_3D('',#204,#205,#206);
#204 = CARTESIAN_POINT('',(170.999857,-124.749897,1.595));
#205 = DIRECTION('',(0.,0.,1.));
#206 = DIRECTION('',(-1.,1.224646799147E-16,0.));
#207 = AXIS2_PLACEMENT_3D('',#208,#209,#210);
#208 = CARTESIAN_POINT('',(166.962357,-120.249897,1.595));
#209 = DIRECTION('',(0.,0.,1.));
#210 = DIRECTION('',(-1.,1.224646799147E-16,0.));
#211 = AXIS2_PLACEMENT_3D('',#212,#213,#214);
#212 = CARTESIAN_POINT('',(154.712357,-85.499897,1.595));
#213 = DIRECTION('',(0.,0.,1.));
#214 = DIRECTION('',(1.,0.,0.));
#215 = AXIS2_PLACEMENT_3D('',#216,#217,#218);
#216 = CARTESIAN_POINT('',(150.712357,-81.106147,1.595));
#217 = DIRECTION('',(0.,0.,1.));
#218 = DIRECTION('',(1.,0.,0.));
#219 = AXIS2_PLACEMENT_3D('',#220,#221,#222);
#220 = CARTESIAN_POINT('',(162.712357,-85.499897,1.595));
#221 = DIRECTION('',(0.,0.,1.));
#222 = DIRECTION('',(1.,0.,0.));
#223 = AXIS2_PLACEMENT_3D('',#224,#225,#226);
#224 = CARTESIAN_POINT('',(170.712357,-83.249897,1.595));
#225 = DIRECTION('',(0.,0.,1.));
#226 = DIRECTION('',(-1.,1.224646799147E-16,0.));
#227 = AXIS2_PLACEMENT_3D('',#228,#229,#230);
#228 = CARTESIAN_POINT('',(158.999857,-124.749897,1.595));
#229 = DIRECTION('',(0.,0.,1.));
#230 = DIRECTION('',(-1.,1.224646799147E-16,0.));
#231 = AXIS2_PLACEMENT_3D('',#232,#233,#234);
#232 = CARTESIAN_POINT('',(0.,0.,0.));
#233 = DIRECTION('',(0.,0.,1.));
#234 = DIRECTION('',(1.,0.,-0.));
#235 = ( GEOMETRIC_REPRESENTATION_CONTEXT(3) 
GLOBAL_UNCERTAINTY_ASSIGNED_CONTEXT((#239)) GLOBAL_UNIT_ASSIGNED_CONTEXT
((#236,#237,#238)) REPRESENTATION_CONTEXT('Context #1',
  '3D Context with UNIT and UNCERTAINTY') );
#236 = ( LENGTH_UNIT() NAMED_UNIT(*) SI_UNIT(.MILLI.,.METRE.) );
#237 = ( NAMED_UNIT(*) PLANE_ANGLE_UNIT() SI_UNIT($,.RADIAN.) );
#238 = ( NAMED_UNIT(*) SI_UNIT($,.STERADIAN.) SOLID_ANGLE_UNIT() );
#239 = UNCERTAINTY_MEASURE_WITH_UNIT(LENGTH_MEASURE(1.E-07),#236,
  'distance_accuracy_value','confusion accuracy');
#240 = PRODUCT_RELATED_PRODUCT_CATEGORY('part',$,(#7));
#241 = SHAPE_DEFINITION_REPRESENTATION(#242,#248);
#242 = PRODUCT_DEFINITION_SHAPE('','',#243);
#243 = PRODUCT_DEFINITION('design','',#244,#247);
#244 = PRODUCT_DEFINITION_FORMATION('','',#245);
#245 = PRODUCT('PinHeader_1x10_P2.54mm_Vertical',
  'PinHeader_1x10_P2.54mm_Vertical','',(#246));
#246 = PRODUCT_CONTEXT('',#2,'mechanical');
#247 = PRODUCT_DEFINITION_CONTEXT('part definition',#2,'design');
#248 = ADVANCED_BREP_SHAPE_REPRESENTATION('',(#11,#249),#7073);
#249 = MANIFOLD_SOLID_BREP('',#250);
#250 = CLOSED_SHELL('',(#251,#291,#322,#353,#1174,#1995,#2012,#2029,
    #2046,#2063,#2080,#2097,#2114,#2131,#2148,#2165,#2182,#2199,#2216,
    #2233,#2250,#2267,#2284,#2301,#2318,#2335,#2352,#2369,#2386,#2403,
    #2420,#2437,#2454,#2471,#2488,#2505,#2522,#2539,#2556,#2573,#2590,
    #2607,#2624,#2641,#2658,#2675,#2692,#2709,#2726,#2743,#2760,#2777,
    #2794,#2811,#2828,#2845,#2862,#2879,#2896,#2913,#2930,#2947,#2964,
    #2981,#2993,#3024,#3048,#3072,#3089,#3120,#3144,#3168,#3185,#3216,
    #3240,#3264,#3281,#3312,#3336,#3360,#3377,#3408,#3432,#3456,#3473,
    #3504,#3528,#3552,#3569,#3600,#3624,#3648,#3665,#3696,#3720,#3744,
    #3761,#3792,#3816,#3840,#3857,#3888,#3912,#3936,#3953,#3984,#4008,
    #4032,#4049,#4080,#4104,#4128,#4145,#4176,#4200,#4224,#4241,#4272,
    #4296,#4320,#4337,#4368,#4392,#4416,#4433,#4464,#4488,#4512,#4529,
    #4560,#4584,#4608,#4625,#4656,#4680,#4704,#4721,#4752,#4776,#4800,
    #4817,#4848,#4872,#4896,#4913,#4944,#4968,#4992,#5009,#5040,#5064,
    #5088,#5105,#5136,#5160,#5184,#5201,#5232,#5256,#5280,#5297,#5328,
    #5352,#5376,#5393,#5424,#5448,#5472,#5489,#5520,#5544,#5568,#5585,
    #5616,#5640,#5664,#5681,#5712,#5736,#5760,#5777,#5808,#5832,#5856,
    #5873,#5904,#5928,#5952,#5969,#6000,#6024,#6048,#6065,#6096,#6120,
    #6144,#6161,#6192,#6216,#6240,#6257,#6288,#6312,#6336,#6353,#6384,
    #6408,#6432,#6449,#6480,#6504,#6528,#6545,#6576,#6600,#6624,#6641,
    #6672,#6696,#6720,#6737,#6768,#6792,#6816,#6833,#6845,#6857,#6869,
    #6881,#6893,#6905,#6917,#6929,#6941,#6953,#6965,#6977,#6989,#7001,
    #7013,#7025,#7037,#7049,#7061));
#251 = ADVANCED_FACE('',(#252),#286,.F.);
#252 = FACE_BOUND('',#253,.F.);
#253 = EDGE_LOOP('',(#254,#264,#272,#280));
#254 = ORIENTED_EDGE('',*,*,#255,.T.);
#255 = EDGE_CURVE('',#256,#258,#260,.T.);
#256 = VERTEX_POINT('',#257);
#257 = CARTESIAN_POINT('',(-1.016,1.27,0.));
#258 = VERTEX_POINT('',#259);
#259 = CARTESIAN_POINT('',(-1.016,1.27,2.54));
#260 = LINE('',#261,#262);
#261 = CARTESIAN_POINT('',(-1.016,1.27,0.));
#262 = VECTOR('',#263,1.);
#263 = DIRECTION('',(0.,0.,1.));
#264 = ORIENTED_EDGE('',*,*,#265,.T.);
#265 = EDGE_CURVE('',#258,#266,#268,.T.);
#266 = VERTEX_POINT('',#267);
#267 = CARTESIAN_POINT('',(-1.27,1.016,2.54));
#268 = LINE('',#269,#270);
#269 = CARTESIAN_POINT('',(-1.016,1.27,2.54));
#270 = VECTOR('',#271,1.);
#271 = DIRECTION('',(-0.707106781187,-0.707106781187,0.));
#272 = ORIENTED_EDGE('',*,*,#273,.F.);
#273 = EDGE_CURVE('',#274,#266,#276,.T.);
#274 = VERTEX_POINT('',#275);
#275 = CARTESIAN_POINT('',(-1.27,1.016,0.));
#276 = LINE('',#277,#278);
#277 = CARTESIAN_POINT('',(-1.27,1.016,0.));
#278 = VECTOR('',#279,1.);
#279 = DIRECTION('',(0.,0.,1.));
#280 = ORIENTED_EDGE('',*,*,#281,.F.);
#281 = EDGE_CURVE('',#256,#274,#282,.T.);
#282 = LINE('',#283,#284);
#283 = CARTESIAN_POINT('',(-1.016,1.27,0.));
#284 = VECTOR('',#285,1.);
#285 = DIRECTION('',(-0.707106781187,-0.707106781187,0.));
#286 = PLANE('',#287);
#287 = AXIS2_PLACEMENT_3D('',#288,#289,#290);
#288 = CARTESIAN_POINT('',(-1.016,1.27,0.));
#289 = DIRECTION('',(0.707106781187,-0.707106781187,0.));
#290 = DIRECTION('',(-0.707106781187,-0.707106781187,0.));
#291 = ADVANCED_FACE('',(#292),#317,.F.);
#292 = FACE_BOUND('',#293,.F.);
#293 = EDGE_LOOP('',(#294,#304,#310,#311));
#294 = ORIENTED_EDGE('',*,*,#295,.T.);
#295 = EDGE_CURVE('',#296,#298,#300,.T.);
#296 = VERTEX_POINT('',#297);
#297 = CARTESIAN_POINT('',(1.016,1.27,0.));
#298 = VERTEX_POINT('',#299);
#299 = CARTESIAN_POINT('',(1.016,1.27,2.54));
#300 = LINE('',#301,#302);
#301 = CARTESIAN_POINT('',(1.016,1.27,0.));
#302 = VECTOR('',#303,1.);
#303 = DIRECTION('',(0.,0.,1.));
#304 = ORIENTED_EDGE('',*,*,#305,.T.);
#305 = EDGE_CURVE('',#298,#258,#306,.T.);
#306 = LINE('',#307,#308);
#307 = CARTESIAN_POINT('',(1.016,1.27,2.54));
#308 = VECTOR('',#309,1.);
#309 = DIRECTION('',(-1.,0.,0.));
#310 = ORIENTED_EDGE('',*,*,#255,.F.);
#311 = ORIENTED_EDGE('',*,*,#312,.F.);
#312 = EDGE_CURVE('',#296,#256,#313,.T.);
#313 = LINE('',#314,#315);
#314 = CARTESIAN_POINT('',(1.016,1.27,0.));
#315 = VECTOR('',#316,1.);
#316 = DIRECTION('',(-1.,0.,0.));
#317 = PLANE('',#318);
#318 = AXIS2_PLACEMENT_3D('',#319,#320,#321);
#319 = CARTESIAN_POINT('',(1.016,1.27,0.));
#320 = DIRECTION('',(0.,-1.,0.));
#321 = DIRECTION('',(-1.,0.,0.));
#322 = ADVANCED_FACE('',(#323),#348,.F.);
#323 = FACE_BOUND('',#324,.F.);
#324 = EDGE_LOOP('',(#325,#326,#334,#342));
#325 = ORIENTED_EDGE('',*,*,#273,.T.);
#326 = ORIENTED_EDGE('',*,*,#327,.T.);
#327 = EDGE_CURVE('',#266,#328,#330,.T.);
#328 = VERTEX_POINT('',#329);
#329 = CARTESIAN_POINT('',(-1.27,-1.016,2.54));
#330 = LINE('',#331,#332);
#331 = CARTESIAN_POINT('',(-1.27,1.016,2.54));
#332 = VECTOR('',#333,1.);
#333 = DIRECTION('',(0.,-1.,0.));
#334 = ORIENTED_EDGE('',*,*,#335,.F.);
#335 = EDGE_CURVE('',#336,#328,#338,.T.);
#336 = VERTEX_POINT('',#337);
#337 = CARTESIAN_POINT('',(-1.27,-1.016,0.));
#338 = LINE('',#339,#340);
#339 = CARTESIAN_POINT('',(-1.27,-1.016,0.));
#340 = VECTOR('',#341,1.);
#341 = DIRECTION('',(0.,0.,1.));
#342 = ORIENTED_EDGE('',*,*,#343,.F.);
#343 = EDGE_CURVE('',#274,#336,#344,.T.);
#344 = LINE('',#345,#346);
#345 = CARTESIAN_POINT('',(-1.27,1.016,0.));
#346 = VECTOR('',#347,1.);
#347 = DIRECTION('',(0.,-1.,0.));
#348 = PLANE('',#349);
#349 = AXIS2_PLACEMENT_3D('',#350,#351,#352);
#350 = CARTESIAN_POINT('',(-1.27,1.016,0.));
#351 = DIRECTION('',(1.,0.,0.));
#352 = DIRECTION('',(0.,-1.,0.));
#353 = ADVANCED_FACE('',(#354,#829,#863,#897,#931,#965,#999,#1033,#1067,
    #1101,#1135),#1169,.F.);
#354 = FACE_BOUND('',#355,.F.);
#355 = EDGE_LOOP('',(#356,#357,#358,#366,#374,#382,#390,#398,#406,#414,
    #422,#430,#438,#446,#454,#462,#470,#478,#486,#494,#502,#510,#518,
    #526,#534,#542,#550,#558,#566,#574,#582,#590,#598,#606,#614,#622,
    #630,#638,#646,#654,#662,#670,#678,#686,#694,#702,#710,#718,#726,
    #734,#742,#750,#758,#766,#774,#782,#790,#798,#806,#814,#822,#828));
#356 = ORIENTED_EDGE('',*,*,#281,.T.);
#357 = ORIENTED_EDGE('',*,*,#343,.T.);
#358 = ORIENTED_EDGE('',*,*,#359,.T.);
#359 = EDGE_CURVE('',#336,#360,#362,.T.);
#360 = VERTEX_POINT('',#361);
#361 = CARTESIAN_POINT('',(-1.016,-1.27,0.));
#362 = LINE('',#363,#364);
#363 = CARTESIAN_POINT('',(-1.27,-1.016,0.));
#364 = VECTOR('',#365,1.);
#365 = DIRECTION('',(0.707106781187,-0.707106781187,0.));
#366 = ORIENTED_EDGE('',*,*,#367,.T.);
#367 = EDGE_CURVE('',#360,#368,#370,.T.);
#368 = VERTEX_POINT('',#369);
#369 = CARTESIAN_POINT('',(-1.27,-1.524,0.));
#370 = LINE('',#371,#372);
#371 = CARTESIAN_POINT('',(-1.016,-1.27,0.));
#372 = VECTOR('',#373,1.);
#373 = DIRECTION('',(-0.707106781187,-0.707106781187,0.));
#374 = ORIENTED_EDGE('',*,*,#375,.T.);
#375 = EDGE_CURVE('',#368,#376,#378,.T.);
#376 = VERTEX_POINT('',#377);
#377 = CARTESIAN_POINT('',(-1.27,-3.556,0.));
#378 = LINE('',#379,#380);
#379 = CARTESIAN_POINT('',(-1.27,-1.524,0.));
#380 = VECTOR('',#381,1.);
#381 = DIRECTION('',(0.,-1.,0.));
#382 = ORIENTED_EDGE('',*,*,#383,.T.);
#383 = EDGE_CURVE('',#376,#384,#386,.T.);
#384 = VERTEX_POINT('',#385);
#385 = CARTESIAN_POINT('',(-1.016,-3.81,0.));
#386 = LINE('',#387,#388);
#387 = CARTESIAN_POINT('',(-1.27,-3.556,0.));
#388 = VECTOR('',#389,1.);
#389 = DIRECTION('',(0.707106781187,-0.707106781187,0.));
#390 = ORIENTED_EDGE('',*,*,#391,.T.);
#391 = EDGE_CURVE('',#384,#392,#394,.T.);
#392 = VERTEX_POINT('',#393);
#393 = CARTESIAN_POINT('',(-1.27,-4.064,0.));
#394 = LINE('',#395,#396);
#395 = CARTESIAN_POINT('',(-1.016,-3.81,0.));
#396 = VECTOR('',#397,1.);
#397 = DIRECTION('',(-0.707106781187,-0.707106781187,0.));
#398 = ORIENTED_EDGE('',*,*,#399,.T.);
#399 = EDGE_CURVE('',#392,#400,#402,.T.);
#400 = VERTEX_POINT('',#401);
#401 = CARTESIAN_POINT('',(-1.27,-6.096,0.));
#402 = LINE('',#403,#404);
#403 = CARTESIAN_POINT('',(-1.27,-4.064,0.));
#404 = VECTOR('',#405,1.);
#405 = DIRECTION('',(0.,-1.,0.));
#406 = ORIENTED_EDGE('',*,*,#407,.T.);
#407 = EDGE_CURVE('',#400,#408,#410,.T.);
#408 = VERTEX_POINT('',#409);
#409 = CARTESIAN_POINT('',(-1.016,-6.35,0.));
#410 = LINE('',#411,#412);
#411 = CARTESIAN_POINT('',(-1.27,-6.096,0.));
#412 = VECTOR('',#413,1.);
#413 = DIRECTION('',(0.707106781187,-0.707106781187,0.));
#414 = ORIENTED_EDGE('',*,*,#415,.T.);
#415 = EDGE_CURVE('',#408,#416,#418,.T.);
#416 = VERTEX_POINT('',#417);
#417 = CARTESIAN_POINT('',(-1.27,-6.604,0.));
#418 = LINE('',#419,#420);
#419 = CARTESIAN_POINT('',(-1.016,-6.35,0.));
#420 = VECTOR('',#421,1.);
#421 = DIRECTION('',(-0.707106781187,-0.707106781187,0.));
#422 = ORIENTED_EDGE('',*,*,#423,.T.);
#423 = EDGE_CURVE('',#416,#424,#426,.T.);
#424 = VERTEX_POINT('',#425);
#425 = CARTESIAN_POINT('',(-1.27,-8.636,0.));
#426 = LINE('',#427,#428);
#427 = CARTESIAN_POINT('',(-1.27,-6.604,0.));
#428 = VECTOR('',#429,1.);
#429 = DIRECTION('',(0.,-1.,0.));
#430 = ORIENTED_EDGE('',*,*,#431,.T.);
#431 = EDGE_CURVE('',#424,#432,#434,.T.);
#432 = VERTEX_POINT('',#433);
#433 = CARTESIAN_POINT('',(-1.016,-8.89,0.));
#434 = LINE('',#435,#436);
#435 = CARTESIAN_POINT('',(-1.27,-8.636,0.));
#436 = VECTOR('',#437,1.);
#437 = DIRECTION('',(0.707106781187,-0.707106781187,0.));
#438 = ORIENTED_EDGE('',*,*,#439,.T.);
#439 = EDGE_CURVE('',#432,#440,#442,.T.);
#440 = VERTEX_POINT('',#441);
#441 = CARTESIAN_POINT('',(-1.27,-9.144,0.));
#442 = LINE('',#443,#444);
#443 = CARTESIAN_POINT('',(-1.016,-8.89,0.));
#444 = VECTOR('',#445,1.);
#445 = DIRECTION('',(-0.707106781187,-0.707106781187,0.));
#446 = ORIENTED_EDGE('',*,*,#447,.T.);
#447 = EDGE_CURVE('',#440,#448,#450,.T.);
#448 = VERTEX_POINT('',#449);
#449 = CARTESIAN_POINT('',(-1.27,-11.176,0.));
#450 = LINE('',#451,#452);
#451 = CARTESIAN_POINT('',(-1.27,-9.144,0.));
#452 = VECTOR('',#453,1.);
#453 = DIRECTION('',(0.,-1.,0.));
#454 = ORIENTED_EDGE('',*,*,#455,.T.);
#455 = EDGE_CURVE('',#448,#456,#458,.T.);
#456 = VERTEX_POINT('',#457);
#457 = CARTESIAN_POINT('',(-1.016,-11.43,0.));
#458 = LINE('',#459,#460);
#459 = CARTESIAN_POINT('',(-1.27,-11.176,0.));
#460 = VECTOR('',#461,1.);
#461 = DIRECTION('',(0.707106781187,-0.707106781187,0.));
#462 = ORIENTED_EDGE('',*,*,#463,.T.);
#463 = EDGE_CURVE('',#456,#464,#466,.T.);
#464 = VERTEX_POINT('',#465);
#465 = CARTESIAN_POINT('',(-1.27,-11.684,0.));
#466 = LINE('',#467,#468);
#467 = CARTESIAN_POINT('',(-1.016,-11.43,0.));
#468 = VECTOR('',#469,1.);
#469 = DIRECTION('',(-0.707106781187,-0.707106781187,0.));
#470 = ORIENTED_EDGE('',*,*,#471,.T.);
#471 = EDGE_CURVE('',#464,#472,#474,.T.);
#472 = VERTEX_POINT('',#473);
#473 = CARTESIAN_POINT('',(-1.27,-13.716,0.));
#474 = LINE('',#475,#476);
#475 = CARTESIAN_POINT('',(-1.27,-11.684,0.));
#476 = VECTOR('',#477,1.);
#477 = DIRECTION('',(0.,-1.,0.));
#478 = ORIENTED_EDGE('',*,*,#479,.T.);
#479 = EDGE_CURVE('',#472,#480,#482,.T.);
#480 = VERTEX_POINT('',#481);
#481 = CARTESIAN_POINT('',(-1.016,-13.97,0.));
#482 = LINE('',#483,#484);
#483 = CARTESIAN_POINT('',(-1.27,-13.716,0.));
#484 = VECTOR('',#485,1.);
#485 = DIRECTION('',(0.707106781187,-0.707106781187,0.));
#486 = ORIENTED_EDGE('',*,*,#487,.T.);
#487 = EDGE_CURVE('',#480,#488,#490,.T.);
#488 = VERTEX_POINT('',#489);
#489 = CARTESIAN_POINT('',(-1.27,-14.224,0.));
#490 = LINE('',#491,#492);
#491 = CARTESIAN_POINT('',(-1.016,-13.97,0.));
#492 = VECTOR('',#493,1.);
#493 = DIRECTION('',(-0.707106781187,-0.707106781187,0.));
#494 = ORIENTED_EDGE('',*,*,#495,.T.);
#495 = EDGE_CURVE('',#488,#496,#498,.T.);
#496 = VERTEX_POINT('',#497);
#497 = CARTESIAN_POINT('',(-1.27,-16.256,0.));
#498 = LINE('',#499,#500);
#499 = CARTESIAN_POINT('',(-1.27,-14.224,0.));
#500 = VECTOR('',#501,1.);
#501 = DIRECTION('',(0.,-1.,0.));
#502 = ORIENTED_EDGE('',*,*,#503,.T.);
#503 = EDGE_CURVE('',#496,#504,#506,.T.);
#504 = VERTEX_POINT('',#505);
#505 = CARTESIAN_POINT('',(-1.016,-16.51,0.));
#506 = LINE('',#507,#508);
#507 = CARTESIAN_POINT('',(-1.27,-16.256,0.));
#508 = VECTOR('',#509,1.);
#509 = DIRECTION('',(0.707106781187,-0.707106781187,0.));
#510 = ORIENTED_EDGE('',*,*,#511,.T.);
#511 = EDGE_CURVE('',#504,#512,#514,.T.);
#512 = VERTEX_POINT('',#513);
#513 = CARTESIAN_POINT('',(-1.27,-16.764,0.));
#514 = LINE('',#515,#516);
#515 = CARTESIAN_POINT('',(-1.016,-16.51,0.));
#516 = VECTOR('',#517,1.);
#517 = DIRECTION('',(-0.707106781187,-0.707106781187,0.));
#518 = ORIENTED_EDGE('',*,*,#519,.T.);
#519 = EDGE_CURVE('',#512,#520,#522,.T.);
#520 = VERTEX_POINT('',#521);
#521 = CARTESIAN_POINT('',(-1.27,-18.796,0.));
#522 = LINE('',#523,#524);
#523 = CARTESIAN_POINT('',(-1.27,-16.764,0.));
#524 = VECTOR('',#525,1.);
#525 = DIRECTION('',(0.,-1.,0.));
#526 = ORIENTED_EDGE('',*,*,#527,.T.);
#527 = EDGE_CURVE('',#520,#528,#530,.T.);
#528 = VERTEX_POINT('',#529);
#529 = CARTESIAN_POINT('',(-1.016,-19.05,0.));
#530 = LINE('',#531,#532);
#531 = CARTESIAN_POINT('',(-1.27,-18.796,0.));
#532 = VECTOR('',#533,1.);
#533 = DIRECTION('',(0.707106781187,-0.707106781187,0.));
#534 = ORIENTED_EDGE('',*,*,#535,.T.);
#535 = EDGE_CURVE('',#528,#536,#538,.T.);
#536 = VERTEX_POINT('',#537);
#537 = CARTESIAN_POINT('',(-1.27,-19.304,0.));
#538 = LINE('',#539,#540);
#539 = CARTESIAN_POINT('',(-1.016,-19.05,0.));
#540 = VECTOR('',#541,1.);
#541 = DIRECTION('',(-0.707106781187,-0.707106781187,0.));
#542 = ORIENTED_EDGE('',*,*,#543,.T.);
#543 = EDGE_CURVE('',#536,#544,#546,.T.);
#544 = VERTEX_POINT('',#545);
#545 = CARTESIAN_POINT('',(-1.27,-21.336,0.));
#546 = LINE('',#547,#548);
#547 = CARTESIAN_POINT('',(-1.27,-19.304,0.));
#548 = VECTOR('',#549,1.);
#549 = DIRECTION('',(0.,-1.,0.));
#550 = ORIENTED_EDGE('',*,*,#551,.T.);
#551 = EDGE_CURVE('',#544,#552,#554,.T.);
#552 = VERTEX_POINT('',#553);
#553 = CARTESIAN_POINT('',(-1.016,-21.59,0.));
#554 = LINE('',#555,#556);
#555 = CARTESIAN_POINT('',(-1.27,-21.336,0.));
#556 = VECTOR('',#557,1.);
#557 = DIRECTION('',(0.707106781187,-0.707106781187,0.));
#558 = ORIENTED_EDGE('',*,*,#559,.T.);
#559 = EDGE_CURVE('',#552,#560,#562,.T.);
#560 = VERTEX_POINT('',#561);
#561 = CARTESIAN_POINT('',(-1.27,-21.844,0.));
#562 = LINE('',#563,#564);
#563 = CARTESIAN_POINT('',(-1.016,-21.59,0.));
#564 = VECTOR('',#565,1.);
#565 = DIRECTION('',(-0.707106781187,-0.707106781187,0.));
#566 = ORIENTED_EDGE('',*,*,#567,.T.);
#567 = EDGE_CURVE('',#560,#568,#570,.T.);
#568 = VERTEX_POINT('',#569);
#569 = CARTESIAN_POINT('',(-1.27,-23.876,0.));
#570 = LINE('',#571,#572);
#571 = CARTESIAN_POINT('',(-1.27,-21.844,0.));
#572 = VECTOR('',#573,1.);
#573 = DIRECTION('',(0.,-1.,0.));
#574 = ORIENTED_EDGE('',*,*,#575,.T.);
#575 = EDGE_CURVE('',#568,#576,#578,.T.);
#576 = VERTEX_POINT('',#577);
#577 = CARTESIAN_POINT('',(-1.016,-24.13,0.));
#578 = LINE('',#579,#580);
#579 = CARTESIAN_POINT('',(-1.27,-23.876,0.));
#580 = VECTOR('',#581,1.);
#581 = DIRECTION('',(0.707106781187,-0.707106781187,0.));
#582 = ORIENTED_EDGE('',*,*,#583,.T.);
#583 = EDGE_CURVE('',#576,#584,#586,.T.);
#584 = VERTEX_POINT('',#585);
#585 = CARTESIAN_POINT('',(1.016,-24.13,0.));
#586 = LINE('',#587,#588);
#587 = CARTESIAN_POINT('',(-1.016,-24.13,0.));
#588 = VECTOR('',#589,1.);
#589 = DIRECTION('',(1.,0.,0.));
#590 = ORIENTED_EDGE('',*,*,#591,.T.);
#591 = EDGE_CURVE('',#584,#592,#594,.T.);
#592 = VERTEX_POINT('',#593);
#593 = CARTESIAN_POINT('',(1.27,-23.876,0.));
#594 = LINE('',#595,#596);
#595 = CARTESIAN_POINT('',(1.016,-24.13,0.));
#596 = VECTOR('',#597,1.);
#597 = DIRECTION('',(0.707106781187,0.707106781187,0.));
#598 = ORIENTED_EDGE('',*,*,#599,.T.);
#599 = EDGE_CURVE('',#592,#600,#602,.T.);
#600 = VERTEX_POINT('',#601);
#601 = CARTESIAN_POINT('',(1.27,-21.844,0.));
#602 = LINE('',#603,#604);
#603 = CARTESIAN_POINT('',(1.27,-23.876,0.));
#604 = VECTOR('',#605,1.);
#605 = DIRECTION('',(0.,1.,0.));
#606 = ORIENTED_EDGE('',*,*,#607,.T.);
#607 = EDGE_CURVE('',#600,#608,#610,.T.);
#608 = VERTEX_POINT('',#609);
#609 = CARTESIAN_POINT('',(1.016,-21.59,0.));
#610 = LINE('',#611,#612);
#611 = CARTESIAN_POINT('',(1.27,-21.844,0.));
#612 = VECTOR('',#613,1.);
#613 = DIRECTION('',(-0.707106781187,0.707106781187,0.));
#614 = ORIENTED_EDGE('',*,*,#615,.T.);
#615 = EDGE_CURVE('',#608,#616,#618,.T.);
#616 = VERTEX_POINT('',#617);
#617 = CARTESIAN_POINT('',(1.27,-21.336,0.));
#618 = LINE('',#619,#620);
#619 = CARTESIAN_POINT('',(1.016,-21.59,0.));
#620 = VECTOR('',#621,1.);
#621 = DIRECTION('',(0.707106781187,0.707106781187,0.));
#622 = ORIENTED_EDGE('',*,*,#623,.T.);
#623 = EDGE_CURVE('',#616,#624,#626,.T.);
#624 = VERTEX_POINT('',#625);
#625 = CARTESIAN_POINT('',(1.27,-19.304,0.));
#626 = LINE('',#627,#628);
#627 = CARTESIAN_POINT('',(1.27,-21.336,0.));
#628 = VECTOR('',#629,1.);
#629 = DIRECTION('',(0.,1.,0.));
#630 = ORIENTED_EDGE('',*,*,#631,.T.);
#631 = EDGE_CURVE('',#624,#632,#634,.T.);
#632 = VERTEX_POINT('',#633);
#633 = CARTESIAN_POINT('',(1.016,-19.05,0.));
#634 = LINE('',#635,#636);
#635 = CARTESIAN_POINT('',(1.27,-19.304,0.));
#636 = VECTOR('',#637,1.);
#637 = DIRECTION('',(-0.707106781187,0.707106781187,0.));
#638 = ORIENTED_EDGE('',*,*,#639,.T.);
#639 = EDGE_CURVE('',#632,#640,#642,.T.);
#640 = VERTEX_POINT('',#641);
#641 = CARTESIAN_POINT('',(1.27,-18.796,0.));
#642 = LINE('',#643,#644);
#643 = CARTESIAN_POINT('',(1.016,-19.05,0.));
#644 = VECTOR('',#645,1.);
#645 = DIRECTION('',(0.707106781187,0.707106781187,0.));
#646 = ORIENTED_EDGE('',*,*,#647,.T.);
#647 = EDGE_CURVE('',#640,#648,#650,.T.);
#648 = VERTEX_POINT('',#649);
#649 = CARTESIAN_POINT('',(1.27,-16.764,0.));
#650 = LINE('',#651,#652);
#651 = CARTESIAN_POINT('',(1.27,-18.796,0.));
#652 = VECTOR('',#653,1.);
#653 = DIRECTION('',(0.,1.,0.));
#654 = ORIENTED_EDGE('',*,*,#655,.T.);
#655 = EDGE_CURVE('',#648,#656,#658,.T.);
#656 = VERTEX_POINT('',#657);
#657 = CARTESIAN_POINT('',(1.016,-16.51,0.));
#658 = LINE('',#659,#660);
#659 = CARTESIAN_POINT('',(1.27,-16.764,0.));
#660 = VECTOR('',#661,1.);
#661 = DIRECTION('',(-0.707106781187,0.707106781187,0.));
#662 = ORIENTED_EDGE('',*,*,#663,.T.);
#663 = EDGE_CURVE('',#656,#664,#666,.T.);
#664 = VERTEX_POINT('',#665);
#665 = CARTESIAN_POINT('',(1.27,-16.256,0.));
#666 = LINE('',#667,#668);
#667 = CARTESIAN_POINT('',(1.016,-16.51,0.));
#668 = VECTOR('',#669,1.);
#669 = DIRECTION('',(0.707106781187,0.707106781187,0.));
#670 = ORIENTED_EDGE('',*,*,#671,.T.);
#671 = EDGE_CURVE('',#664,#672,#674,.T.);
#672 = VERTEX_POINT('',#673);
#673 = CARTESIAN_POINT('',(1.27,-14.224,0.));
#674 = LINE('',#675,#676);
#675 = CARTESIAN_POINT('',(1.27,-16.256,0.));
#676 = VECTOR('',#677,1.);
#677 = DIRECTION('',(0.,1.,0.));
#678 = ORIENTED_EDGE('',*,*,#679,.T.);
#679 = EDGE_CURVE('',#672,#680,#682,.T.);
#680 = VERTEX_POINT('',#681);
#681 = CARTESIAN_POINT('',(1.016,-13.97,0.));
#682 = LINE('',#683,#684);
#683 = CARTESIAN_POINT('',(1.27,-14.224,0.));
#684 = VECTOR('',#685,1.);
#685 = DIRECTION('',(-0.707106781187,0.707106781187,0.));
#686 = ORIENTED_EDGE('',*,*,#687,.T.);
#687 = EDGE_CURVE('',#680,#688,#690,.T.);
#688 = VERTEX_POINT('',#689);
#689 = CARTESIAN_POINT('',(1.27,-13.716,0.));
#690 = LINE('',#691,#692);
#691 = CARTESIAN_POINT('',(1.016,-13.97,0.));
#692 = VECTOR('',#693,1.);
#693 = DIRECTION('',(0.707106781187,0.707106781187,0.));
#694 = ORIENTED_EDGE('',*,*,#695,.T.);
#695 = EDGE_CURVE('',#688,#696,#698,.T.);
#696 = VERTEX_POINT('',#697);
#697 = CARTESIAN_POINT('',(1.27,-11.684,0.));
#698 = LINE('',#699,#700);
#699 = CARTESIAN_POINT('',(1.27,-13.716,0.));
#700 = VECTOR('',#701,1.);
#701 = DIRECTION('',(0.,1.,0.));
#702 = ORIENTED_EDGE('',*,*,#703,.T.);
#703 = EDGE_CURVE('',#696,#704,#706,.T.);
#704 = VERTEX_POINT('',#705);
#705 = CARTESIAN_POINT('',(1.016,-11.43,0.));
#706 = LINE('',#707,#708);
#707 = CARTESIAN_POINT('',(1.27,-11.684,0.));
#708 = VECTOR('',#709,1.);
#709 = DIRECTION('',(-0.707106781187,0.707106781187,0.));
#710 = ORIENTED_EDGE('',*,*,#711,.T.);
#711 = EDGE_CURVE('',#704,#712,#714,.T.);
#712 = VERTEX_POINT('',#713);
#713 = CARTESIAN_POINT('',(1.27,-11.176,0.));
#714 = LINE('',#715,#716);
#715 = CARTESIAN_POINT('',(1.016,-11.43,0.));
#716 = VECTOR('',#717,1.);
#717 = DIRECTION('',(0.707106781187,0.707106781187,0.));
#718 = ORIENTED_EDGE('',*,*,#719,.T.);
#719 = EDGE_CURVE('',#712,#720,#722,.T.);
#720 = VERTEX_POINT('',#721);
#721 = CARTESIAN_POINT('',(1.27,-9.144,0.));
#722 = LINE('',#723,#724);
#723 = CARTESIAN_POINT('',(1.27,-11.176,0.));
#724 = VECTOR('',#725,1.);
#725 = DIRECTION('',(0.,1.,0.));
#726 = ORIENTED_EDGE('',*,*,#727,.T.);
#727 = EDGE_CURVE('',#720,#728,#730,.T.);
#728 = VERTEX_POINT('',#729);
#729 = CARTESIAN_POINT('',(1.016,-8.89,0.));
#730 = LINE('',#731,#732);
#731 = CARTESIAN_POINT('',(1.27,-9.144,0.));
#732 = VECTOR('',#733,1.);
#733 = DIRECTION('',(-0.707106781187,0.707106781187,0.));
#734 = ORIENTED_EDGE('',*,*,#735,.T.);
#735 = EDGE_CURVE('',#728,#736,#738,.T.);
#736 = VERTEX_POINT('',#737);
#737 = CARTESIAN_POINT('',(1.27,-8.636,0.));
#738 = LINE('',#739,#740);
#739 = CARTESIAN_POINT('',(1.016,-8.89,0.));
#740 = VECTOR('',#741,1.);
#741 = DIRECTION('',(0.707106781187,0.707106781187,0.));
#742 = ORIENTED_EDGE('',*,*,#743,.T.);
#743 = EDGE_CURVE('',#736,#744,#746,.T.);
#744 = VERTEX_POINT('',#745);
#745 = CARTESIAN_POINT('',(1.27,-6.604,0.));
#746 = LINE('',#747,#748);
#747 = CARTESIAN_POINT('',(1.27,-8.636,0.));
#748 = VECTOR('',#749,1.);
#749 = DIRECTION('',(0.,1.,0.));
#750 = ORIENTED_EDGE('',*,*,#751,.T.);
#751 = EDGE_CURVE('',#744,#752,#754,.T.);
#752 = VERTEX_POINT('',#753);
#753 = CARTESIAN_POINT('',(1.016,-6.35,0.));
#754 = LINE('',#755,#756);
#755 = CARTESIAN_POINT('',(1.27,-6.604,0.));
#756 = VECTOR('',#757,1.);
#757 = DIRECTION('',(-0.707106781187,0.707106781187,0.));
#758 = ORIENTED_EDGE('',*,*,#759,.T.);
#759 = EDGE_CURVE('',#752,#760,#762,.T.);
#760 = VERTEX_POINT('',#761);
#761 = CARTESIAN_POINT('',(1.27,-6.096,0.));
#762 = LINE('',#763,#764);
#763 = CARTESIAN_POINT('',(1.016,-6.35,0.));
#764 = VECTOR('',#765,1.);
#765 = DIRECTION('',(0.707106781187,0.707106781187,0.));
#766 = ORIENTED_EDGE('',*,*,#767,.T.);
#767 = EDGE_CURVE('',#760,#768,#770,.T.);
#768 = VERTEX_POINT('',#769);
#769 = CARTESIAN_POINT('',(1.27,-4.064,0.));
#770 = LINE('',#771,#772);
#771 = CARTESIAN_POINT('',(1.27,-6.096,0.));
#772 = VECTOR('',#773,1.);
#773 = DIRECTION('',(0.,1.,0.));
#774 = ORIENTED_EDGE('',*,*,#775,.T.);
#775 = EDGE_CURVE('',#768,#776,#778,.T.);
#776 = VERTEX_POINT('',#777);
#777 = CARTESIAN_POINT('',(1.016,-3.81,0.));
#778 = LINE('',#779,#780);
#779 = CARTESIAN_POINT('',(1.27,-4.064,0.));
#780 = VECTOR('',#781,1.);
#781 = DIRECTION('',(-0.707106781187,0.707106781187,0.));
#782 = ORIENTED_EDGE('',*,*,#783,.T.);
#783 = EDGE_CURVE('',#776,#784,#786,.T.);
#784 = VERTEX_POINT('',#785);
#785 = CARTESIAN_POINT('',(1.27,-3.556,0.));
#786 = LINE('',#787,#788);
#787 = CARTESIAN_POINT('',(1.016,-3.81,0.));
#788 = VECTOR('',#789,1.);
#789 = DIRECTION('',(0.707106781187,0.707106781187,0.));
#790 = ORIENTED_EDGE('',*,*,#791,.T.);
#791 = EDGE_CURVE('',#784,#792,#794,.T.);
#792 = VERTEX_POINT('',#793);
#793 = CARTESIAN_POINT('',(1.27,-1.524,0.));
#794 = LINE('',#795,#796);
#795 = CARTESIAN_POINT('',(1.27,-3.556,0.));
#796 = VECTOR('',#797,1.);
#797 = DIRECTION('',(0.,1.,0.));
#798 = ORIENTED_EDGE('',*,*,#799,.T.);
#799 = EDGE_CURVE('',#792,#800,#802,.T.);
#800 = VERTEX_POINT('',#801);
#801 = CARTESIAN_POINT('',(1.016,-1.27,0.));
#802 = LINE('',#803,#804);
#803 = CARTESIAN_POINT('',(1.27,-1.524,0.));
#804 = VECTOR('',#805,1.);
#805 = DIRECTION('',(-0.707106781187,0.707106781187,0.));
#806 = ORIENTED_EDGE('',*,*,#807,.T.);
#807 = EDGE_CURVE('',#800,#808,#810,.T.);
#808 = VERTEX_POINT('',#809);
#809 = CARTESIAN_POINT('',(1.27,-1.016,0.));
#810 = LINE('',#811,#812);
#811 = CARTESIAN_POINT('',(1.016,-1.27,0.));
#812 = VECTOR('',#813,1.);
#813 = DIRECTION('',(0.707106781187,0.707106781187,0.));
#814 = ORIENTED_EDGE('',*,*,#815,.T.);
#815 = EDGE_CURVE('',#808,#816,#818,.T.);
#816 = VERTEX_POINT('',#817);
#817 = CARTESIAN_POINT('',(1.27,1.016,0.));
#818 = LINE('',#819,#820);
#819 = CARTESIAN_POINT('',(1.27,-1.016,0.));
#820 = VECTOR('',#821,1.);
#821 = DIRECTION('',(0.,1.,0.));
#822 = ORIENTED_EDGE('',*,*,#823,.T.);
#823 = EDGE_CURVE('',#816,#296,#824,.T.);
#824 = LINE('',#825,#826);
#825 = CARTESIAN_POINT('',(1.27,1.016,0.));
#826 = VECTOR('',#827,1.);
#827 = DIRECTION('',(-0.707106781187,0.707106781187,0.));
#828 = ORIENTED_EDGE('',*,*,#312,.T.);
#829 = FACE_BOUND('',#830,.F.);
#830 = EDGE_LOOP('',(#831,#841,#849,#857));
#831 = ORIENTED_EDGE('',*,*,#832,.F.);
#832 = EDGE_CURVE('',#833,#835,#837,.T.);
#833 = VERTEX_POINT('',#834);
#834 = CARTESIAN_POINT('',(0.32,-13.02,0.));
#835 = VERTEX_POINT('',#836);
#836 = CARTESIAN_POINT('',(0.32,-12.38,0.));
#837 = LINE('',#838,#839);
#838 = CARTESIAN_POINT('',(0.32,-12.225,0.));
#839 = VECTOR('',#840,1.);
#840 = DIRECTION('',(0.,1.,0.));
#841 = ORIENTED_EDGE('',*,*,#842,.T.);
#842 = EDGE_CURVE('',#833,#843,#845,.T.);
#843 = VERTEX_POINT('',#844);
#844 = CARTESIAN_POINT('',(-0.32,-13.02,0.));
#845 = LINE('',#846,#847);
#846 = CARTESIAN_POINT('',(-0.16,-13.02,0.));
#847 = VECTOR('',#848,1.);
#848 = DIRECTION('',(-1.,0.,0.));
#849 = ORIENTED_EDGE('',*,*,#850,.T.);
#850 = EDGE_CURVE('',#843,#851,#853,.T.);
#851 = VERTEX_POINT('',#852);
#852 = CARTESIAN_POINT('',(-0.32,-12.38,0.));
#853 = LINE('',#854,#855);
#854 = CARTESIAN_POINT('',(-0.32,-12.225,0.));
#855 = VECTOR('',#856,1.);
#856 = DIRECTION('',(0.,1.,0.));
#857 = ORIENTED_EDGE('',*,*,#858,.F.);
#858 = EDGE_CURVE('',#835,#851,#859,.T.);
#859 = LINE('',#860,#861);
#860 = CARTESIAN_POINT('',(-0.16,-12.38,0.));
#861 = VECTOR('',#862,1.);
#862 = DIRECTION('',(-1.,0.,0.));
#863 = FACE_BOUND('',#864,.F.);
#864 = EDGE_LOOP('',(#865,#875,#883,#891));
#865 = ORIENTED_EDGE('',*,*,#866,.F.);
#866 = EDGE_CURVE('',#867,#869,#871,.T.);
#867 = VERTEX_POINT('',#868);
#868 = CARTESIAN_POINT('',(0.32,-10.48,0.));
#869 = VERTEX_POINT('',#870);
#870 = CARTESIAN_POINT('',(0.32,-9.84,0.));
#871 = LINE('',#872,#873);
#872 = CARTESIAN_POINT('',(0.32,-10.955,0.));
#873 = VECTOR('',#874,1.);
#874 = DIRECTION('',(0.,1.,0.));
#875 = ORIENTED_EDGE('',*,*,#876,.T.);
#876 = EDGE_CURVE('',#867,#877,#879,.T.);
#877 = VERTEX_POINT('',#878);
#878 = CARTESIAN_POINT('',(-0.32,-10.48,0.));
#879 = LINE('',#880,#881);
#880 = CARTESIAN_POINT('',(-0.16,-10.48,0.));
#881 = VECTOR('',#882,1.);
#882 = DIRECTION('',(-1.,0.,0.));
#883 = ORIENTED_EDGE('',*,*,#884,.T.);
#884 = EDGE_CURVE('',#877,#885,#887,.T.);
#885 = VERTEX_POINT('',#886);
#886 = CARTESIAN_POINT('',(-0.32,-9.84,0.));
#887 = LINE('',#888,#889);
#888 = CARTESIAN_POINT('',(-0.32,-10.955,0.));
#889 = VECTOR('',#890,1.);
#890 = DIRECTION('',(0.,1.,0.));
#891 = ORIENTED_EDGE('',*,*,#892,.F.);
#892 = EDGE_CURVE('',#869,#885,#893,.T.);
#893 = LINE('',#894,#895);
#894 = CARTESIAN_POINT('',(-0.16,-9.84,0.));
#895 = VECTOR('',#896,1.);
#896 = DIRECTION('',(-1.,0.,0.));
#897 = FACE_BOUND('',#898,.F.);
#898 = EDGE_LOOP('',(#899,#909,#917,#925));
#899 = ORIENTED_EDGE('',*,*,#900,.F.);
#900 = EDGE_CURVE('',#901,#903,#905,.T.);
#901 = VERTEX_POINT('',#902);
#902 = CARTESIAN_POINT('',(0.32,-7.94,0.));
#903 = VERTEX_POINT('',#904);
#904 = CARTESIAN_POINT('',(0.32,-7.3,0.));
#905 = LINE('',#906,#907);
#906 = CARTESIAN_POINT('',(0.32,-9.685,0.));
#907 = VECTOR('',#908,1.);
#908 = DIRECTION('',(0.,1.,0.));
#909 = ORIENTED_EDGE('',*,*,#910,.T.);
#910 = EDGE_CURVE('',#901,#911,#913,.T.);
#911 = VERTEX_POINT('',#912);
#912 = CARTESIAN_POINT('',(-0.32,-7.94,0.));
#913 = LINE('',#914,#915);
#914 = CARTESIAN_POINT('',(-0.16,-7.94,0.));
#915 = VECTOR('',#916,1.);
#916 = DIRECTION('',(-1.,0.,0.));
#917 = ORIENTED_EDGE('',*,*,#918,.T.);
#918 = EDGE_CURVE('',#911,#919,#921,.T.);
#919 = VERTEX_POINT('',#920);
#920 = CARTESIAN_POINT('',(-0.32,-7.3,0.));
#921 = LINE('',#922,#923);
#922 = CARTESIAN_POINT('',(-0.32,-9.685,0.));
#923 = VECTOR('',#924,1.);
#924 = DIRECTION('',(0.,1.,0.));
#925 = ORIENTED_EDGE('',*,*,#926,.F.);
#926 = EDGE_CURVE('',#903,#919,#927,.T.);
#927 = LINE('',#928,#929);
#928 = CARTESIAN_POINT('',(-0.16,-7.3,0.));
#929 = VECTOR('',#930,1.);
#930 = DIRECTION('',(-1.,0.,0.));
#931 = FACE_BOUND('',#932,.F.);
#932 = EDGE_LOOP('',(#933,#943,#951,#959));
#933 = ORIENTED_EDGE('',*,*,#934,.T.);
#934 = EDGE_CURVE('',#935,#937,#939,.T.);
#935 = VERTEX_POINT('',#936);
#936 = CARTESIAN_POINT('',(0.32,-18.1,0.));
#937 = VERTEX_POINT('',#938);
#938 = CARTESIAN_POINT('',(-0.32,-18.1,0.));
#939 = LINE('',#940,#941);
#940 = CARTESIAN_POINT('',(-0.16,-18.1,0.));
#941 = VECTOR('',#942,1.);
#942 = DIRECTION('',(-1.,0.,0.));
#943 = ORIENTED_EDGE('',*,*,#944,.T.);
#944 = EDGE_CURVE('',#937,#945,#947,.T.);
#945 = VERTEX_POINT('',#946);
#946 = CARTESIAN_POINT('',(-0.32,-17.46,0.));
#947 = LINE('',#948,#949);
#948 = CARTESIAN_POINT('',(-0.32,-14.765,0.));
#949 = VECTOR('',#950,1.);
#950 = DIRECTION('',(0.,1.,0.));
#951 = ORIENTED_EDGE('',*,*,#952,.F.);
#952 = EDGE_CURVE('',#953,#945,#955,.T.);
#953 = VERTEX_POINT('',#954);
#954 = CARTESIAN_POINT('',(0.32,-17.46,0.));
#955 = LINE('',#956,#957);
#956 = CARTESIAN_POINT('',(-0.16,-17.46,0.));
#957 = VECTOR('',#958,1.);
#958 = DIRECTION('',(-1.,0.,0.));
#959 = ORIENTED_EDGE('',*,*,#960,.F.);
#960 = EDGE_CURVE('',#935,#953,#961,.T.);
#961 = LINE('',#962,#963);
#962 = CARTESIAN_POINT('',(0.32,-14.765,0.));
#963 = VECTOR('',#964,1.);
#964 = DIRECTION('',(0.,1.,0.));
#965 = FACE_BOUND('',#966,.F.);
#966 = EDGE_LOOP('',(#967,#977,#985,#993));
#967 = ORIENTED_EDGE('',*,*,#968,.F.);
#968 = EDGE_CURVE('',#969,#971,#973,.T.);
#969 = VERTEX_POINT('',#970);
#970 = CARTESIAN_POINT('',(0.32,-15.56,0.));
#971 = VERTEX_POINT('',#972);
#972 = CARTESIAN_POINT('',(0.32,-14.92,0.));
#973 = LINE('',#974,#975);
#974 = CARTESIAN_POINT('',(0.32,-13.495,0.));
#975 = VECTOR('',#976,1.);
#976 = DIRECTION('',(0.,1.,0.));
#977 = ORIENTED_EDGE('',*,*,#978,.T.);
#978 = EDGE_CURVE('',#969,#979,#981,.T.);
#979 = VERTEX_POINT('',#980);
#980 = CARTESIAN_POINT('',(-0.32,-15.56,0.));
#981 = LINE('',#982,#983);
#982 = CARTESIAN_POINT('',(-0.16,-15.56,0.));
#983 = VECTOR('',#984,1.);
#984 = DIRECTION('',(-1.,0.,0.));
#985 = ORIENTED_EDGE('',*,*,#986,.T.);
#986 = EDGE_CURVE('',#979,#987,#989,.T.);
#987 = VERTEX_POINT('',#988);
#988 = CARTESIAN_POINT('',(-0.32,-14.92,0.));
#989 = LINE('',#990,#991);
#990 = CARTESIAN_POINT('',(-0.32,-13.495,0.));
#991 = VECTOR('',#992,1.);
#992 = DIRECTION('',(0.,1.,0.));
#993 = ORIENTED_EDGE('',*,*,#994,.F.);
#994 = EDGE_CURVE('',#971,#987,#995,.T.);
#995 = LINE('',#996,#997);
#996 = CARTESIAN_POINT('',(-0.16,-14.92,0.));
#997 = VECTOR('',#998,1.);
#998 = DIRECTION('',(-1.,0.,0.));
#999 = FACE_BOUND('',#1000,.F.);
#1000 = EDGE_LOOP('',(#1001,#1011,#1019,#1027));
#1001 = ORIENTED_EDGE('',*,*,#1002,.F.);
#1002 = EDGE_CURVE('',#1003,#1005,#1007,.T.);
#1003 = VERTEX_POINT('',#1004);
#1004 = CARTESIAN_POINT('',(0.32,-23.18,0.));
#1005 = VERTEX_POINT('',#1006);
#1006 = CARTESIAN_POINT('',(0.32,-22.54,0.));
#1007 = LINE('',#1008,#1009);
#1008 = CARTESIAN_POINT('',(0.32,-17.305,0.));
#1009 = VECTOR('',#1010,1.);
#1010 = DIRECTION('',(0.,1.,0.));
#1011 = ORIENTED_EDGE('',*,*,#1012,.T.);
#1012 = EDGE_CURVE('',#1003,#1013,#1015,.T.);
#1013 = VERTEX_POINT('',#1014);
#1014 = CARTESIAN_POINT('',(-0.32,-23.18,0.));
#1015 = LINE('',#1016,#1017);
#1016 = CARTESIAN_POINT('',(-0.16,-23.18,0.));
#1017 = VECTOR('',#1018,1.);
#1018 = DIRECTION('',(-1.,0.,0.));
#1019 = ORIENTED_EDGE('',*,*,#1020,.T.);
#1020 = EDGE_CURVE('',#1013,#1021,#1023,.T.);
#1021 = VERTEX_POINT('',#1022);
#1022 = CARTESIAN_POINT('',(-0.32,-22.54,0.));
#1023 = LINE('',#1024,#1025);
#1024 = CARTESIAN_POINT('',(-0.32,-17.305,0.));
#1025 = VECTOR('',#1026,1.);
#1026 = DIRECTION('',(0.,1.,0.));
#1027 = ORIENTED_EDGE('',*,*,#1028,.F.);
#1028 = EDGE_CURVE('',#1005,#1021,#1029,.T.);
#1029 = LINE('',#1030,#1031);
#1030 = CARTESIAN_POINT('',(-0.16,-22.54,0.));
#1031 = VECTOR('',#1032,1.);
#1032 = DIRECTION('',(-1.,0.,0.));
#1033 = FACE_BOUND('',#1034,.F.);
#1034 = EDGE_LOOP('',(#1035,#1045,#1053,#1061));
#1035 = ORIENTED_EDGE('',*,*,#1036,.T.);
#1036 = EDGE_CURVE('',#1037,#1039,#1041,.T.);
#1037 = VERTEX_POINT('',#1038);
#1038 = CARTESIAN_POINT('',(0.32,-20.64,0.));
#1039 = VERTEX_POINT('',#1040);
#1040 = CARTESIAN_POINT('',(-0.32,-20.64,0.));
#1041 = LINE('',#1042,#1043);
#1042 = CARTESIAN_POINT('',(-0.16,-20.64,0.));
#1043 = VECTOR('',#1044,1.);
#1044 = DIRECTION('',(-1.,0.,0.));
#1045 = ORIENTED_EDGE('',*,*,#1046,.T.);
#1046 = EDGE_CURVE('',#1039,#1047,#1049,.T.);
#1047 = VERTEX_POINT('',#1048);
#1048 = CARTESIAN_POINT('',(-0.32,-20.,0.));
#1049 = LINE('',#1050,#1051);
#1050 = CARTESIAN_POINT('',(-0.32,-16.035,0.));
#1051 = VECTOR('',#1052,1.);
#1052 = DIRECTION('',(0.,1.,0.));
#1053 = ORIENTED_EDGE('',*,*,#1054,.F.);
#1054 = EDGE_CURVE('',#1055,#1047,#1057,.T.);
#1055 = VERTEX_POINT('',#1056);
#1056 = CARTESIAN_POINT('',(0.32,-20.,0.));
#1057 = LINE('',#1058,#1059);
#1058 = CARTESIAN_POINT('',(-0.16,-20.,0.));
#1059 = VECTOR('',#1060,1.);
#1060 = DIRECTION('',(-1.,0.,0.));
#1061 = ORIENTED_EDGE('',*,*,#1062,.F.);
#1062 = EDGE_CURVE('',#1037,#1055,#1063,.T.);
#1063 = LINE('',#1064,#1065);
#1064 = CARTESIAN_POINT('',(0.32,-16.035,0.));
#1065 = VECTOR('',#1066,1.);
#1066 = DIRECTION('',(0.,1.,0.));
#1067 = FACE_BOUND('',#1068,.F.);
#1068 = EDGE_LOOP('',(#1069,#1079,#1087,#1095));
#1069 = ORIENTED_EDGE('',*,*,#1070,.T.);
#1070 = EDGE_CURVE('',#1071,#1073,#1075,.T.);
#1071 = VERTEX_POINT('',#1072);
#1072 = CARTESIAN_POINT('',(0.32,-0.32,0.));
#1073 = VERTEX_POINT('',#1074);
#1074 = CARTESIAN_POINT('',(-0.32,-0.32,0.));
#1075 = LINE('',#1076,#1077);
#1076 = CARTESIAN_POINT('',(-0.16,-0.32,0.));
#1077 = VECTOR('',#1078,1.);
#1078 = DIRECTION('',(-1.,0.,0.));
#1079 = ORIENTED_EDGE('',*,*,#1080,.T.);
#1080 = EDGE_CURVE('',#1073,#1081,#1083,.T.);
#1081 = VERTEX_POINT('',#1082);
#1082 = CARTESIAN_POINT('',(-0.32,0.32,0.));
#1083 = LINE('',#1084,#1085);
#1084 = CARTESIAN_POINT('',(-0.32,-5.875,0.));
#1085 = VECTOR('',#1086,1.);
#1086 = DIRECTION('',(0.,1.,0.));
#1087 = ORIENTED_EDGE('',*,*,#1088,.F.);
#1088 = EDGE_CURVE('',#1089,#1081,#1091,.T.);
#1089 = VERTEX_POINT('',#1090);
#1090 = CARTESIAN_POINT('',(0.32,0.32,0.));
#1091 = LINE('',#1092,#1093);
#1092 = CARTESIAN_POINT('',(-0.16,0.32,0.));
#1093 = VECTOR('',#1094,1.);
#1094 = DIRECTION('',(-1.,0.,0.));
#1095 = ORIENTED_EDGE('',*,*,#1096,.F.);
#1096 = EDGE_CURVE('',#1071,#1089,#1097,.T.);
#1097 = LINE('',#1098,#1099);
#1098 = CARTESIAN_POINT('',(0.32,-5.875,0.));
#1099 = VECTOR('',#1100,1.);
#1100 = DIRECTION('',(0.,1.,0.));
#1101 = FACE_BOUND('',#1102,.F.);
#1102 = EDGE_LOOP('',(#1103,#1113,#1121,#1129));
#1103 = ORIENTED_EDGE('',*,*,#1104,.F.);
#1104 = EDGE_CURVE('',#1105,#1107,#1109,.T.);
#1105 = VERTEX_POINT('',#1106);
#1106 = CARTESIAN_POINT('',(0.32,-2.86,0.));
#1107 = VERTEX_POINT('',#1108);
#1108 = CARTESIAN_POINT('',(0.32,-2.22,0.));
#1109 = LINE('',#1110,#1111);
#1110 = CARTESIAN_POINT('',(0.32,-7.145,0.));
#1111 = VECTOR('',#1112,1.);
#1112 = DIRECTION('',(0.,1.,0.));
#1113 = ORIENTED_EDGE('',*,*,#1114,.T.);
#1114 = EDGE_CURVE('',#1105,#1115,#1117,.T.);
#1115 = VERTEX_POINT('',#1116);
#1116 = CARTESIAN_POINT('',(-0.32,-2.86,0.));
#1117 = LINE('',#1118,#1119);
#1118 = CARTESIAN_POINT('',(-0.16,-2.86,0.));
#1119 = VECTOR('',#1120,1.);
#1120 = DIRECTION('',(-1.,0.,0.));
#1121 = ORIENTED_EDGE('',*,*,#1122,.T.);
#1122 = EDGE_CURVE('',#1115,#1123,#1125,.T.);
#1123 = VERTEX_POINT('',#1124);
#1124 = CARTESIAN_POINT('',(-0.32,-2.22,0.));
#1125 = LINE('',#1126,#1127);
#1126 = CARTESIAN_POINT('',(-0.32,-7.145,0.));
#1127 = VECTOR('',#1128,1.);
#1128 = DIRECTION('',(0.,1.,0.));
#1129 = ORIENTED_EDGE('',*,*,#1130,.F.);
#1130 = EDGE_CURVE('',#1107,#1123,#1131,.T.);
#1131 = LINE('',#1132,#1133);
#1132 = CARTESIAN_POINT('',(-0.16,-2.22,0.));
#1133 = VECTOR('',#1134,1.);
#1134 = DIRECTION('',(-1.,0.,0.));
#1135 = FACE_BOUND('',#1136,.F.);
#1136 = EDGE_LOOP('',(#1137,#1147,#1155,#1163));
#1137 = ORIENTED_EDGE('',*,*,#1138,.F.);
#1138 = EDGE_CURVE('',#1139,#1141,#1143,.T.);
#1139 = VERTEX_POINT('',#1140);
#1140 = CARTESIAN_POINT('',(0.32,-5.4,0.));
#1141 = VERTEX_POINT('',#1142);
#1142 = CARTESIAN_POINT('',(0.32,-4.76,0.));
#1143 = LINE('',#1144,#1145);
#1144 = CARTESIAN_POINT('',(0.32,-8.415,0.));
#1145 = VECTOR('',#1146,1.);
#1146 = DIRECTION('',(0.,1.,0.));
#1147 = ORIENTED_EDGE('',*,*,#1148,.T.);
#1148 = EDGE_CURVE('',#1139,#1149,#1151,.T.);
#1149 = VERTEX_POINT('',#1150);
#1150 = CARTESIAN_POINT('',(-0.32,-5.4,0.));
#1151 = LINE('',#1152,#1153);
#1152 = CARTESIAN_POINT('',(-0.16,-5.4,0.));
#1153 = VECTOR('',#1154,1.);
#1154 = DIRECTION('',(-1.,0.,0.));
#1155 = ORIENTED_EDGE('',*,*,#1156,.T.);
#1156 = EDGE_CURVE('',#1149,#1157,#1159,.T.);
#1157 = VERTEX_POINT('',#1158);
#1158 = CARTESIAN_POINT('',(-0.32,-4.76,0.));
#1159 = LINE('',#1160,#1161);
#1160 = CARTESIAN_POINT('',(-0.32,-8.415,0.));
#1161 = VECTOR('',#1162,1.);
#1162 = DIRECTION('',(0.,1.,0.));
#1163 = ORIENTED_EDGE('',*,*,#1164,.F.);
#1164 = EDGE_CURVE('',#1141,#1157,#1165,.T.);
#1165 = LINE('',#1166,#1167);
#1166 = CARTESIAN_POINT('',(-0.16,-4.76,0.));
#1167 = VECTOR('',#1168,1.);
#1168 = DIRECTION('',(-1.,0.,0.));
#1169 = PLANE('',#1170);
#1170 = AXIS2_PLACEMENT_3D('',#1171,#1172,#1173);
#1171 = CARTESIAN_POINT('',(-1.127656408637E-17,-11.43,0.));
#1172 = DIRECTION('',(0.,0.,1.));
#1173 = DIRECTION('',(1.,0.,-0.));
#1174 = ADVANCED_FACE('',(#1175,#1650,#1684,#1718,#1752,#1786,#1820,
    #1854,#1888,#1922,#1956),#1990,.T.);
#1175 = FACE_BOUND('',#1176,.T.);
#1176 = EDGE_LOOP('',(#1177,#1178,#1179,#1187,#1195,#1203,#1211,#1219,
    #1227,#1235,#1243,#1251,#1259,#1267,#1275,#1283,#1291,#1299,#1307,
    #1315,#1323,#1331,#1339,#1347,#1355,#1363,#1371,#1379,#1387,#1395,
    #1403,#1411,#1419,#1427,#1435,#1443,#1451,#1459,#1467,#1475,#1483,
    #1491,#1499,#1507,#1515,#1523,#1531,#1539,#1547,#1555,#1563,#1571,
    #1579,#1587,#1595,#1603,#1611,#1619,#1627,#1635,#1643,#1649));
#1177 = ORIENTED_EDGE('',*,*,#265,.T.);
#1178 = ORIENTED_EDGE('',*,*,#327,.T.);
#1179 = ORIENTED_EDGE('',*,*,#1180,.T.);
#1180 = EDGE_CURVE('',#328,#1181,#1183,.T.);
#1181 = VERTEX_POINT('',#1182);
#1182 = CARTESIAN_POINT('',(-1.016,-1.27,2.54));
#1183 = LINE('',#1184,#1185);
#1184 = CARTESIAN_POINT('',(-1.27,-1.016,2.54));
#1185 = VECTOR('',#1186,1.);
#1186 = DIRECTION('',(0.707106781187,-0.707106781187,0.));
#1187 = ORIENTED_EDGE('',*,*,#1188,.T.);
#1188 = EDGE_CURVE('',#1181,#1189,#1191,.T.);
#1189 = VERTEX_POINT('',#1190);
#1190 = CARTESIAN_POINT('',(-1.27,-1.524,2.54));
#1191 = LINE('',#1192,#1193);
#1192 = CARTESIAN_POINT('',(-1.016,-1.27,2.54));
#1193 = VECTOR('',#1194,1.);
#1194 = DIRECTION('',(-0.707106781187,-0.707106781187,0.));
#1195 = ORIENTED_EDGE('',*,*,#1196,.T.);
#1196 = EDGE_CURVE('',#1189,#1197,#1199,.T.);
#1197 = VERTEX_POINT('',#1198);
#1198 = CARTESIAN_POINT('',(-1.27,-3.556,2.54));
#1199 = LINE('',#1200,#1201);
#1200 = CARTESIAN_POINT('',(-1.27,-1.524,2.54));
#1201 = VECTOR('',#1202,1.);
#1202 = DIRECTION('',(0.,-1.,0.));
#1203 = ORIENTED_EDGE('',*,*,#1204,.T.);
#1204 = EDGE_CURVE('',#1197,#1205,#1207,.T.);
#1205 = VERTEX_POINT('',#1206);
#1206 = CARTESIAN_POINT('',(-1.016,-3.81,2.54));
#1207 = LINE('',#1208,#1209);
#1208 = CARTESIAN_POINT('',(-1.27,-3.556,2.54));
#1209 = VECTOR('',#1210,1.);
#1210 = DIRECTION('',(0.707106781187,-0.707106781187,0.));
#1211 = ORIENTED_EDGE('',*,*,#1212,.T.);
#1212 = EDGE_CURVE('',#1205,#1213,#1215,.T.);
#1213 = VERTEX_POINT('',#1214);
#1214 = CARTESIAN_POINT('',(-1.27,-4.064,2.54));
#1215 = LINE('',#1216,#1217);
#1216 = CARTESIAN_POINT('',(-1.016,-3.81,2.54));
#1217 = VECTOR('',#1218,1.);
#1218 = DIRECTION('',(-0.707106781187,-0.707106781187,0.));
#1219 = ORIENTED_EDGE('',*,*,#1220,.T.);
#1220 = EDGE_CURVE('',#1213,#1221,#1223,.T.);
#1221 = VERTEX_POINT('',#1222);
#1222 = CARTESIAN_POINT('',(-1.27,-6.096,2.54));
#1223 = LINE('',#1224,#1225);
#1224 = CARTESIAN_POINT('',(-1.27,-4.064,2.54));
#1225 = VECTOR('',#1226,1.);
#1226 = DIRECTION('',(0.,-1.,0.));
#1227 = ORIENTED_EDGE('',*,*,#1228,.T.);
#1228 = EDGE_CURVE('',#1221,#1229,#1231,.T.);
#1229 = VERTEX_POINT('',#1230);
#1230 = CARTESIAN_POINT('',(-1.016,-6.35,2.54));
#1231 = LINE('',#1232,#1233);
#1232 = CARTESIAN_POINT('',(-1.27,-6.096,2.54));
#1233 = VECTOR('',#1234,1.);
#1234 = DIRECTION('',(0.707106781187,-0.707106781187,0.));
#1235 = ORIENTED_EDGE('',*,*,#1236,.T.);
#1236 = EDGE_CURVE('',#1229,#1237,#1239,.T.);
#1237 = VERTEX_POINT('',#1238);
#1238 = CARTESIAN_POINT('',(-1.27,-6.604,2.54));
#1239 = LINE('',#1240,#1241);
#1240 = CARTESIAN_POINT('',(-1.016,-6.35,2.54));
#1241 = VECTOR('',#1242,1.);
#1242 = DIRECTION('',(-0.707106781187,-0.707106781187,0.));
#1243 = ORIENTED_EDGE('',*,*,#1244,.T.);
#1244 = EDGE_CURVE('',#1237,#1245,#1247,.T.);
#1245 = VERTEX_POINT('',#1246);
#1246 = CARTESIAN_POINT('',(-1.27,-8.636,2.54));
#1247 = LINE('',#1248,#1249);
#1248 = CARTESIAN_POINT('',(-1.27,-6.604,2.54));
#1249 = VECTOR('',#1250,1.);
#1250 = DIRECTION('',(0.,-1.,0.));
#1251 = ORIENTED_EDGE('',*,*,#1252,.T.);
#1252 = EDGE_CURVE('',#1245,#1253,#1255,.T.);
#1253 = VERTEX_POINT('',#1254);
#1254 = CARTESIAN_POINT('',(-1.016,-8.89,2.54));
#1255 = LINE('',#1256,#1257);
#1256 = CARTESIAN_POINT('',(-1.27,-8.636,2.54));
#1257 = VECTOR('',#1258,1.);
#1258 = DIRECTION('',(0.707106781187,-0.707106781187,0.));
#1259 = ORIENTED_EDGE('',*,*,#1260,.T.);
#1260 = EDGE_CURVE('',#1253,#1261,#1263,.T.);
#1261 = VERTEX_POINT('',#1262);
#1262 = CARTESIAN_POINT('',(-1.27,-9.144,2.54));
#1263 = LINE('',#1264,#1265);
#1264 = CARTESIAN_POINT('',(-1.016,-8.89,2.54));
#1265 = VECTOR('',#1266,1.);
#1266 = DIRECTION('',(-0.707106781187,-0.707106781187,0.));
#1267 = ORIENTED_EDGE('',*,*,#1268,.T.);
#1268 = EDGE_CURVE('',#1261,#1269,#1271,.T.);
#1269 = VERTEX_POINT('',#1270);
#1270 = CARTESIAN_POINT('',(-1.27,-11.176,2.54));
#1271 = LINE('',#1272,#1273);
#1272 = CARTESIAN_POINT('',(-1.27,-9.144,2.54));
#1273 = VECTOR('',#1274,1.);
#1274 = DIRECTION('',(0.,-1.,0.));
#1275 = ORIENTED_EDGE('',*,*,#1276,.T.);
#1276 = EDGE_CURVE('',#1269,#1277,#1279,.T.);
#1277 = VERTEX_POINT('',#1278);
#1278 = CARTESIAN_POINT('',(-1.016,-11.43,2.54));
#1279 = LINE('',#1280,#1281);
#1280 = CARTESIAN_POINT('',(-1.27,-11.176,2.54));
#1281 = VECTOR('',#1282,1.);
#1282 = DIRECTION('',(0.707106781187,-0.707106781187,0.));
#1283 = ORIENTED_EDGE('',*,*,#1284,.T.);
#1284 = EDGE_CURVE('',#1277,#1285,#1287,.T.);
#1285 = VERTEX_POINT('',#1286);
#1286 = CARTESIAN_POINT('',(-1.27,-11.684,2.54));
#1287 = LINE('',#1288,#1289);
#1288 = CARTESIAN_POINT('',(-1.016,-11.43,2.54));
#1289 = VECTOR('',#1290,1.);
#1290 = DIRECTION('',(-0.707106781187,-0.707106781187,0.));
#1291 = ORIENTED_EDGE('',*,*,#1292,.T.);
#1292 = EDGE_CURVE('',#1285,#1293,#1295,.T.);
#1293 = VERTEX_POINT('',#1294);
#1294 = CARTESIAN_POINT('',(-1.27,-13.716,2.54));
#1295 = LINE('',#1296,#1297);
#1296 = CARTESIAN_POINT('',(-1.27,-11.684,2.54));
#1297 = VECTOR('',#1298,1.);
#1298 = DIRECTION('',(0.,-1.,0.));
#1299 = ORIENTED_EDGE('',*,*,#1300,.T.);
#1300 = EDGE_CURVE('',#1293,#1301,#1303,.T.);
#1301 = VERTEX_POINT('',#1302);
#1302 = CARTESIAN_POINT('',(-1.016,-13.97,2.54));
#1303 = LINE('',#1304,#1305);
#1304 = CARTESIAN_POINT('',(-1.27,-13.716,2.54));
#1305 = VECTOR('',#1306,1.);
#1306 = DIRECTION('',(0.707106781187,-0.707106781187,0.));
#1307 = ORIENTED_EDGE('',*,*,#1308,.T.);
#1308 = EDGE_CURVE('',#1301,#1309,#1311,.T.);
#1309 = VERTEX_POINT('',#1310);
#1310 = CARTESIAN_POINT('',(-1.27,-14.224,2.54));
#1311 = LINE('',#1312,#1313);
#1312 = CARTESIAN_POINT('',(-1.016,-13.97,2.54));
#1313 = VECTOR('',#1314,1.);
#1314 = DIRECTION('',(-0.707106781187,-0.707106781187,0.));
#1315 = ORIENTED_EDGE('',*,*,#1316,.T.);
#1316 = EDGE_CURVE('',#1309,#1317,#1319,.T.);
#1317 = VERTEX_POINT('',#1318);
#1318 = CARTESIAN_POINT('',(-1.27,-16.256,2.54));
#1319 = LINE('',#1320,#1321);
#1320 = CARTESIAN_POINT('',(-1.27,-14.224,2.54));
#1321 = VECTOR('',#1322,1.);
#1322 = DIRECTION('',(0.,-1.,0.));
#1323 = ORIENTED_EDGE('',*,*,#1324,.T.);
#1324 = EDGE_CURVE('',#1317,#1325,#1327,.T.);
#1325 = VERTEX_POINT('',#1326);
#1326 = CARTESIAN_POINT('',(-1.016,-16.51,2.54));
#1327 = LINE('',#1328,#1329);
#1328 = CARTESIAN_POINT('',(-1.27,-16.256,2.54));
#1329 = VECTOR('',#1330,1.);
#1330 = DIRECTION('',(0.707106781187,-0.707106781187,0.));
#1331 = ORIENTED_EDGE('',*,*,#1332,.T.);
#1332 = EDGE_CURVE('',#1325,#1333,#1335,.T.);
#1333 = VERTEX_POINT('',#1334);
#1334 = CARTESIAN_POINT('',(-1.27,-16.764,2.54));
#1335 = LINE('',#1336,#1337);
#1336 = CARTESIAN_POINT('',(-1.016,-16.51,2.54));
#1337 = VECTOR('',#1338,1.);
#1338 = DIRECTION('',(-0.707106781187,-0.707106781187,0.));
#1339 = ORIENTED_EDGE('',*,*,#1340,.T.);
#1340 = EDGE_CURVE('',#1333,#1341,#1343,.T.);
#1341 = VERTEX_POINT('',#1342);
#1342 = CARTESIAN_POINT('',(-1.27,-18.796,2.54));
#1343 = LINE('',#1344,#1345);
#1344 = CARTESIAN_POINT('',(-1.27,-16.764,2.54));
#1345 = VECTOR('',#1346,1.);
#1346 = DIRECTION('',(0.,-1.,0.));
#1347 = ORIENTED_EDGE('',*,*,#1348,.T.);
#1348 = EDGE_CURVE('',#1341,#1349,#1351,.T.);
#1349 = VERTEX_POINT('',#1350);
#1350 = CARTESIAN_POINT('',(-1.016,-19.05,2.54));
#1351 = LINE('',#1352,#1353);
#1352 = CARTESIAN_POINT('',(-1.27,-18.796,2.54));
#1353 = VECTOR('',#1354,1.);
#1354 = DIRECTION('',(0.707106781187,-0.707106781187,0.));
#1355 = ORIENTED_EDGE('',*,*,#1356,.T.);
#1356 = EDGE_CURVE('',#1349,#1357,#1359,.T.);
#1357 = VERTEX_POINT('',#1358);
#1358 = CARTESIAN_POINT('',(-1.27,-19.304,2.54));
#1359 = LINE('',#1360,#1361);
#1360 = CARTESIAN_POINT('',(-1.016,-19.05,2.54));
#1361 = VECTOR('',#1362,1.);
#1362 = DIRECTION('',(-0.707106781187,-0.707106781187,0.));
#1363 = ORIENTED_EDGE('',*,*,#1364,.T.);
#1364 = EDGE_CURVE('',#1357,#1365,#1367,.T.);
#1365 = VERTEX_POINT('',#1366);
#1366 = CARTESIAN_POINT('',(-1.27,-21.336,2.54));
#1367 = LINE('',#1368,#1369);
#1368 = CARTESIAN_POINT('',(-1.27,-19.304,2.54));
#1369 = VECTOR('',#1370,1.);
#1370 = DIRECTION('',(0.,-1.,0.));
#1371 = ORIENTED_EDGE('',*,*,#1372,.T.);
#1372 = EDGE_CURVE('',#1365,#1373,#1375,.T.);
#1373 = VERTEX_POINT('',#1374);
#1374 = CARTESIAN_POINT('',(-1.016,-21.59,2.54));
#1375 = LINE('',#1376,#1377);
#1376 = CARTESIAN_POINT('',(-1.27,-21.336,2.54));
#1377 = VECTOR('',#1378,1.);
#1378 = DIRECTION('',(0.707106781187,-0.707106781187,0.));
#1379 = ORIENTED_EDGE('',*,*,#1380,.T.);
#1380 = EDGE_CURVE('',#1373,#1381,#1383,.T.);
#1381 = VERTEX_POINT('',#1382);
#1382 = CARTESIAN_POINT('',(-1.27,-21.844,2.54));
#1383 = LINE('',#1384,#1385);
#1384 = CARTESIAN_POINT('',(-1.016,-21.59,2.54));
#1385 = VECTOR('',#1386,1.);
#1386 = DIRECTION('',(-0.707106781187,-0.707106781187,0.));
#1387 = ORIENTED_EDGE('',*,*,#1388,.T.);
#1388 = EDGE_CURVE('',#1381,#1389,#1391,.T.);
#1389 = VERTEX_POINT('',#1390);
#1390 = CARTESIAN_POINT('',(-1.27,-23.876,2.54));
#1391 = LINE('',#1392,#1393);
#1392 = CARTESIAN_POINT('',(-1.27,-21.844,2.54));
#1393 = VECTOR('',#1394,1.);
#1394 = DIRECTION('',(0.,-1.,0.));
#1395 = ORIENTED_EDGE('',*,*,#1396,.T.);
#1396 = EDGE_CURVE('',#1389,#1397,#1399,.T.);
#1397 = VERTEX_POINT('',#1398);
#1398 = CARTESIAN_POINT('',(-1.016,-24.13,2.54));
#1399 = LINE('',#1400,#1401);
#1400 = CARTESIAN_POINT('',(-1.27,-23.876,2.54));
#1401 = VECTOR('',#1402,1.);
#1402 = DIRECTION('',(0.707106781187,-0.707106781187,0.));
#1403 = ORIENTED_EDGE('',*,*,#1404,.T.);
#1404 = EDGE_CURVE('',#1397,#1405,#1407,.T.);
#1405 = VERTEX_POINT('',#1406);
#1406 = CARTESIAN_POINT('',(1.016,-24.13,2.54));
#1407 = LINE('',#1408,#1409);
#1408 = CARTESIAN_POINT('',(-1.016,-24.13,2.54));
#1409 = VECTOR('',#1410,1.);
#1410 = DIRECTION('',(1.,0.,0.));
#1411 = ORIENTED_EDGE('',*,*,#1412,.T.);
#1412 = EDGE_CURVE('',#1405,#1413,#1415,.T.);
#1413 = VERTEX_POINT('',#1414);
#1414 = CARTESIAN_POINT('',(1.27,-23.876,2.54));
#1415 = LINE('',#1416,#1417);
#1416 = CARTESIAN_POINT('',(1.016,-24.13,2.54));
#1417 = VECTOR('',#1418,1.);
#1418 = DIRECTION('',(0.707106781187,0.707106781187,0.));
#1419 = ORIENTED_EDGE('',*,*,#1420,.T.);
#1420 = EDGE_CURVE('',#1413,#1421,#1423,.T.);
#1421 = VERTEX_POINT('',#1422);
#1422 = CARTESIAN_POINT('',(1.27,-21.844,2.54));
#1423 = LINE('',#1424,#1425);
#1424 = CARTESIAN_POINT('',(1.27,-23.876,2.54));
#1425 = VECTOR('',#1426,1.);
#1426 = DIRECTION('',(0.,1.,0.));
#1427 = ORIENTED_EDGE('',*,*,#1428,.T.);
#1428 = EDGE_CURVE('',#1421,#1429,#1431,.T.);
#1429 = VERTEX_POINT('',#1430);
#1430 = CARTESIAN_POINT('',(1.016,-21.59,2.54));
#1431 = LINE('',#1432,#1433);
#1432 = CARTESIAN_POINT('',(1.27,-21.844,2.54));
#1433 = VECTOR('',#1434,1.);
#1434 = DIRECTION('',(-0.707106781187,0.707106781187,0.));
#1435 = ORIENTED_EDGE('',*,*,#1436,.T.);
#1436 = EDGE_CURVE('',#1429,#1437,#1439,.T.);
#1437 = VERTEX_POINT('',#1438);
#1438 = CARTESIAN_POINT('',(1.27,-21.336,2.54));
#1439 = LINE('',#1440,#1441);
#1440 = CARTESIAN_POINT('',(1.016,-21.59,2.54));
#1441 = VECTOR('',#1442,1.);
#1442 = DIRECTION('',(0.707106781187,0.707106781187,0.));
#1443 = ORIENTED_EDGE('',*,*,#1444,.T.);
#1444 = EDGE_CURVE('',#1437,#1445,#1447,.T.);
#1445 = VERTEX_POINT('',#1446);
#1446 = CARTESIAN_POINT('',(1.27,-19.304,2.54));
#1447 = LINE('',#1448,#1449);
#1448 = CARTESIAN_POINT('',(1.27,-21.336,2.54));
#1449 = VECTOR('',#1450,1.);
#1450 = DIRECTION('',(0.,1.,0.));
#1451 = ORIENTED_EDGE('',*,*,#1452,.T.);
#1452 = EDGE_CURVE('',#1445,#1453,#1455,.T.);
#1453 = VERTEX_POINT('',#1454);
#1454 = CARTESIAN_POINT('',(1.016,-19.05,2.54));
#1455 = LINE('',#1456,#1457);
#1456 = CARTESIAN_POINT('',(1.27,-19.304,2.54));
#1457 = VECTOR('',#1458,1.);
#1458 = DIRECTION('',(-0.707106781187,0.707106781187,0.));
#1459 = ORIENTED_EDGE('',*,*,#1460,.T.);
#1460 = EDGE_CURVE('',#1453,#1461,#1463,.T.);
#1461 = VERTEX_POINT('',#1462);
#1462 = CARTESIAN_POINT('',(1.27,-18.796,2.54));
#1463 = LINE('',#1464,#1465);
#1464 = CARTESIAN_POINT('',(1.016,-19.05,2.54));
#1465 = VECTOR('',#1466,1.);
#1466 = DIRECTION('',(0.707106781187,0.707106781187,0.));
#1467 = ORIENTED_EDGE('',*,*,#1468,.T.);
#1468 = EDGE_CURVE('',#1461,#1469,#1471,.T.);
#1469 = VERTEX_POINT('',#1470);
#1470 = CARTESIAN_POINT('',(1.27,-16.764,2.54));
#1471 = LINE('',#1472,#1473);
#1472 = CARTESIAN_POINT('',(1.27,-18.796,2.54));
#1473 = VECTOR('',#1474,1.);
#1474 = DIRECTION('',(0.,1.,0.));
#1475 = ORIENTED_EDGE('',*,*,#1476,.T.);
#1476 = EDGE_CURVE('',#1469,#1477,#1479,.T.);
#1477 = VERTEX_POINT('',#1478);
#1478 = CARTESIAN_POINT('',(1.016,-16.51,2.54));
#1479 = LINE('',#1480,#1481);
#1480 = CARTESIAN_POINT('',(1.27,-16.764,2.54));
#1481 = VECTOR('',#1482,1.);
#1482 = DIRECTION('',(-0.707106781187,0.707106781187,0.));
#1483 = ORIENTED_EDGE('',*,*,#1484,.T.);
#1484 = EDGE_CURVE('',#1477,#1485,#1487,.T.);
#1485 = VERTEX_POINT('',#1486);
#1486 = CARTESIAN_POINT('',(1.27,-16.256,2.54));
#1487 = LINE('',#1488,#1489);
#1488 = CARTESIAN_POINT('',(1.016,-16.51,2.54));
#1489 = VECTOR('',#1490,1.);
#1490 = DIRECTION('',(0.707106781187,0.707106781187,0.));
#1491 = ORIENTED_EDGE('',*,*,#1492,.T.);
#1492 = EDGE_CURVE('',#1485,#1493,#1495,.T.);
#1493 = VERTEX_POINT('',#1494);
#1494 = CARTESIAN_POINT('',(1.27,-14.224,2.54));
#1495 = LINE('',#1496,#1497);
#1496 = CARTESIAN_POINT('',(1.27,-16.256,2.54));
#1497 = VECTOR('',#1498,1.);
#1498 = DIRECTION('',(0.,1.,0.));
#1499 = ORIENTED_EDGE('',*,*,#1500,.T.);
#1500 = EDGE_CURVE('',#1493,#1501,#1503,.T.);
#1501 = VERTEX_POINT('',#1502);
#1502 = CARTESIAN_POINT('',(1.016,-13.97,2.54));
#1503 = LINE('',#1504,#1505);
#1504 = CARTESIAN_POINT('',(1.27,-14.224,2.54));
#1505 = VECTOR('',#1506,1.);
#1506 = DIRECTION('',(-0.707106781187,0.707106781187,0.));
#1507 = ORIENTED_EDGE('',*,*,#1508,.T.);
#1508 = EDGE_CURVE('',#1501,#1509,#1511,.T.);
#1509 = VERTEX_POINT('',#1510);
#1510 = CARTESIAN_POINT('',(1.27,-13.716,2.54));
#1511 = LINE('',#1512,#1513);
#1512 = CARTESIAN_POINT('',(1.016,-13.97,2.54));
#1513 = VECTOR('',#1514,1.);
#1514 = DIRECTION('',(0.707106781187,0.707106781187,0.));
#1515 = ORIENTED_EDGE('',*,*,#1516,.T.);
#1516 = EDGE_CURVE('',#1509,#1517,#1519,.T.);
#1517 = VERTEX_POINT('',#1518);
#1518 = CARTESIAN_POINT('',(1.27,-11.684,2.54));
#1519 = LINE('',#1520,#1521);
#1520 = CARTESIAN_POINT('',(1.27,-13.716,2.54));
#1521 = VECTOR('',#1522,1.);
#1522 = DIRECTION('',(0.,1.,0.));
#1523 = ORIENTED_EDGE('',*,*,#1524,.T.);
#1524 = EDGE_CURVE('',#1517,#1525,#1527,.T.);
#1525 = VERTEX_POINT('',#1526);
#1526 = CARTESIAN_POINT('',(1.016,-11.43,2.54));
#1527 = LINE('',#1528,#1529);
#1528 = CARTESIAN_POINT('',(1.27,-11.684,2.54));
#1529 = VECTOR('',#1530,1.);
#1530 = DIRECTION('',(-0.707106781187,0.707106781187,0.));
#1531 = ORIENTED_EDGE('',*,*,#1532,.T.);
#1532 = EDGE_CURVE('',#1525,#1533,#1535,.T.);
#1533 = VERTEX_POINT('',#1534);
#1534 = CARTESIAN_POINT('',(1.27,-11.176,2.54));
#1535 = LINE('',#1536,#1537);
#1536 = CARTESIAN_POINT('',(1.016,-11.43,2.54));
#1537 = VECTOR('',#1538,1.);
#1538 = DIRECTION('',(0.707106781187,0.707106781187,0.));
#1539 = ORIENTED_EDGE('',*,*,#1540,.T.);
#1540 = EDGE_CURVE('',#1533,#1541,#1543,.T.);
#1541 = VERTEX_POINT('',#1542);
#1542 = CARTESIAN_POINT('',(1.27,-9.144,2.54));
#1543 = LINE('',#1544,#1545);
#1544 = CARTESIAN_POINT('',(1.27,-11.176,2.54));
#1545 = VECTOR('',#1546,1.);
#1546 = DIRECTION('',(0.,1.,0.));
#1547 = ORIENTED_EDGE('',*,*,#1548,.T.);
#1548 = EDGE_CURVE('',#1541,#1549,#1551,.T.);
#1549 = VERTEX_POINT('',#1550);
#1550 = CARTESIAN_POINT('',(1.016,-8.89,2.54));
#1551 = LINE('',#1552,#1553);
#1552 = CARTESIAN_POINT('',(1.27,-9.144,2.54));
#1553 = VECTOR('',#1554,1.);
#1554 = DIRECTION('',(-0.707106781187,0.707106781187,0.));
#1555 = ORIENTED_EDGE('',*,*,#1556,.T.);
#1556 = EDGE_CURVE('',#1549,#1557,#1559,.T.);
#1557 = VERTEX_POINT('',#1558);
#1558 = CARTESIAN_POINT('',(1.27,-8.636,2.54));
#1559 = LINE('',#1560,#1561);
#1560 = CARTESIAN_POINT('',(1.016,-8.89,2.54));
#1561 = VECTOR('',#1562,1.);
#1562 = DIRECTION('',(0.707106781187,0.707106781187,0.));
#1563 = ORIENTED_EDGE('',*,*,#1564,.T.);
#1564 = EDGE_CURVE('',#1557,#1565,#1567,.T.);
#1565 = VERTEX_POINT('',#1566);
#1566 = CARTESIAN_POINT('',(1.27,-6.604,2.54));
#1567 = LINE('',#1568,#1569);
#1568 = CARTESIAN_POINT('',(1.27,-8.636,2.54));
#1569 = VECTOR('',#1570,1.);
#1570 = DIRECTION('',(0.,1.,0.));
#1571 = ORIENTED_EDGE('',*,*,#1572,.T.);
#1572 = EDGE_CURVE('',#1565,#1573,#1575,.T.);
#1573 = VERTEX_POINT('',#1574);
#1574 = CARTESIAN_POINT('',(1.016,-6.35,2.54));
#1575 = LINE('',#1576,#1577);
#1576 = CARTESIAN_POINT('',(1.27,-6.604,2.54));
#1577 = VECTOR('',#1578,1.);
#1578 = DIRECTION('',(-0.707106781187,0.707106781187,0.));
#1579 = ORIENTED_EDGE('',*,*,#1580,.T.);
#1580 = EDGE_CURVE('',#1573,#1581,#1583,.T.);
#1581 = VERTEX_POINT('',#1582);
#1582 = CARTESIAN_POINT('',(1.27,-6.096,2.54));
#1583 = LINE('',#1584,#1585);
#1584 = CARTESIAN_POINT('',(1.016,-6.35,2.54));
#1585 = VECTOR('',#1586,1.);
#1586 = DIRECTION('',(0.707106781187,0.707106781187,0.));
#1587 = ORIENTED_EDGE('',*,*,#1588,.T.);
#1588 = EDGE_CURVE('',#1581,#1589,#1591,.T.);
#1589 = VERTEX_POINT('',#1590);
#1590 = CARTESIAN_POINT('',(1.27,-4.064,2.54));
#1591 = LINE('',#1592,#1593);
#1592 = CARTESIAN_POINT('',(1.27,-6.096,2.54));
#1593 = VECTOR('',#1594,1.);
#1594 = DIRECTION('',(0.,1.,0.));
#1595 = ORIENTED_EDGE('',*,*,#1596,.T.);
#1596 = EDGE_CURVE('',#1589,#1597,#1599,.T.);
#1597 = VERTEX_POINT('',#1598);
#1598 = CARTESIAN_POINT('',(1.016,-3.81,2.54));
#1599 = LINE('',#1600,#1601);
#1600 = CARTESIAN_POINT('',(1.27,-4.064,2.54));
#1601 = VECTOR('',#1602,1.);
#1602 = DIRECTION('',(-0.707106781187,0.707106781187,0.));
#1603 = ORIENTED_EDGE('',*,*,#1604,.T.);
#1604 = EDGE_CURVE('',#1597,#1605,#1607,.T.);
#1605 = VERTEX_POINT('',#1606);
#1606 = CARTESIAN_POINT('',(1.27,-3.556,2.54));
#1607 = LINE('',#1608,#1609);
#1608 = CARTESIAN_POINT('',(1.016,-3.81,2.54));
#1609 = VECTOR('',#1610,1.);
#1610 = DIRECTION('',(0.707106781187,0.707106781187,0.));
#1611 = ORIENTED_EDGE('',*,*,#1612,.T.);
#1612 = EDGE_CURVE('',#1605,#1613,#1615,.T.);
#1613 = VERTEX_POINT('',#1614);
#1614 = CARTESIAN_POINT('',(1.27,-1.524,2.54));
#1615 = LINE('',#1616,#1617);
#1616 = CARTESIAN_POINT('',(1.27,-3.556,2.54));
#1617 = VECTOR('',#1618,1.);
#1618 = DIRECTION('',(0.,1.,0.));
#1619 = ORIENTED_EDGE('',*,*,#1620,.T.);
#1620 = EDGE_CURVE('',#1613,#1621,#1623,.T.);
#1621 = VERTEX_POINT('',#1622);
#1622 = CARTESIAN_POINT('',(1.016,-1.27,2.54));
#1623 = LINE('',#1624,#1625);
#1624 = CARTESIAN_POINT('',(1.27,-1.524,2.54));
#1625 = VECTOR('',#1626,1.);
#1626 = DIRECTION('',(-0.707106781187,0.707106781187,0.));
#1627 = ORIENTED_EDGE('',*,*,#1628,.T.);
#1628 = EDGE_CURVE('',#1621,#1629,#1631,.T.);
#1629 = VERTEX_POINT('',#1630);
#1630 = CARTESIAN_POINT('',(1.27,-1.016,2.54));
#1631 = LINE('',#1632,#1633);
#1632 = CARTESIAN_POINT('',(1.016,-1.27,2.54));
#1633 = VECTOR('',#1634,1.);
#1634 = DIRECTION('',(0.707106781187,0.707106781187,0.));
#1635 = ORIENTED_EDGE('',*,*,#1636,.T.);
#1636 = EDGE_CURVE('',#1629,#1637,#1639,.T.);
#1637 = VERTEX_POINT('',#1638);
#1638 = CARTESIAN_POINT('',(1.27,1.016,2.54));
#1639 = LINE('',#1640,#1641);
#1640 = CARTESIAN_POINT('',(1.27,-1.016,2.54));
#1641 = VECTOR('',#1642,1.);
#1642 = DIRECTION('',(0.,1.,0.));
#1643 = ORIENTED_EDGE('',*,*,#1644,.T.);
#1644 = EDGE_CURVE('',#1637,#298,#1645,.T.);
#1645 = LINE('',#1646,#1647);
#1646 = CARTESIAN_POINT('',(1.27,1.016,2.54));
#1647 = VECTOR('',#1648,1.);
#1648 = DIRECTION('',(-0.707106781187,0.707106781187,0.));
#1649 = ORIENTED_EDGE('',*,*,#305,.T.);
#1650 = FACE_BOUND('',#1651,.T.);
#1651 = EDGE_LOOP('',(#1652,#1662,#1670,#1678));
#1652 = ORIENTED_EDGE('',*,*,#1653,.F.);
#1653 = EDGE_CURVE('',#1654,#1656,#1658,.T.);
#1654 = VERTEX_POINT('',#1655);
#1655 = CARTESIAN_POINT('',(0.32,-13.02,2.54));
#1656 = VERTEX_POINT('',#1657);
#1657 = CARTESIAN_POINT('',(0.32,-12.38,2.54));
#1658 = LINE('',#1659,#1660);
#1659 = CARTESIAN_POINT('',(0.32,-12.225,2.54));
#1660 = VECTOR('',#1661,1.);
#1661 = DIRECTION('',(0.,1.,0.));
#1662 = ORIENTED_EDGE('',*,*,#1663,.T.);
#1663 = EDGE_CURVE('',#1654,#1664,#1666,.T.);
#1664 = VERTEX_POINT('',#1665);
#1665 = CARTESIAN_POINT('',(-0.32,-13.02,2.54));
#1666 = LINE('',#1667,#1668);
#1667 = CARTESIAN_POINT('',(-0.16,-13.02,2.54));
#1668 = VECTOR('',#1669,1.);
#1669 = DIRECTION('',(-1.,0.,0.));
#1670 = ORIENTED_EDGE('',*,*,#1671,.T.);
#1671 = EDGE_CURVE('',#1664,#1672,#1674,.T.);
#1672 = VERTEX_POINT('',#1673);
#1673 = CARTESIAN_POINT('',(-0.32,-12.38,2.54));
#1674 = LINE('',#1675,#1676);
#1675 = CARTESIAN_POINT('',(-0.32,-12.225,2.54));
#1676 = VECTOR('',#1677,1.);
#1677 = DIRECTION('',(0.,1.,0.));
#1678 = ORIENTED_EDGE('',*,*,#1679,.F.);
#1679 = EDGE_CURVE('',#1656,#1672,#1680,.T.);
#1680 = LINE('',#1681,#1682);
#1681 = CARTESIAN_POINT('',(-0.16,-12.38,2.54));
#1682 = VECTOR('',#1683,1.);
#1683 = DIRECTION('',(-1.,0.,0.));
#1684 = FACE_BOUND('',#1685,.T.);
#1685 = EDGE_LOOP('',(#1686,#1696,#1704,#1712));
#1686 = ORIENTED_EDGE('',*,*,#1687,.F.);
#1687 = EDGE_CURVE('',#1688,#1690,#1692,.T.);
#1688 = VERTEX_POINT('',#1689);
#1689 = CARTESIAN_POINT('',(0.32,-10.48,2.54));
#1690 = VERTEX_POINT('',#1691);
#1691 = CARTESIAN_POINT('',(0.32,-9.84,2.54));
#1692 = LINE('',#1693,#1694);
#1693 = CARTESIAN_POINT('',(0.32,-10.955,2.54));
#1694 = VECTOR('',#1695,1.);
#1695 = DIRECTION('',(0.,1.,0.));
#1696 = ORIENTED_EDGE('',*,*,#1697,.T.);
#1697 = EDGE_CURVE('',#1688,#1698,#1700,.T.);
#1698 = VERTEX_POINT('',#1699);
#1699 = CARTESIAN_POINT('',(-0.32,-10.48,2.54));
#1700 = LINE('',#1701,#1702);
#1701 = CARTESIAN_POINT('',(-0.16,-10.48,2.54));
#1702 = VECTOR('',#1703,1.);
#1703 = DIRECTION('',(-1.,0.,0.));
#1704 = ORIENTED_EDGE('',*,*,#1705,.T.);
#1705 = EDGE_CURVE('',#1698,#1706,#1708,.T.);
#1706 = VERTEX_POINT('',#1707);
#1707 = CARTESIAN_POINT('',(-0.32,-9.84,2.54));
#1708 = LINE('',#1709,#1710);
#1709 = CARTESIAN_POINT('',(-0.32,-10.955,2.54));
#1710 = VECTOR('',#1711,1.);
#1711 = DIRECTION('',(0.,1.,0.));
#1712 = ORIENTED_EDGE('',*,*,#1713,.F.);
#1713 = EDGE_CURVE('',#1690,#1706,#1714,.T.);
#1714 = LINE('',#1715,#1716);
#1715 = CARTESIAN_POINT('',(-0.16,-9.84,2.54));
#1716 = VECTOR('',#1717,1.);
#1717 = DIRECTION('',(-1.,0.,0.));
#1718 = FACE_BOUND('',#1719,.T.);
#1719 = EDGE_LOOP('',(#1720,#1730,#1738,#1746));
#1720 = ORIENTED_EDGE('',*,*,#1721,.F.);
#1721 = EDGE_CURVE('',#1722,#1724,#1726,.T.);
#1722 = VERTEX_POINT('',#1723);
#1723 = CARTESIAN_POINT('',(0.32,-7.94,2.54));
#1724 = VERTEX_POINT('',#1725);
#1725 = CARTESIAN_POINT('',(0.32,-7.3,2.54));
#1726 = LINE('',#1727,#1728);
#1727 = CARTESIAN_POINT('',(0.32,-9.685,2.54));
#1728 = VECTOR('',#1729,1.);
#1729 = DIRECTION('',(0.,1.,0.));
#1730 = ORIENTED_EDGE('',*,*,#1731,.T.);
#1731 = EDGE_CURVE('',#1722,#1732,#1734,.T.);
#1732 = VERTEX_POINT('',#1733);
#1733 = CARTESIAN_POINT('',(-0.32,-7.94,2.54));
#1734 = LINE('',#1735,#1736);
#1735 = CARTESIAN_POINT('',(-0.16,-7.94,2.54));
#1736 = VECTOR('',#1737,1.);
#1737 = DIRECTION('',(-1.,0.,0.));
#1738 = ORIENTED_EDGE('',*,*,#1739,.T.);
#1739 = EDGE_CURVE('',#1732,#1740,#1742,.T.);
#1740 = VERTEX_POINT('',#1741);
#1741 = CARTESIAN_POINT('',(-0.32,-7.3,2.54));
#1742 = LINE('',#1743,#1744);
#1743 = CARTESIAN_POINT('',(-0.32,-9.685,2.54));
#1744 = VECTOR('',#1745,1.);
#1745 = DIRECTION('',(0.,1.,0.));
#1746 = ORIENTED_EDGE('',*,*,#1747,.F.);
#1747 = EDGE_CURVE('',#1724,#1740,#1748,.T.);
#1748 = LINE('',#1749,#1750);
#1749 = CARTESIAN_POINT('',(-0.16,-7.3,2.54));
#1750 = VECTOR('',#1751,1.);
#1751 = DIRECTION('',(-1.,0.,0.));
#1752 = FACE_BOUND('',#1753,.T.);
#1753 = EDGE_LOOP('',(#1754,#1764,#1772,#1780));
#1754 = ORIENTED_EDGE('',*,*,#1755,.T.);
#1755 = EDGE_CURVE('',#1756,#1758,#1760,.T.);
#1756 = VERTEX_POINT('',#1757);
#1757 = CARTESIAN_POINT('',(0.32,-18.1,2.54));
#1758 = VERTEX_POINT('',#1759);
#1759 = CARTESIAN_POINT('',(-0.32,-18.1,2.54));
#1760 = LINE('',#1761,#1762);
#1761 = CARTESIAN_POINT('',(-0.16,-18.1,2.54));
#1762 = VECTOR('',#1763,1.);
#1763 = DIRECTION('',(-1.,0.,0.));
#1764 = ORIENTED_EDGE('',*,*,#1765,.T.);
#1765 = EDGE_CURVE('',#1758,#1766,#1768,.T.);
#1766 = VERTEX_POINT('',#1767);
#1767 = CARTESIAN_POINT('',(-0.32,-17.46,2.54));
#1768 = LINE('',#1769,#1770);
#1769 = CARTESIAN_POINT('',(-0.32,-14.765,2.54));
#1770 = VECTOR('',#1771,1.);
#1771 = DIRECTION('',(0.,1.,0.));
#1772 = ORIENTED_EDGE('',*,*,#1773,.F.);
#1773 = EDGE_CURVE('',#1774,#1766,#1776,.T.);
#1774 = VERTEX_POINT('',#1775);
#1775 = CARTESIAN_POINT('',(0.32,-17.46,2.54));
#1776 = LINE('',#1777,#1778);
#1777 = CARTESIAN_POINT('',(-0.16,-17.46,2.54));
#1778 = VECTOR('',#1779,1.);
#1779 = DIRECTION('',(-1.,0.,0.));
#1780 = ORIENTED_EDGE('',*,*,#1781,.F.);
#1781 = EDGE_CURVE('',#1756,#1774,#1782,.T.);
#1782 = LINE('',#1783,#1784);
#1783 = CARTESIAN_POINT('',(0.32,-14.765,2.54));
#1784 = VECTOR('',#1785,1.);
#1785 = DIRECTION('',(0.,1.,0.));
#1786 = FACE_BOUND('',#1787,.T.);
#1787 = EDGE_LOOP('',(#1788,#1798,#1806,#1814));
#1788 = ORIENTED_EDGE('',*,*,#1789,.F.);
#1789 = EDGE_CURVE('',#1790,#1792,#1794,.T.);
#1790 = VERTEX_POINT('',#1791);
#1791 = CARTESIAN_POINT('',(0.32,-15.56,2.54));
#1792 = VERTEX_POINT('',#1793);
#1793 = CARTESIAN_POINT('',(0.32,-14.92,2.54));
#1794 = LINE('',#1795,#1796);
#1795 = CARTESIAN_POINT('',(0.32,-13.495,2.54));
#1796 = VECTOR('',#1797,1.);
#1797 = DIRECTION('',(0.,1.,0.));
#1798 = ORIENTED_EDGE('',*,*,#1799,.T.);
#1799 = EDGE_CURVE('',#1790,#1800,#1802,.T.);
#1800 = VERTEX_POINT('',#1801);
#1801 = CARTESIAN_POINT('',(-0.32,-15.56,2.54));
#1802 = LINE('',#1803,#1804);
#1803 = CARTESIAN_POINT('',(-0.16,-15.56,2.54));
#1804 = VECTOR('',#1805,1.);
#1805 = DIRECTION('',(-1.,0.,0.));
#1806 = ORIENTED_EDGE('',*,*,#1807,.T.);
#1807 = EDGE_CURVE('',#1800,#1808,#1810,.T.);
#1808 = VERTEX_POINT('',#1809);
#1809 = CARTESIAN_POINT('',(-0.32,-14.92,2.54));
#1810 = LINE('',#1811,#1812);
#1811 = CARTESIAN_POINT('',(-0.32,-13.495,2.54));
#1812 = VECTOR('',#1813,1.);
#1813 = DIRECTION('',(0.,1.,0.));
#1814 = ORIENTED_EDGE('',*,*,#1815,.F.);
#1815 = EDGE_CURVE('',#1792,#1808,#1816,.T.);
#1816 = LINE('',#1817,#1818);
#1817 = CARTESIAN_POINT('',(-0.16,-14.92,2.54));
#1818 = VECTOR('',#1819,1.);
#1819 = DIRECTION('',(-1.,0.,0.));
#1820 = FACE_BOUND('',#1821,.T.);
#1821 = EDGE_LOOP('',(#1822,#1832,#1840,#1848));
#1822 = ORIENTED_EDGE('',*,*,#1823,.F.);
#1823 = EDGE_CURVE('',#1824,#1826,#1828,.T.);
#1824 = VERTEX_POINT('',#1825);
#1825 = CARTESIAN_POINT('',(0.32,-23.18,2.54));
#1826 = VERTEX_POINT('',#1827);
#1827 = CARTESIAN_POINT('',(0.32,-22.54,2.54));
#1828 = LINE('',#1829,#1830);
#1829 = CARTESIAN_POINT('',(0.32,-17.305,2.54));
#1830 = VECTOR('',#1831,1.);
#1831 = DIRECTION('',(0.,1.,0.));
#1832 = ORIENTED_EDGE('',*,*,#1833,.T.);
#1833 = EDGE_CURVE('',#1824,#1834,#1836,.T.);
#1834 = VERTEX_POINT('',#1835);
#1835 = CARTESIAN_POINT('',(-0.32,-23.18,2.54));
#1836 = LINE('',#1837,#1838);
#1837 = CARTESIAN_POINT('',(-0.16,-23.18,2.54));
#1838 = VECTOR('',#1839,1.);
#1839 = DIRECTION('',(-1.,0.,0.));
#1840 = ORIENTED_EDGE('',*,*,#1841,.T.);
#1841 = EDGE_CURVE('',#1834,#1842,#1844,.T.);
#1842 = VERTEX_POINT('',#1843);
#1843 = CARTESIAN_POINT('',(-0.32,-22.54,2.54));
#1844 = LINE('',#1845,#1846);
#1845 = CARTESIAN_POINT('',(-0.32,-17.305,2.54));
#1846 = VECTOR('',#1847,1.);
#1847 = DIRECTION('',(0.,1.,0.));
#1848 = ORIENTED_EDGE('',*,*,#1849,.F.);
#1849 = EDGE_CURVE('',#1826,#1842,#1850,.T.);
#1850 = LINE('',#1851,#1852);
#1851 = CARTESIAN_POINT('',(-0.16,-22.54,2.54));
#1852 = VECTOR('',#1853,1.);
#1853 = DIRECTION('',(-1.,0.,0.));
#1854 = FACE_BOUND('',#1855,.T.);
#1855 = EDGE_LOOP('',(#1856,#1866,#1874,#1882));
#1856 = ORIENTED_EDGE('',*,*,#1857,.T.);
#1857 = EDGE_CURVE('',#1858,#1860,#1862,.T.);
#1858 = VERTEX_POINT('',#1859);
#1859 = CARTESIAN_POINT('',(0.32,-20.64,2.54));
#1860 = VERTEX_POINT('',#1861);
#1861 = CARTESIAN_POINT('',(-0.32,-20.64,2.54));
#1862 = LINE('',#1863,#1864);
#1863 = CARTESIAN_POINT('',(-0.16,-20.64,2.54));
#1864 = VECTOR('',#1865,1.);
#1865 = DIRECTION('',(-1.,0.,0.));
#1866 = ORIENTED_EDGE('',*,*,#1867,.T.);
#1867 = EDGE_CURVE('',#1860,#1868,#1870,.T.);
#1868 = VERTEX_POINT('',#1869);
#1869 = CARTESIAN_POINT('',(-0.32,-20.,2.54));
#1870 = LINE('',#1871,#1872);
#1871 = CARTESIAN_POINT('',(-0.32,-16.035,2.54));
#1872 = VECTOR('',#1873,1.);
#1873 = DIRECTION('',(0.,1.,0.));
#1874 = ORIENTED_EDGE('',*,*,#1875,.F.);
#1875 = EDGE_CURVE('',#1876,#1868,#1878,.T.);
#1876 = VERTEX_POINT('',#1877);
#1877 = CARTESIAN_POINT('',(0.32,-20.,2.54));
#1878 = LINE('',#1879,#1880);
#1879 = CARTESIAN_POINT('',(-0.16,-20.,2.54));
#1880 = VECTOR('',#1881,1.);
#1881 = DIRECTION('',(-1.,0.,0.));
#1882 = ORIENTED_EDGE('',*,*,#1883,.F.);
#1883 = EDGE_CURVE('',#1858,#1876,#1884,.T.);
#1884 = LINE('',#1885,#1886);
#1885 = CARTESIAN_POINT('',(0.32,-16.035,2.54));
#1886 = VECTOR('',#1887,1.);
#1887 = DIRECTION('',(0.,1.,0.));
#1888 = FACE_BOUND('',#1889,.T.);
#1889 = EDGE_LOOP('',(#1890,#1900,#1908,#1916));
#1890 = ORIENTED_EDGE('',*,*,#1891,.T.);
#1891 = EDGE_CURVE('',#1892,#1894,#1896,.T.);
#1892 = VERTEX_POINT('',#1893);
#1893 = CARTESIAN_POINT('',(0.32,-0.32,2.54));
#1894 = VERTEX_POINT('',#1895);
#1895 = CARTESIAN_POINT('',(-0.32,-0.32,2.54));
#1896 = LINE('',#1897,#1898);
#1897 = CARTESIAN_POINT('',(-0.16,-0.32,2.54));
#1898 = VECTOR('',#1899,1.);
#1899 = DIRECTION('',(-1.,0.,0.));
#1900 = ORIENTED_EDGE('',*,*,#1901,.T.);
#1901 = EDGE_CURVE('',#1894,#1902,#1904,.T.);
#1902 = VERTEX_POINT('',#1903);
#1903 = CARTESIAN_POINT('',(-0.32,0.32,2.54));
#1904 = LINE('',#1905,#1906);
#1905 = CARTESIAN_POINT('',(-0.32,-5.875,2.54));
#1906 = VECTOR('',#1907,1.);
#1907 = DIRECTION('',(0.,1.,0.));
#1908 = ORIENTED_EDGE('',*,*,#1909,.F.);
#1909 = EDGE_CURVE('',#1910,#1902,#1912,.T.);
#1910 = VERTEX_POINT('',#1911);
#1911 = CARTESIAN_POINT('',(0.32,0.32,2.54));
#1912 = LINE('',#1913,#1914);
#1913 = CARTESIAN_POINT('',(-0.16,0.32,2.54));
#1914 = VECTOR('',#1915,1.);
#1915 = DIRECTION('',(-1.,0.,0.));
#1916 = ORIENTED_EDGE('',*,*,#1917,.F.);
#1917 = EDGE_CURVE('',#1892,#1910,#1918,.T.);
#1918 = LINE('',#1919,#1920);
#1919 = CARTESIAN_POINT('',(0.32,-5.875,2.54));
#1920 = VECTOR('',#1921,1.);
#1921 = DIRECTION('',(0.,1.,0.));
#1922 = FACE_BOUND('',#1923,.T.);
#1923 = EDGE_LOOP('',(#1924,#1934,#1942,#1950));
#1924 = ORIENTED_EDGE('',*,*,#1925,.F.);
#1925 = EDGE_CURVE('',#1926,#1928,#1930,.T.);
#1926 = VERTEX_POINT('',#1927);
#1927 = CARTESIAN_POINT('',(0.32,-2.86,2.54));
#1928 = VERTEX_POINT('',#1929);
#1929 = CARTESIAN_POINT('',(0.32,-2.22,2.54));
#1930 = LINE('',#1931,#1932);
#1931 = CARTESIAN_POINT('',(0.32,-7.145,2.54));
#1932 = VECTOR('',#1933,1.);
#1933 = DIRECTION('',(0.,1.,0.));
#1934 = ORIENTED_EDGE('',*,*,#1935,.T.);
#1935 = EDGE_CURVE('',#1926,#1936,#1938,.T.);
#1936 = VERTEX_POINT('',#1937);
#1937 = CARTESIAN_POINT('',(-0.32,-2.86,2.54));
#1938 = LINE('',#1939,#1940);
#1939 = CARTESIAN_POINT('',(-0.16,-2.86,2.54));
#1940 = VECTOR('',#1941,1.);
#1941 = DIRECTION('',(-1.,0.,0.));
#1942 = ORIENTED_EDGE('',*,*,#1943,.T.);
#1943 = EDGE_CURVE('',#1936,#1944,#1946,.T.);
#1944 = VERTEX_POINT('',#1945);
#1945 = CARTESIAN_POINT('',(-0.32,-2.22,2.54));
#1946 = LINE('',#1947,#1948);
#1947 = CARTESIAN_POINT('',(-0.32,-7.145,2.54));
#1948 = VECTOR('',#1949,1.);
#1949 = DIRECTION('',(0.,1.,0.));
#1950 = ORIENTED_EDGE('',*,*,#1951,.F.);
#1951 = EDGE_CURVE('',#1928,#1944,#1952,.T.);
#1952 = LINE('',#1953,#1954);
#1953 = CARTESIAN_POINT('',(-0.16,-2.22,2.54));
#1954 = VECTOR('',#1955,1.);
#1955 = DIRECTION('',(-1.,0.,0.));
#1956 = FACE_BOUND('',#1957,.T.);
#1957 = EDGE_LOOP('',(#1958,#1968,#1976,#1984));
#1958 = ORIENTED_EDGE('',*,*,#1959,.F.);
#1959 = EDGE_CURVE('',#1960,#1962,#1964,.T.);
#1960 = VERTEX_POINT('',#1961);
#1961 = CARTESIAN_POINT('',(0.32,-5.4,2.54));
#1962 = VERTEX_POINT('',#1963);
#1963 = CARTESIAN_POINT('',(0.32,-4.76,2.54));
#1964 = LINE('',#1965,#1966);
#1965 = CARTESIAN_POINT('',(0.32,-8.415,2.54));
#1966 = VECTOR('',#1967,1.);
#1967 = DIRECTION('',(0.,1.,0.));
#1968 = ORIENTED_EDGE('',*,*,#1969,.T.);
#1969 = EDGE_CURVE('',#1960,#1970,#1972,.T.);
#1970 = VERTEX_POINT('',#1971);
#1971 = CARTESIAN_POINT('',(-0.32,-5.4,2.54));
#1972 = LINE('',#1973,#1974);
#1973 = CARTESIAN_POINT('',(-0.16,-5.4,2.54));
#1974 = VECTOR('',#1975,1.);
#1975 = DIRECTION('',(-1.,0.,0.));
#1976 = ORIENTED_EDGE('',*,*,#1977,.T.);
#1977 = EDGE_CURVE('',#1970,#1978,#1980,.T.);
#1978 = VERTEX_POINT('',#1979);
#1979 = CARTESIAN_POINT('',(-0.32,-4.76,2.54));
#1980 = LINE('',#1981,#1982);
#1981 = CARTESIAN_POINT('',(-0.32,-8.415,2.54));
#1982 = VECTOR('',#1983,1.);
#1983 = DIRECTION('',(0.,1.,0.));
#1984 = ORIENTED_EDGE('',*,*,#1985,.F.);
#1985 = EDGE_CURVE('',#1962,#1978,#1986,.T.);
#1986 = LINE('',#1987,#1988);
#1987 = CARTESIAN_POINT('',(-0.16,-4.76,2.54));
#1988 = VECTOR('',#1989,1.);
#1989 = DIRECTION('',(-1.,0.,0.));
#1990 = PLANE('',#1991);
#1991 = AXIS2_PLACEMENT_3D('',#1992,#1993,#1994);
#1992 = CARTESIAN_POINT('',(-1.127656408637E-17,-11.43,2.54));
#1993 = DIRECTION('',(0.,0.,1.));
#1994 = DIRECTION('',(1.,0.,-0.));
#1995 = ADVANCED_FACE('',(#1996),#2007,.F.);
#1996 = FACE_BOUND('',#1997,.F.);
#1997 = EDGE_LOOP('',(#1998,#2004,#2005,#2006));
#1998 = ORIENTED_EDGE('',*,*,#1999,.T.);
#1999 = EDGE_CURVE('',#816,#1637,#2000,.T.);
#2000 = LINE('',#2001,#2002);
#2001 = CARTESIAN_POINT('',(1.27,1.016,0.));
#2002 = VECTOR('',#2003,1.);
#2003 = DIRECTION('',(0.,0.,1.));
#2004 = ORIENTED_EDGE('',*,*,#1644,.T.);
#2005 = ORIENTED_EDGE('',*,*,#295,.F.);
#2006 = ORIENTED_EDGE('',*,*,#823,.F.);
#2007 = PLANE('',#2008);
#2008 = AXIS2_PLACEMENT_3D('',#2009,#2010,#2011);
#2009 = CARTESIAN_POINT('',(1.27,1.016,0.));
#2010 = DIRECTION('',(-0.707106781187,-0.707106781187,0.));
#2011 = DIRECTION('',(-0.707106781187,0.707106781187,0.));
#2012 = ADVANCED_FACE('',(#2013),#2024,.F.);
#2013 = FACE_BOUND('',#2014,.F.);
#2014 = EDGE_LOOP('',(#2015,#2016,#2017,#2023));
#2015 = ORIENTED_EDGE('',*,*,#335,.T.);
#2016 = ORIENTED_EDGE('',*,*,#1180,.T.);
#2017 = ORIENTED_EDGE('',*,*,#2018,.F.);
#2018 = EDGE_CURVE('',#360,#1181,#2019,.T.);
#2019 = LINE('',#2020,#2021);
#2020 = CARTESIAN_POINT('',(-1.016,-1.27,0.));
#2021 = VECTOR('',#2022,1.);
#2022 = DIRECTION('',(0.,0.,1.));
#2023 = ORIENTED_EDGE('',*,*,#359,.F.);
#2024 = PLANE('',#2025);
#2025 = AXIS2_PLACEMENT_3D('',#2026,#2027,#2028);
#2026 = CARTESIAN_POINT('',(-1.27,-1.016,0.));
#2027 = DIRECTION('',(0.707106781187,0.707106781187,0.));
#2028 = DIRECTION('',(0.707106781187,-0.707106781187,0.));
#2029 = ADVANCED_FACE('',(#2030),#2041,.F.);
#2030 = FACE_BOUND('',#2031,.F.);
#2031 = EDGE_LOOP('',(#2032,#2038,#2039,#2040));
#2032 = ORIENTED_EDGE('',*,*,#2033,.T.);
#2033 = EDGE_CURVE('',#808,#1629,#2034,.T.);
#2034 = LINE('',#2035,#2036);
#2035 = CARTESIAN_POINT('',(1.27,-1.016,0.));
#2036 = VECTOR('',#2037,1.);
#2037 = DIRECTION('',(0.,0.,1.));
#2038 = ORIENTED_EDGE('',*,*,#1636,.T.);
#2039 = ORIENTED_EDGE('',*,*,#1999,.F.);
#2040 = ORIENTED_EDGE('',*,*,#815,.F.);
#2041 = PLANE('',#2042);
#2042 = AXIS2_PLACEMENT_3D('',#2043,#2044,#2045);
#2043 = CARTESIAN_POINT('',(1.27,-1.016,0.));
#2044 = DIRECTION('',(-1.,0.,0.));
#2045 = DIRECTION('',(0.,1.,0.));
#2046 = ADVANCED_FACE('',(#2047),#2058,.F.);
#2047 = FACE_BOUND('',#2048,.F.);
#2048 = EDGE_LOOP('',(#2049,#2050,#2051,#2057));
#2049 = ORIENTED_EDGE('',*,*,#2018,.T.);
#2050 = ORIENTED_EDGE('',*,*,#1188,.T.);
#2051 = ORIENTED_EDGE('',*,*,#2052,.F.);
#2052 = EDGE_CURVE('',#368,#1189,#2053,.T.);
#2053 = LINE('',#2054,#2055);
#2054 = CARTESIAN_POINT('',(-1.27,-1.524,0.));
#2055 = VECTOR('',#2056,1.);
#2056 = DIRECTION('',(0.,0.,1.));
#2057 = ORIENTED_EDGE('',*,*,#367,.F.);
#2058 = PLANE('',#2059);
#2059 = AXIS2_PLACEMENT_3D('',#2060,#2061,#2062);
#2060 = CARTESIAN_POINT('',(-1.016,-1.27,0.));
#2061 = DIRECTION('',(0.707106781187,-0.707106781187,0.));
#2062 = DIRECTION('',(-0.707106781187,-0.707106781187,0.));
#2063 = ADVANCED_FACE('',(#2064),#2075,.F.);
#2064 = FACE_BOUND('',#2065,.F.);
#2065 = EDGE_LOOP('',(#2066,#2072,#2073,#2074));
#2066 = ORIENTED_EDGE('',*,*,#2067,.T.);
#2067 = EDGE_CURVE('',#800,#1621,#2068,.T.);
#2068 = LINE('',#2069,#2070);
#2069 = CARTESIAN_POINT('',(1.016,-1.27,0.));
#2070 = VECTOR('',#2071,1.);
#2071 = DIRECTION('',(0.,0.,1.));
#2072 = ORIENTED_EDGE('',*,*,#1628,.T.);
#2073 = ORIENTED_EDGE('',*,*,#2033,.F.);
#2074 = ORIENTED_EDGE('',*,*,#807,.F.);
#2075 = PLANE('',#2076);
#2076 = AXIS2_PLACEMENT_3D('',#2077,#2078,#2079);
#2077 = CARTESIAN_POINT('',(1.016,-1.27,0.));
#2078 = DIRECTION('',(-0.707106781187,0.707106781187,0.));
#2079 = DIRECTION('',(0.707106781187,0.707106781187,0.));
#2080 = ADVANCED_FACE('',(#2081),#2092,.F.);
#2081 = FACE_BOUND('',#2082,.F.);
#2082 = EDGE_LOOP('',(#2083,#2084,#2085,#2091));
#2083 = ORIENTED_EDGE('',*,*,#2052,.T.);
#2084 = ORIENTED_EDGE('',*,*,#1196,.T.);
#2085 = ORIENTED_EDGE('',*,*,#2086,.F.);
#2086 = EDGE_CURVE('',#376,#1197,#2087,.T.);
#2087 = LINE('',#2088,#2089);
#2088 = CARTESIAN_POINT('',(-1.27,-3.556,0.));
#2089 = VECTOR('',#2090,1.);
#2090 = DIRECTION('',(0.,0.,1.));
#2091 = ORIENTED_EDGE('',*,*,#375,.F.);
#2092 = PLANE('',#2093);
#2093 = AXIS2_PLACEMENT_3D('',#2094,#2095,#2096);
#2094 = CARTESIAN_POINT('',(-1.27,-1.524,0.));
#2095 = DIRECTION('',(1.,0.,0.));
#2096 = DIRECTION('',(0.,-1.,0.));
#2097 = ADVANCED_FACE('',(#2098),#2109,.F.);
#2098 = FACE_BOUND('',#2099,.F.);
#2099 = EDGE_LOOP('',(#2100,#2106,#2107,#2108));
#2100 = ORIENTED_EDGE('',*,*,#2101,.T.);
#2101 = EDGE_CURVE('',#792,#1613,#2102,.T.);
#2102 = LINE('',#2103,#2104);
#2103 = CARTESIAN_POINT('',(1.27,-1.524,0.));
#2104 = VECTOR('',#2105,1.);
#2105 = DIRECTION('',(0.,0.,1.));
#2106 = ORIENTED_EDGE('',*,*,#1620,.T.);
#2107 = ORIENTED_EDGE('',*,*,#2067,.F.);
#2108 = ORIENTED_EDGE('',*,*,#799,.F.);
#2109 = PLANE('',#2110);
#2110 = AXIS2_PLACEMENT_3D('',#2111,#2112,#2113);
#2111 = CARTESIAN_POINT('',(1.27,-1.524,0.));
#2112 = DIRECTION('',(-0.707106781187,-0.707106781187,0.));
#2113 = DIRECTION('',(-0.707106781187,0.707106781187,0.));
#2114 = ADVANCED_FACE('',(#2115),#2126,.F.);
#2115 = FACE_BOUND('',#2116,.F.);
#2116 = EDGE_LOOP('',(#2117,#2118,#2119,#2125));
#2117 = ORIENTED_EDGE('',*,*,#2086,.T.);
#2118 = ORIENTED_EDGE('',*,*,#1204,.T.);
#2119 = ORIENTED_EDGE('',*,*,#2120,.F.);
#2120 = EDGE_CURVE('',#384,#1205,#2121,.T.);
#2121 = LINE('',#2122,#2123);
#2122 = CARTESIAN_POINT('',(-1.016,-3.81,0.));
#2123 = VECTOR('',#2124,1.);
#2124 = DIRECTION('',(0.,0.,1.));
#2125 = ORIENTED_EDGE('',*,*,#383,.F.);
#2126 = PLANE('',#2127);
#2127 = AXIS2_PLACEMENT_3D('',#2128,#2129,#2130);
#2128 = CARTESIAN_POINT('',(-1.27,-3.556,0.));
#2129 = DIRECTION('',(0.707106781187,0.707106781187,0.));
#2130 = DIRECTION('',(0.707106781187,-0.707106781187,0.));
#2131 = ADVANCED_FACE('',(#2132),#2143,.F.);
#2132 = FACE_BOUND('',#2133,.F.);
#2133 = EDGE_LOOP('',(#2134,#2140,#2141,#2142));
#2134 = ORIENTED_EDGE('',*,*,#2135,.T.);
#2135 = EDGE_CURVE('',#784,#1605,#2136,.T.);
#2136 = LINE('',#2137,#2138);
#2137 = CARTESIAN_POINT('',(1.27,-3.556,0.));
#2138 = VECTOR('',#2139,1.);
#2139 = DIRECTION('',(0.,0.,1.));
#2140 = ORIENTED_EDGE('',*,*,#1612,.T.);
#2141 = ORIENTED_EDGE('',*,*,#2101,.F.);
#2142 = ORIENTED_EDGE('',*,*,#791,.F.);
#2143 = PLANE('',#2144);
#2144 = AXIS2_PLACEMENT_3D('',#2145,#2146,#2147);
#2145 = CARTESIAN_POINT('',(1.27,-3.556,0.));
#2146 = DIRECTION('',(-1.,0.,0.));
#2147 = DIRECTION('',(0.,1.,0.));
#2148 = ADVANCED_FACE('',(#2149),#2160,.F.);
#2149 = FACE_BOUND('',#2150,.F.);
#2150 = EDGE_LOOP('',(#2151,#2152,#2153,#2159));
#2151 = ORIENTED_EDGE('',*,*,#2120,.T.);
#2152 = ORIENTED_EDGE('',*,*,#1212,.T.);
#2153 = ORIENTED_EDGE('',*,*,#2154,.F.);
#2154 = EDGE_CURVE('',#392,#1213,#2155,.T.);
#2155 = LINE('',#2156,#2157);
#2156 = CARTESIAN_POINT('',(-1.27,-4.064,0.));
#2157 = VECTOR('',#2158,1.);
#2158 = DIRECTION('',(0.,0.,1.));
#2159 = ORIENTED_EDGE('',*,*,#391,.F.);
#2160 = PLANE('',#2161);
#2161 = AXIS2_PLACEMENT_3D('',#2162,#2163,#2164);
#2162 = CARTESIAN_POINT('',(-1.016,-3.81,0.));
#2163 = DIRECTION('',(0.707106781187,-0.707106781187,0.));
#2164 = DIRECTION('',(-0.707106781187,-0.707106781187,0.));
#2165 = ADVANCED_FACE('',(#2166),#2177,.F.);
#2166 = FACE_BOUND('',#2167,.F.);
#2167 = EDGE_LOOP('',(#2168,#2174,#2175,#2176));
#2168 = ORIENTED_EDGE('',*,*,#2169,.T.);
#2169 = EDGE_CURVE('',#776,#1597,#2170,.T.);
#2170 = LINE('',#2171,#2172);
#2171 = CARTESIAN_POINT('',(1.016,-3.81,0.));
#2172 = VECTOR('',#2173,1.);
#2173 = DIRECTION('',(0.,0.,1.));
#2174 = ORIENTED_EDGE('',*,*,#1604,.T.);
#2175 = ORIENTED_EDGE('',*,*,#2135,.F.);
#2176 = ORIENTED_EDGE('',*,*,#783,.F.);
#2177 = PLANE('',#2178);
#2178 = AXIS2_PLACEMENT_3D('',#2179,#2180,#2181);
#2179 = CARTESIAN_POINT('',(1.016,-3.81,0.));
#2180 = DIRECTION('',(-0.707106781187,0.707106781187,0.));
#2181 = DIRECTION('',(0.707106781187,0.707106781187,0.));
#2182 = ADVANCED_FACE('',(#2183),#2194,.F.);
#2183 = FACE_BOUND('',#2184,.F.);
#2184 = EDGE_LOOP('',(#2185,#2186,#2187,#2193));
#2185 = ORIENTED_EDGE('',*,*,#2154,.T.);
#2186 = ORIENTED_EDGE('',*,*,#1220,.T.);
#2187 = ORIENTED_EDGE('',*,*,#2188,.F.);
#2188 = EDGE_CURVE('',#400,#1221,#2189,.T.);
#2189 = LINE('',#2190,#2191);
#2190 = CARTESIAN_POINT('',(-1.27,-6.096,0.));
#2191 = VECTOR('',#2192,1.);
#2192 = DIRECTION('',(0.,0.,1.));
#2193 = ORIENTED_EDGE('',*,*,#399,.F.);
#2194 = PLANE('',#2195);
#2195 = AXIS2_PLACEMENT_3D('',#2196,#2197,#2198);
#2196 = CARTESIAN_POINT('',(-1.27,-4.064,0.));
#2197 = DIRECTION('',(1.,0.,0.));
#2198 = DIRECTION('',(0.,-1.,0.));
#2199 = ADVANCED_FACE('',(#2200),#2211,.F.);
#2200 = FACE_BOUND('',#2201,.F.);
#2201 = EDGE_LOOP('',(#2202,#2208,#2209,#2210));
#2202 = ORIENTED_EDGE('',*,*,#2203,.T.);
#2203 = EDGE_CURVE('',#768,#1589,#2204,.T.);
#2204 = LINE('',#2205,#2206);
#2205 = CARTESIAN_POINT('',(1.27,-4.064,0.));
#2206 = VECTOR('',#2207,1.);
#2207 = DIRECTION('',(0.,0.,1.));
#2208 = ORIENTED_EDGE('',*,*,#1596,.T.);
#2209 = ORIENTED_EDGE('',*,*,#2169,.F.);
#2210 = ORIENTED_EDGE('',*,*,#775,.F.);
#2211 = PLANE('',#2212);
#2212 = AXIS2_PLACEMENT_3D('',#2213,#2214,#2215);
#2213 = CARTESIAN_POINT('',(1.27,-4.064,0.));
#2214 = DIRECTION('',(-0.707106781187,-0.707106781187,0.));
#2215 = DIRECTION('',(-0.707106781187,0.707106781187,0.));
#2216 = ADVANCED_FACE('',(#2217),#2228,.F.);
#2217 = FACE_BOUND('',#2218,.F.);
#2218 = EDGE_LOOP('',(#2219,#2220,#2221,#2227));
#2219 = ORIENTED_EDGE('',*,*,#2188,.T.);
#2220 = ORIENTED_EDGE('',*,*,#1228,.T.);
#2221 = ORIENTED_EDGE('',*,*,#2222,.F.);
#2222 = EDGE_CURVE('',#408,#1229,#2223,.T.);
#2223 = LINE('',#2224,#2225);
#2224 = CARTESIAN_POINT('',(-1.016,-6.35,0.));
#2225 = VECTOR('',#2226,1.);
#2226 = DIRECTION('',(0.,0.,1.));
#2227 = ORIENTED_EDGE('',*,*,#407,.F.);
#2228 = PLANE('',#2229);
#2229 = AXIS2_PLACEMENT_3D('',#2230,#2231,#2232);
#2230 = CARTESIAN_POINT('',(-1.27,-6.096,0.));
#2231 = DIRECTION('',(0.707106781187,0.707106781187,0.));
#2232 = DIRECTION('',(0.707106781187,-0.707106781187,0.));
#2233 = ADVANCED_FACE('',(#2234),#2245,.F.);
#2234 = FACE_BOUND('',#2235,.F.);
#2235 = EDGE_LOOP('',(#2236,#2242,#2243,#2244));
#2236 = ORIENTED_EDGE('',*,*,#2237,.T.);
#2237 = EDGE_CURVE('',#760,#1581,#2238,.T.);
#2238 = LINE('',#2239,#2240);
#2239 = CARTESIAN_POINT('',(1.27,-6.096,0.));
#2240 = VECTOR('',#2241,1.);
#2241 = DIRECTION('',(0.,0.,1.));
#2242 = ORIENTED_EDGE('',*,*,#1588,.T.);
#2243 = ORIENTED_EDGE('',*,*,#2203,.F.);
#2244 = ORIENTED_EDGE('',*,*,#767,.F.);
#2245 = PLANE('',#2246);
#2246 = AXIS2_PLACEMENT_3D('',#2247,#2248,#2249);
#2247 = CARTESIAN_POINT('',(1.27,-6.096,0.));
#2248 = DIRECTION('',(-1.,0.,0.));
#2249 = DIRECTION('',(0.,1.,0.));
#2250 = ADVANCED_FACE('',(#2251),#2262,.F.);
#2251 = FACE_BOUND('',#2252,.F.);
#2252 = EDGE_LOOP('',(#2253,#2254,#2255,#2261));
#2253 = ORIENTED_EDGE('',*,*,#2222,.T.);
#2254 = ORIENTED_EDGE('',*,*,#1236,.T.);
#2255 = ORIENTED_EDGE('',*,*,#2256,.F.);
#2256 = EDGE_CURVE('',#416,#1237,#2257,.T.);
#2257 = LINE('',#2258,#2259);
#2258 = CARTESIAN_POINT('',(-1.27,-6.604,0.));
#2259 = VECTOR('',#2260,1.);
#2260 = DIRECTION('',(0.,0.,1.));
#2261 = ORIENTED_EDGE('',*,*,#415,.F.);
#2262 = PLANE('',#2263);
#2263 = AXIS2_PLACEMENT_3D('',#2264,#2265,#2266);
#2264 = CARTESIAN_POINT('',(-1.016,-6.35,0.));
#2265 = DIRECTION('',(0.707106781187,-0.707106781187,0.));
#2266 = DIRECTION('',(-0.707106781187,-0.707106781187,0.));
#2267 = ADVANCED_FACE('',(#2268),#2279,.F.);
#2268 = FACE_BOUND('',#2269,.F.);
#2269 = EDGE_LOOP('',(#2270,#2276,#2277,#2278));
#2270 = ORIENTED_EDGE('',*,*,#2271,.T.);
#2271 = EDGE_CURVE('',#752,#1573,#2272,.T.);
#2272 = LINE('',#2273,#2274);
#2273 = CARTESIAN_POINT('',(1.016,-6.35,0.));
#2274 = VECTOR('',#2275,1.);
#2275 = DIRECTION('',(0.,0.,1.));
#2276 = ORIENTED_EDGE('',*,*,#1580,.T.);
#2277 = ORIENTED_EDGE('',*,*,#2237,.F.);
#2278 = ORIENTED_EDGE('',*,*,#759,.F.);
#2279 = PLANE('',#2280);
#2280 = AXIS2_PLACEMENT_3D('',#2281,#2282,#2283);
#2281 = CARTESIAN_POINT('',(1.016,-6.35,0.));
#2282 = DIRECTION('',(-0.707106781187,0.707106781187,0.));
#2283 = DIRECTION('',(0.707106781187,0.707106781187,0.));
#2284 = ADVANCED_FACE('',(#2285),#2296,.F.);
#2285 = FACE_BOUND('',#2286,.F.);
#2286 = EDGE_LOOP('',(#2287,#2288,#2289,#2295));
#2287 = ORIENTED_EDGE('',*,*,#2256,.T.);
#2288 = ORIENTED_EDGE('',*,*,#1244,.T.);
#2289 = ORIENTED_EDGE('',*,*,#2290,.F.);
#2290 = EDGE_CURVE('',#424,#1245,#2291,.T.);
#2291 = LINE('',#2292,#2293);
#2292 = CARTESIAN_POINT('',(-1.27,-8.636,0.));
#2293 = VECTOR('',#2294,1.);
#2294 = DIRECTION('',(0.,0.,1.));
#2295 = ORIENTED_EDGE('',*,*,#423,.F.);
#2296 = PLANE('',#2297);
#2297 = AXIS2_PLACEMENT_3D('',#2298,#2299,#2300);
#2298 = CARTESIAN_POINT('',(-1.27,-6.604,0.));
#2299 = DIRECTION('',(1.,0.,0.));
#2300 = DIRECTION('',(0.,-1.,0.));
#2301 = ADVANCED_FACE('',(#2302),#2313,.F.);
#2302 = FACE_BOUND('',#2303,.F.);
#2303 = EDGE_LOOP('',(#2304,#2310,#2311,#2312));
#2304 = ORIENTED_EDGE('',*,*,#2305,.T.);
#2305 = EDGE_CURVE('',#744,#1565,#2306,.T.);
#2306 = LINE('',#2307,#2308);
#2307 = CARTESIAN_POINT('',(1.27,-6.604,0.));
#2308 = VECTOR('',#2309,1.);
#2309 = DIRECTION('',(0.,0.,1.));
#2310 = ORIENTED_EDGE('',*,*,#1572,.T.);
#2311 = ORIENTED_EDGE('',*,*,#2271,.F.);
#2312 = ORIENTED_EDGE('',*,*,#751,.F.);
#2313 = PLANE('',#2314);
#2314 = AXIS2_PLACEMENT_3D('',#2315,#2316,#2317);
#2315 = CARTESIAN_POINT('',(1.27,-6.604,0.));
#2316 = DIRECTION('',(-0.707106781187,-0.707106781187,0.));
#2317 = DIRECTION('',(-0.707106781187,0.707106781187,0.));
#2318 = ADVANCED_FACE('',(#2319),#2330,.F.);
#2319 = FACE_BOUND('',#2320,.F.);
#2320 = EDGE_LOOP('',(#2321,#2322,#2323,#2329));
#2321 = ORIENTED_EDGE('',*,*,#2290,.T.);
#2322 = ORIENTED_EDGE('',*,*,#1252,.T.);
#2323 = ORIENTED_EDGE('',*,*,#2324,.F.);
#2324 = EDGE_CURVE('',#432,#1253,#2325,.T.);
#2325 = LINE('',#2326,#2327);
#2326 = CARTESIAN_POINT('',(-1.016,-8.89,0.));
#2327 = VECTOR('',#2328,1.);
#2328 = DIRECTION('',(0.,0.,1.));
#2329 = ORIENTED_EDGE('',*,*,#431,.F.);
#2330 = PLANE('',#2331);
#2331 = AXIS2_PLACEMENT_3D('',#2332,#2333,#2334);
#2332 = CARTESIAN_POINT('',(-1.27,-8.636,0.));
#2333 = DIRECTION('',(0.707106781187,0.707106781187,0.));
#2334 = DIRECTION('',(0.707106781187,-0.707106781187,0.));
#2335 = ADVANCED_FACE('',(#2336),#2347,.F.);
#2336 = FACE_BOUND('',#2337,.F.);
#2337 = EDGE_LOOP('',(#2338,#2344,#2345,#2346));
#2338 = ORIENTED_EDGE('',*,*,#2339,.T.);
#2339 = EDGE_CURVE('',#736,#1557,#2340,.T.);
#2340 = LINE('',#2341,#2342);
#2341 = CARTESIAN_POINT('',(1.27,-8.636,0.));
#2342 = VECTOR('',#2343,1.);
#2343 = DIRECTION('',(0.,0.,1.));
#2344 = ORIENTED_EDGE('',*,*,#1564,.T.);
#2345 = ORIENTED_EDGE('',*,*,#2305,.F.);
#2346 = ORIENTED_EDGE('',*,*,#743,.F.);
#2347 = PLANE('',#2348);
#2348 = AXIS2_PLACEMENT_3D('',#2349,#2350,#2351);
#2349 = CARTESIAN_POINT('',(1.27,-8.636,0.));
#2350 = DIRECTION('',(-1.,0.,0.));
#2351 = DIRECTION('',(0.,1.,0.));
#2352 = ADVANCED_FACE('',(#2353),#2364,.F.);
#2353 = FACE_BOUND('',#2354,.F.);
#2354 = EDGE_LOOP('',(#2355,#2356,#2357,#2363));
#2355 = ORIENTED_EDGE('',*,*,#2324,.T.);
#2356 = ORIENTED_EDGE('',*,*,#1260,.T.);
#2357 = ORIENTED_EDGE('',*,*,#2358,.F.);
#2358 = EDGE_CURVE('',#440,#1261,#2359,.T.);
#2359 = LINE('',#2360,#2361);
#2360 = CARTESIAN_POINT('',(-1.27,-9.144,0.));
#2361 = VECTOR('',#2362,1.);
#2362 = DIRECTION('',(0.,0.,1.));
#2363 = ORIENTED_EDGE('',*,*,#439,.F.);
#2364 = PLANE('',#2365);
#2365 = AXIS2_PLACEMENT_3D('',#2366,#2367,#2368);
#2366 = CARTESIAN_POINT('',(-1.016,-8.89,0.));
#2367 = DIRECTION('',(0.707106781187,-0.707106781187,0.));
#2368 = DIRECTION('',(-0.707106781187,-0.707106781187,0.));
#2369 = ADVANCED_FACE('',(#2370),#2381,.F.);
#2370 = FACE_BOUND('',#2371,.F.);
#2371 = EDGE_LOOP('',(#2372,#2378,#2379,#2380));
#2372 = ORIENTED_EDGE('',*,*,#2373,.T.);
#2373 = EDGE_CURVE('',#728,#1549,#2374,.T.);
#2374 = LINE('',#2375,#2376);
#2375 = CARTESIAN_POINT('',(1.016,-8.89,0.));
#2376 = VECTOR('',#2377,1.);
#2377 = DIRECTION('',(0.,0.,1.));
#2378 = ORIENTED_EDGE('',*,*,#1556,.T.);
#2379 = ORIENTED_EDGE('',*,*,#2339,.F.);
#2380 = ORIENTED_EDGE('',*,*,#735,.F.);
#2381 = PLANE('',#2382);
#2382 = AXIS2_PLACEMENT_3D('',#2383,#2384,#2385);
#2383 = CARTESIAN_POINT('',(1.016,-8.89,0.));
#2384 = DIRECTION('',(-0.707106781187,0.707106781187,0.));
#2385 = DIRECTION('',(0.707106781187,0.707106781187,0.));
#2386 = ADVANCED_FACE('',(#2387),#2398,.F.);
#2387 = FACE_BOUND('',#2388,.F.);
#2388 = EDGE_LOOP('',(#2389,#2390,#2391,#2397));
#2389 = ORIENTED_EDGE('',*,*,#2358,.T.);
#2390 = ORIENTED_EDGE('',*,*,#1268,.T.);
#2391 = ORIENTED_EDGE('',*,*,#2392,.F.);
#2392 = EDGE_CURVE('',#448,#1269,#2393,.T.);
#2393 = LINE('',#2394,#2395);
#2394 = CARTESIAN_POINT('',(-1.27,-11.176,0.));
#2395 = VECTOR('',#2396,1.);
#2396 = DIRECTION('',(0.,0.,1.));
#2397 = ORIENTED_EDGE('',*,*,#447,.F.);
#2398 = PLANE('',#2399);
#2399 = AXIS2_PLACEMENT_3D('',#2400,#2401,#2402);
#2400 = CARTESIAN_POINT('',(-1.27,-9.144,0.));
#2401 = DIRECTION('',(1.,0.,0.));
#2402 = DIRECTION('',(0.,-1.,0.));
#2403 = ADVANCED_FACE('',(#2404),#2415,.F.);
#2404 = FACE_BOUND('',#2405,.F.);
#2405 = EDGE_LOOP('',(#2406,#2412,#2413,#2414));
#2406 = ORIENTED_EDGE('',*,*,#2407,.T.);
#2407 = EDGE_CURVE('',#720,#1541,#2408,.T.);
#2408 = LINE('',#2409,#2410);
#2409 = CARTESIAN_POINT('',(1.27,-9.144,0.));
#2410 = VECTOR('',#2411,1.);
#2411 = DIRECTION('',(0.,0.,1.));
#2412 = ORIENTED_EDGE('',*,*,#1548,.T.);
#2413 = ORIENTED_EDGE('',*,*,#2373,.F.);
#2414 = ORIENTED_EDGE('',*,*,#727,.F.);
#2415 = PLANE('',#2416);
#2416 = AXIS2_PLACEMENT_3D('',#2417,#2418,#2419);
#2417 = CARTESIAN_POINT('',(1.27,-9.144,0.));
#2418 = DIRECTION('',(-0.707106781187,-0.707106781187,0.));
#2419 = DIRECTION('',(-0.707106781187,0.707106781187,0.));
#2420 = ADVANCED_FACE('',(#2421),#2432,.F.);
#2421 = FACE_BOUND('',#2422,.F.);
#2422 = EDGE_LOOP('',(#2423,#2424,#2425,#2431));
#2423 = ORIENTED_EDGE('',*,*,#2392,.T.);
#2424 = ORIENTED_EDGE('',*,*,#1276,.T.);
#2425 = ORIENTED_EDGE('',*,*,#2426,.F.);
#2426 = EDGE_CURVE('',#456,#1277,#2427,.T.);
#2427 = LINE('',#2428,#2429);
#2428 = CARTESIAN_POINT('',(-1.016,-11.43,0.));
#2429 = VECTOR('',#2430,1.);
#2430 = DIRECTION('',(0.,0.,1.));
#2431 = ORIENTED_EDGE('',*,*,#455,.F.);
#2432 = PLANE('',#2433);
#2433 = AXIS2_PLACEMENT_3D('',#2434,#2435,#2436);
#2434 = CARTESIAN_POINT('',(-1.27,-11.176,0.));
#2435 = DIRECTION('',(0.707106781187,0.707106781187,0.));
#2436 = DIRECTION('',(0.707106781187,-0.707106781187,0.));
#2437 = ADVANCED_FACE('',(#2438),#2449,.F.);
#2438 = FACE_BOUND('',#2439,.F.);
#2439 = EDGE_LOOP('',(#2440,#2446,#2447,#2448));
#2440 = ORIENTED_EDGE('',*,*,#2441,.T.);
#2441 = EDGE_CURVE('',#712,#1533,#2442,.T.);
#2442 = LINE('',#2443,#2444);
#2443 = CARTESIAN_POINT('',(1.27,-11.176,0.));
#2444 = VECTOR('',#2445,1.);
#2445 = DIRECTION('',(0.,0.,1.));
#2446 = ORIENTED_EDGE('',*,*,#1540,.T.);
#2447 = ORIENTED_EDGE('',*,*,#2407,.F.);
#2448 = ORIENTED_EDGE('',*,*,#719,.F.);
#2449 = PLANE('',#2450);
#2450 = AXIS2_PLACEMENT_3D('',#2451,#2452,#2453);
#2451 = CARTESIAN_POINT('',(1.27,-11.176,0.));
#2452 = DIRECTION('',(-1.,0.,0.));
#2453 = DIRECTION('',(0.,1.,0.));
#2454 = ADVANCED_FACE('',(#2455),#2466,.F.);
#2455 = FACE_BOUND('',#2456,.F.);
#2456 = EDGE_LOOP('',(#2457,#2458,#2459,#2465));
#2457 = ORIENTED_EDGE('',*,*,#2426,.T.);
#2458 = ORIENTED_EDGE('',*,*,#1284,.T.);
#2459 = ORIENTED_EDGE('',*,*,#2460,.F.);
#2460 = EDGE_CURVE('',#464,#1285,#2461,.T.);
#2461 = LINE('',#2462,#2463);
#2462 = CARTESIAN_POINT('',(-1.27,-11.684,0.));
#2463 = VECTOR('',#2464,1.);
#2464 = DIRECTION('',(0.,0.,1.));
#2465 = ORIENTED_EDGE('',*,*,#463,.F.);
#2466 = PLANE('',#2467);
#2467 = AXIS2_PLACEMENT_3D('',#2468,#2469,#2470);
#2468 = CARTESIAN_POINT('',(-1.016,-11.43,0.));
#2469 = DIRECTION('',(0.707106781187,-0.707106781187,0.));
#2470 = DIRECTION('',(-0.707106781187,-0.707106781187,0.));
#2471 = ADVANCED_FACE('',(#2472),#2483,.F.);
#2472 = FACE_BOUND('',#2473,.F.);
#2473 = EDGE_LOOP('',(#2474,#2480,#2481,#2482));
#2474 = ORIENTED_EDGE('',*,*,#2475,.T.);
#2475 = EDGE_CURVE('',#704,#1525,#2476,.T.);
#2476 = LINE('',#2477,#2478);
#2477 = CARTESIAN_POINT('',(1.016,-11.43,0.));
#2478 = VECTOR('',#2479,1.);
#2479 = DIRECTION('',(0.,0.,1.));
#2480 = ORIENTED_EDGE('',*,*,#1532,.T.);
#2481 = ORIENTED_EDGE('',*,*,#2441,.F.);
#2482 = ORIENTED_EDGE('',*,*,#711,.F.);
#2483 = PLANE('',#2484);
#2484 = AXIS2_PLACEMENT_3D('',#2485,#2486,#2487);
#2485 = CARTESIAN_POINT('',(1.016,-11.43,0.));
#2486 = DIRECTION('',(-0.707106781187,0.707106781187,0.));
#2487 = DIRECTION('',(0.707106781187,0.707106781187,0.));
#2488 = ADVANCED_FACE('',(#2489),#2500,.F.);
#2489 = FACE_BOUND('',#2490,.F.);
#2490 = EDGE_LOOP('',(#2491,#2492,#2493,#2499));
#2491 = ORIENTED_EDGE('',*,*,#2460,.T.);
#2492 = ORIENTED_EDGE('',*,*,#1292,.T.);
#2493 = ORIENTED_EDGE('',*,*,#2494,.F.);
#2494 = EDGE_CURVE('',#472,#1293,#2495,.T.);
#2495 = LINE('',#2496,#2497);
#2496 = CARTESIAN_POINT('',(-1.27,-13.716,0.));
#2497 = VECTOR('',#2498,1.);
#2498 = DIRECTION('',(0.,0.,1.));
#2499 = ORIENTED_EDGE('',*,*,#471,.F.);
#2500 = PLANE('',#2501);
#2501 = AXIS2_PLACEMENT_3D('',#2502,#2503,#2504);
#2502 = CARTESIAN_POINT('',(-1.27,-11.684,0.));
#2503 = DIRECTION('',(1.,0.,0.));
#2504 = DIRECTION('',(0.,-1.,0.));
#2505 = ADVANCED_FACE('',(#2506),#2517,.F.);
#2506 = FACE_BOUND('',#2507,.F.);
#2507 = EDGE_LOOP('',(#2508,#2514,#2515,#2516));
#2508 = ORIENTED_EDGE('',*,*,#2509,.T.);
#2509 = EDGE_CURVE('',#696,#1517,#2510,.T.);
#2510 = LINE('',#2511,#2512);
#2511 = CARTESIAN_POINT('',(1.27,-11.684,0.));
#2512 = VECTOR('',#2513,1.);
#2513 = DIRECTION('',(0.,0.,1.));
#2514 = ORIENTED_EDGE('',*,*,#1524,.T.);
#2515 = ORIENTED_EDGE('',*,*,#2475,.F.);
#2516 = ORIENTED_EDGE('',*,*,#703,.F.);
#2517 = PLANE('',#2518);
#2518 = AXIS2_PLACEMENT_3D('',#2519,#2520,#2521);
#2519 = CARTESIAN_POINT('',(1.27,-11.684,0.));
#2520 = DIRECTION('',(-0.707106781187,-0.707106781187,0.));
#2521 = DIRECTION('',(-0.707106781187,0.707106781187,0.));
#2522 = ADVANCED_FACE('',(#2523),#2534,.F.);
#2523 = FACE_BOUND('',#2524,.F.);
#2524 = EDGE_LOOP('',(#2525,#2526,#2527,#2533));
#2525 = ORIENTED_EDGE('',*,*,#2494,.T.);
#2526 = ORIENTED_EDGE('',*,*,#1300,.T.);
#2527 = ORIENTED_EDGE('',*,*,#2528,.F.);
#2528 = EDGE_CURVE('',#480,#1301,#2529,.T.);
#2529 = LINE('',#2530,#2531);
#2530 = CARTESIAN_POINT('',(-1.016,-13.97,0.));
#2531 = VECTOR('',#2532,1.);
#2532 = DIRECTION('',(0.,0.,1.));
#2533 = ORIENTED_EDGE('',*,*,#479,.F.);
#2534 = PLANE('',#2535);
#2535 = AXIS2_PLACEMENT_3D('',#2536,#2537,#2538);
#2536 = CARTESIAN_POINT('',(-1.27,-13.716,0.));
#2537 = DIRECTION('',(0.707106781187,0.707106781187,0.));
#2538 = DIRECTION('',(0.707106781187,-0.707106781187,0.));
#2539 = ADVANCED_FACE('',(#2540),#2551,.F.);
#2540 = FACE_BOUND('',#2541,.F.);
#2541 = EDGE_LOOP('',(#2542,#2548,#2549,#2550));
#2542 = ORIENTED_EDGE('',*,*,#2543,.T.);
#2543 = EDGE_CURVE('',#688,#1509,#2544,.T.);
#2544 = LINE('',#2545,#2546);
#2545 = CARTESIAN_POINT('',(1.27,-13.716,0.));
#2546 = VECTOR('',#2547,1.);
#2547 = DIRECTION('',(0.,0.,1.));
#2548 = ORIENTED_EDGE('',*,*,#1516,.T.);
#2549 = ORIENTED_EDGE('',*,*,#2509,.F.);
#2550 = ORIENTED_EDGE('',*,*,#695,.F.);
#2551 = PLANE('',#2552);
#2552 = AXIS2_PLACEMENT_3D('',#2553,#2554,#2555);
#2553 = CARTESIAN_POINT('',(1.27,-13.716,0.));
#2554 = DIRECTION('',(-1.,0.,0.));
#2555 = DIRECTION('',(0.,1.,0.));
#2556 = ADVANCED_FACE('',(#2557),#2568,.F.);
#2557 = FACE_BOUND('',#2558,.F.);
#2558 = EDGE_LOOP('',(#2559,#2560,#2561,#2567));
#2559 = ORIENTED_EDGE('',*,*,#2528,.T.);
#2560 = ORIENTED_EDGE('',*,*,#1308,.T.);
#2561 = ORIENTED_EDGE('',*,*,#2562,.F.);
#2562 = EDGE_CURVE('',#488,#1309,#2563,.T.);
#2563 = LINE('',#2564,#2565);
#2564 = CARTESIAN_POINT('',(-1.27,-14.224,0.));
#2565 = VECTOR('',#2566,1.);
#2566 = DIRECTION('',(0.,0.,1.));
#2567 = ORIENTED_EDGE('',*,*,#487,.F.);
#2568 = PLANE('',#2569);
#2569 = AXIS2_PLACEMENT_3D('',#2570,#2571,#2572);
#2570 = CARTESIAN_POINT('',(-1.016,-13.97,0.));
#2571 = DIRECTION('',(0.707106781187,-0.707106781187,0.));
#2572 = DIRECTION('',(-0.707106781187,-0.707106781187,0.));
#2573 = ADVANCED_FACE('',(#2574),#2585,.F.);
#2574 = FACE_BOUND('',#2575,.F.);
#2575 = EDGE_LOOP('',(#2576,#2582,#2583,#2584));
#2576 = ORIENTED_EDGE('',*,*,#2577,.T.);
#2577 = EDGE_CURVE('',#680,#1501,#2578,.T.);
#2578 = LINE('',#2579,#2580);
#2579 = CARTESIAN_POINT('',(1.016,-13.97,0.));
#2580 = VECTOR('',#2581,1.);
#2581 = DIRECTION('',(0.,0.,1.));
#2582 = ORIENTED_EDGE('',*,*,#1508,.T.);
#2583 = ORIENTED_EDGE('',*,*,#2543,.F.);
#2584 = ORIENTED_EDGE('',*,*,#687,.F.);
#2585 = PLANE('',#2586);
#2586 = AXIS2_PLACEMENT_3D('',#2587,#2588,#2589);
#2587 = CARTESIAN_POINT('',(1.016,-13.97,0.));
#2588 = DIRECTION('',(-0.707106781187,0.707106781187,0.));
#2589 = DIRECTION('',(0.707106781187,0.707106781187,0.));
#2590 = ADVANCED_FACE('',(#2591),#2602,.F.);
#2591 = FACE_BOUND('',#2592,.F.);
#2592 = EDGE_LOOP('',(#2593,#2594,#2595,#2601));
#2593 = ORIENTED_EDGE('',*,*,#2562,.T.);
#2594 = ORIENTED_EDGE('',*,*,#1316,.T.);
#2595 = ORIENTED_EDGE('',*,*,#2596,.F.);
#2596 = EDGE_CURVE('',#496,#1317,#2597,.T.);
#2597 = LINE('',#2598,#2599);
#2598 = CARTESIAN_POINT('',(-1.27,-16.256,0.));
#2599 = VECTOR('',#2600,1.);
#2600 = DIRECTION('',(0.,0.,1.));
#2601 = ORIENTED_EDGE('',*,*,#495,.F.);
#2602 = PLANE('',#2603);
#2603 = AXIS2_PLACEMENT_3D('',#2604,#2605,#2606);
#2604 = CARTESIAN_POINT('',(-1.27,-14.224,0.));
#2605 = DIRECTION('',(1.,0.,0.));
#2606 = DIRECTION('',(0.,-1.,0.));
#2607 = ADVANCED_FACE('',(#2608),#2619,.F.);
#2608 = FACE_BOUND('',#2609,.F.);
#2609 = EDGE_LOOP('',(#2610,#2616,#2617,#2618));
#2610 = ORIENTED_EDGE('',*,*,#2611,.T.);
#2611 = EDGE_CURVE('',#672,#1493,#2612,.T.);
#2612 = LINE('',#2613,#2614);
#2613 = CARTESIAN_POINT('',(1.27,-14.224,0.));
#2614 = VECTOR('',#2615,1.);
#2615 = DIRECTION('',(0.,0.,1.));
#2616 = ORIENTED_EDGE('',*,*,#1500,.T.);
#2617 = ORIENTED_EDGE('',*,*,#2577,.F.);
#2618 = ORIENTED_EDGE('',*,*,#679,.F.);
#2619 = PLANE('',#2620);
#2620 = AXIS2_PLACEMENT_3D('',#2621,#2622,#2623);
#2621 = CARTESIAN_POINT('',(1.27,-14.224,0.));
#2622 = DIRECTION('',(-0.707106781187,-0.707106781187,0.));
#2623 = DIRECTION('',(-0.707106781187,0.707106781187,0.));
#2624 = ADVANCED_FACE('',(#2625),#2636,.F.);
#2625 = FACE_BOUND('',#2626,.F.);
#2626 = EDGE_LOOP('',(#2627,#2628,#2629,#2635));
#2627 = ORIENTED_EDGE('',*,*,#2596,.T.);
#2628 = ORIENTED_EDGE('',*,*,#1324,.T.);
#2629 = ORIENTED_EDGE('',*,*,#2630,.F.);
#2630 = EDGE_CURVE('',#504,#1325,#2631,.T.);
#2631 = LINE('',#2632,#2633);
#2632 = CARTESIAN_POINT('',(-1.016,-16.51,0.));
#2633 = VECTOR('',#2634,1.);
#2634 = DIRECTION('',(0.,0.,1.));
#2635 = ORIENTED_EDGE('',*,*,#503,.F.);
#2636 = PLANE('',#2637);
#2637 = AXIS2_PLACEMENT_3D('',#2638,#2639,#2640);
#2638 = CARTESIAN_POINT('',(-1.27,-16.256,0.));
#2639 = DIRECTION('',(0.707106781187,0.707106781187,0.));
#2640 = DIRECTION('',(0.707106781187,-0.707106781187,0.));
#2641 = ADVANCED_FACE('',(#2642),#2653,.F.);
#2642 = FACE_BOUND('',#2643,.F.);
#2643 = EDGE_LOOP('',(#2644,#2650,#2651,#2652));
#2644 = ORIENTED_EDGE('',*,*,#2645,.T.);
#2645 = EDGE_CURVE('',#664,#1485,#2646,.T.);
#2646 = LINE('',#2647,#2648);
#2647 = CARTESIAN_POINT('',(1.27,-16.256,0.));
#2648 = VECTOR('',#2649,1.);
#2649 = DIRECTION('',(0.,0.,1.));
#2650 = ORIENTED_EDGE('',*,*,#1492,.T.);
#2651 = ORIENTED_EDGE('',*,*,#2611,.F.);
#2652 = ORIENTED_EDGE('',*,*,#671,.F.);
#2653 = PLANE('',#2654);
#2654 = AXIS2_PLACEMENT_3D('',#2655,#2656,#2657);
#2655 = CARTESIAN_POINT('',(1.27,-16.256,0.));
#2656 = DIRECTION('',(-1.,0.,0.));
#2657 = DIRECTION('',(0.,1.,0.));
#2658 = ADVANCED_FACE('',(#2659),#2670,.F.);
#2659 = FACE_BOUND('',#2660,.F.);
#2660 = EDGE_LOOP('',(#2661,#2662,#2663,#2669));
#2661 = ORIENTED_EDGE('',*,*,#2630,.T.);
#2662 = ORIENTED_EDGE('',*,*,#1332,.T.);
#2663 = ORIENTED_EDGE('',*,*,#2664,.F.);
#2664 = EDGE_CURVE('',#512,#1333,#2665,.T.);
#2665 = LINE('',#2666,#2667);
#2666 = CARTESIAN_POINT('',(-1.27,-16.764,0.));
#2667 = VECTOR('',#2668,1.);
#2668 = DIRECTION('',(0.,0.,1.));
#2669 = ORIENTED_EDGE('',*,*,#511,.F.);
#2670 = PLANE('',#2671);
#2671 = AXIS2_PLACEMENT_3D('',#2672,#2673,#2674);
#2672 = CARTESIAN_POINT('',(-1.016,-16.51,0.));
#2673 = DIRECTION('',(0.707106781187,-0.707106781187,0.));
#2674 = DIRECTION('',(-0.707106781187,-0.707106781187,0.));
#2675 = ADVANCED_FACE('',(#2676),#2687,.F.);
#2676 = FACE_BOUND('',#2677,.F.);
#2677 = EDGE_LOOP('',(#2678,#2684,#2685,#2686));
#2678 = ORIENTED_EDGE('',*,*,#2679,.T.);
#2679 = EDGE_CURVE('',#656,#1477,#2680,.T.);
#2680 = LINE('',#2681,#2682);
#2681 = CARTESIAN_POINT('',(1.016,-16.51,0.));
#2682 = VECTOR('',#2683,1.);
#2683 = DIRECTION('',(0.,0.,1.));
#2684 = ORIENTED_EDGE('',*,*,#1484,.T.);
#2685 = ORIENTED_EDGE('',*,*,#2645,.F.);
#2686 = ORIENTED_EDGE('',*,*,#663,.F.);
#2687 = PLANE('',#2688);
#2688 = AXIS2_PLACEMENT_3D('',#2689,#2690,#2691);
#2689 = CARTESIAN_POINT('',(1.016,-16.51,0.));
#2690 = DIRECTION('',(-0.707106781187,0.707106781187,0.));
#2691 = DIRECTION('',(0.707106781187,0.707106781187,0.));
#2692 = ADVANCED_FACE('',(#2693),#2704,.F.);
#2693 = FACE_BOUND('',#2694,.F.);
#2694 = EDGE_LOOP('',(#2695,#2696,#2697,#2703));
#2695 = ORIENTED_EDGE('',*,*,#2664,.T.);
#2696 = ORIENTED_EDGE('',*,*,#1340,.T.);
#2697 = ORIENTED_EDGE('',*,*,#2698,.F.);
#2698 = EDGE_CURVE('',#520,#1341,#2699,.T.);
#2699 = LINE('',#2700,#2701);
#2700 = CARTESIAN_POINT('',(-1.27,-18.796,0.));
#2701 = VECTOR('',#2702,1.);
#2702 = DIRECTION('',(0.,0.,1.));
#2703 = ORIENTED_EDGE('',*,*,#519,.F.);
#2704 = PLANE('',#2705);
#2705 = AXIS2_PLACEMENT_3D('',#2706,#2707,#2708);
#2706 = CARTESIAN_POINT('',(-1.27,-16.764,0.));
#2707 = DIRECTION('',(1.,0.,0.));
#2708 = DIRECTION('',(0.,-1.,0.));
#2709 = ADVANCED_FACE('',(#2710),#2721,.F.);
#2710 = FACE_BOUND('',#2711,.F.);
#2711 = EDGE_LOOP('',(#2712,#2718,#2719,#2720));
#2712 = ORIENTED_EDGE('',*,*,#2713,.T.);
#2713 = EDGE_CURVE('',#648,#1469,#2714,.T.);
#2714 = LINE('',#2715,#2716);
#2715 = CARTESIAN_POINT('',(1.27,-16.764,0.));
#2716 = VECTOR('',#2717,1.);
#2717 = DIRECTION('',(0.,0.,1.));
#2718 = ORIENTED_EDGE('',*,*,#1476,.T.);
#2719 = ORIENTED_EDGE('',*,*,#2679,.F.);
#2720 = ORIENTED_EDGE('',*,*,#655,.F.);
#2721 = PLANE('',#2722);
#2722 = AXIS2_PLACEMENT_3D('',#2723,#2724,#2725);
#2723 = CARTESIAN_POINT('',(1.27,-16.764,0.));
#2724 = DIRECTION('',(-0.707106781187,-0.707106781187,0.));
#2725 = DIRECTION('',(-0.707106781187,0.707106781187,0.));
#2726 = ADVANCED_FACE('',(#2727),#2738,.F.);
#2727 = FACE_BOUND('',#2728,.F.);
#2728 = EDGE_LOOP('',(#2729,#2730,#2731,#2737));
#2729 = ORIENTED_EDGE('',*,*,#2698,.T.);
#2730 = ORIENTED_EDGE('',*,*,#1348,.T.);
#2731 = ORIENTED_EDGE('',*,*,#2732,.F.);
#2732 = EDGE_CURVE('',#528,#1349,#2733,.T.);
#2733 = LINE('',#2734,#2735);
#2734 = CARTESIAN_POINT('',(-1.016,-19.05,0.));
#2735 = VECTOR('',#2736,1.);
#2736 = DIRECTION('',(0.,0.,1.));
#2737 = ORIENTED_EDGE('',*,*,#527,.F.);
#2738 = PLANE('',#2739);
#2739 = AXIS2_PLACEMENT_3D('',#2740,#2741,#2742);
#2740 = CARTESIAN_POINT('',(-1.27,-18.796,0.));
#2741 = DIRECTION('',(0.707106781187,0.707106781187,0.));
#2742 = DIRECTION('',(0.707106781187,-0.707106781187,0.));
#2743 = ADVANCED_FACE('',(#2744),#2755,.F.);
#2744 = FACE_BOUND('',#2745,.F.);
#2745 = EDGE_LOOP('',(#2746,#2752,#2753,#2754));
#2746 = ORIENTED_EDGE('',*,*,#2747,.T.);
#2747 = EDGE_CURVE('',#640,#1461,#2748,.T.);
#2748 = LINE('',#2749,#2750);
#2749 = CARTESIAN_POINT('',(1.27,-18.796,0.));
#2750 = VECTOR('',#2751,1.);
#2751 = DIRECTION('',(0.,0.,1.));
#2752 = ORIENTED_EDGE('',*,*,#1468,.T.);
#2753 = ORIENTED_EDGE('',*,*,#2713,.F.);
#2754 = ORIENTED_EDGE('',*,*,#647,.F.);
#2755 = PLANE('',#2756);
#2756 = AXIS2_PLACEMENT_3D('',#2757,#2758,#2759);
#2757 = CARTESIAN_POINT('',(1.27,-18.796,0.));
#2758 = DIRECTION('',(-1.,0.,0.));
#2759 = DIRECTION('',(0.,1.,0.));
#2760 = ADVANCED_FACE('',(#2761),#2772,.F.);
#2761 = FACE_BOUND('',#2762,.F.);
#2762 = EDGE_LOOP('',(#2763,#2764,#2765,#2771));
#2763 = ORIENTED_EDGE('',*,*,#2732,.T.);
#2764 = ORIENTED_EDGE('',*,*,#1356,.T.);
#2765 = ORIENTED_EDGE('',*,*,#2766,.F.);
#2766 = EDGE_CURVE('',#536,#1357,#2767,.T.);
#2767 = LINE('',#2768,#2769);
#2768 = CARTESIAN_POINT('',(-1.27,-19.304,0.));
#2769 = VECTOR('',#2770,1.);
#2770 = DIRECTION('',(0.,0.,1.));
#2771 = ORIENTED_EDGE('',*,*,#535,.F.);
#2772 = PLANE('',#2773);
#2773 = AXIS2_PLACEMENT_3D('',#2774,#2775,#2776);
#2774 = CARTESIAN_POINT('',(-1.016,-19.05,0.));
#2775 = DIRECTION('',(0.707106781187,-0.707106781187,0.));
#2776 = DIRECTION('',(-0.707106781187,-0.707106781187,0.));
#2777 = ADVANCED_FACE('',(#2778),#2789,.F.);
#2778 = FACE_BOUND('',#2779,.F.);
#2779 = EDGE_LOOP('',(#2780,#2786,#2787,#2788));
#2780 = ORIENTED_EDGE('',*,*,#2781,.T.);
#2781 = EDGE_CURVE('',#632,#1453,#2782,.T.);
#2782 = LINE('',#2783,#2784);
#2783 = CARTESIAN_POINT('',(1.016,-19.05,0.));
#2784 = VECTOR('',#2785,1.);
#2785 = DIRECTION('',(0.,0.,1.));
#2786 = ORIENTED_EDGE('',*,*,#1460,.T.);
#2787 = ORIENTED_EDGE('',*,*,#2747,.F.);
#2788 = ORIENTED_EDGE('',*,*,#639,.F.);
#2789 = PLANE('',#2790);
#2790 = AXIS2_PLACEMENT_3D('',#2791,#2792,#2793);
#2791 = CARTESIAN_POINT('',(1.016,-19.05,0.));
#2792 = DIRECTION('',(-0.707106781187,0.707106781187,0.));
#2793 = DIRECTION('',(0.707106781187,0.707106781187,0.));
#2794 = ADVANCED_FACE('',(#2795),#2806,.F.);
#2795 = FACE_BOUND('',#2796,.F.);
#2796 = EDGE_LOOP('',(#2797,#2798,#2799,#2805));
#2797 = ORIENTED_EDGE('',*,*,#2766,.T.);
#2798 = ORIENTED_EDGE('',*,*,#1364,.T.);
#2799 = ORIENTED_EDGE('',*,*,#2800,.F.);
#2800 = EDGE_CURVE('',#544,#1365,#2801,.T.);
#2801 = LINE('',#2802,#2803);
#2802 = CARTESIAN_POINT('',(-1.27,-21.336,0.));
#2803 = VECTOR('',#2804,1.);
#2804 = DIRECTION('',(0.,0.,1.));
#2805 = ORIENTED_EDGE('',*,*,#543,.F.);
#2806 = PLANE('',#2807);
#2807 = AXIS2_PLACEMENT_3D('',#2808,#2809,#2810);
#2808 = CARTESIAN_POINT('',(-1.27,-19.304,0.));
#2809 = DIRECTION('',(1.,0.,0.));
#2810 = DIRECTION('',(0.,-1.,0.));
#2811 = ADVANCED_FACE('',(#2812),#2823,.F.);
#2812 = FACE_BOUND('',#2813,.F.);
#2813 = EDGE_LOOP('',(#2814,#2820,#2821,#2822));
#2814 = ORIENTED_EDGE('',*,*,#2815,.T.);
#2815 = EDGE_CURVE('',#624,#1445,#2816,.T.);
#2816 = LINE('',#2817,#2818);
#2817 = CARTESIAN_POINT('',(1.27,-19.304,0.));
#2818 = VECTOR('',#2819,1.);
#2819 = DIRECTION('',(0.,0.,1.));
#2820 = ORIENTED_EDGE('',*,*,#1452,.T.);
#2821 = ORIENTED_EDGE('',*,*,#2781,.F.);
#2822 = ORIENTED_EDGE('',*,*,#631,.F.);
#2823 = PLANE('',#2824);
#2824 = AXIS2_PLACEMENT_3D('',#2825,#2826,#2827);
#2825 = CARTESIAN_POINT('',(1.27,-19.304,0.));
#2826 = DIRECTION('',(-0.707106781187,-0.707106781187,0.));
#2827 = DIRECTION('',(-0.707106781187,0.707106781187,0.));
#2828 = ADVANCED_FACE('',(#2829),#2840,.F.);
#2829 = FACE_BOUND('',#2830,.F.);
#2830 = EDGE_LOOP('',(#2831,#2832,#2833,#2839));
#2831 = ORIENTED_EDGE('',*,*,#2800,.T.);
#2832 = ORIENTED_EDGE('',*,*,#1372,.T.);
#2833 = ORIENTED_EDGE('',*,*,#2834,.F.);
#2834 = EDGE_CURVE('',#552,#1373,#2835,.T.);
#2835 = LINE('',#2836,#2837);
#2836 = CARTESIAN_POINT('',(-1.016,-21.59,0.));
#2837 = VECTOR('',#2838,1.);
#2838 = DIRECTION('',(0.,0.,1.));
#2839 = ORIENTED_EDGE('',*,*,#551,.F.);
#2840 = PLANE('',#2841);
#2841 = AXIS2_PLACEMENT_3D('',#2842,#2843,#2844);
#2842 = CARTESIAN_POINT('',(-1.27,-21.336,0.));
#2843 = DIRECTION('',(0.707106781187,0.707106781187,0.));
#2844 = DIRECTION('',(0.707106781187,-0.707106781187,0.));
#2845 = ADVANCED_FACE('',(#2846),#2857,.F.);
#2846 = FACE_BOUND('',#2847,.F.);
#2847 = EDGE_LOOP('',(#2848,#2854,#2855,#2856));
#2848 = ORIENTED_EDGE('',*,*,#2849,.T.);
#2849 = EDGE_CURVE('',#616,#1437,#2850,.T.);
#2850 = LINE('',#2851,#2852);
#2851 = CARTESIAN_POINT('',(1.27,-21.336,0.));
#2852 = VECTOR('',#2853,1.);
#2853 = DIRECTION('',(0.,0.,1.));
#2854 = ORIENTED_EDGE('',*,*,#1444,.T.);
#2855 = ORIENTED_EDGE('',*,*,#2815,.F.);
#2856 = ORIENTED_EDGE('',*,*,#623,.F.);
#2857 = PLANE('',#2858);
#2858 = AXIS2_PLACEMENT_3D('',#2859,#2860,#2861);
#2859 = CARTESIAN_POINT('',(1.27,-21.336,0.));
#2860 = DIRECTION('',(-1.,0.,0.));
#2861 = DIRECTION('',(0.,1.,0.));
#2862 = ADVANCED_FACE('',(#2863),#2874,.F.);
#2863 = FACE_BOUND('',#2864,.F.);
#2864 = EDGE_LOOP('',(#2865,#2866,#2867,#2873));
#2865 = ORIENTED_EDGE('',*,*,#2834,.T.);
#2866 = ORIENTED_EDGE('',*,*,#1380,.T.);
#2867 = ORIENTED_EDGE('',*,*,#2868,.F.);
#2868 = EDGE_CURVE('',#560,#1381,#2869,.T.);
#2869 = LINE('',#2870,#2871);
#2870 = CARTESIAN_POINT('',(-1.27,-21.844,0.));
#2871 = VECTOR('',#2872,1.);
#2872 = DIRECTION('',(0.,0.,1.));
#2873 = ORIENTED_EDGE('',*,*,#559,.F.);
#2874 = PLANE('',#2875);
#2875 = AXIS2_PLACEMENT_3D('',#2876,#2877,#2878);
#2876 = CARTESIAN_POINT('',(-1.016,-21.59,0.));
#2877 = DIRECTION('',(0.707106781187,-0.707106781187,0.));
#2878 = DIRECTION('',(-0.707106781187,-0.707106781187,0.));
#2879 = ADVANCED_FACE('',(#2880),#2891,.F.);
#2880 = FACE_BOUND('',#2881,.F.);
#2881 = EDGE_LOOP('',(#2882,#2888,#2889,#2890));
#2882 = ORIENTED_EDGE('',*,*,#2883,.T.);
#2883 = EDGE_CURVE('',#608,#1429,#2884,.T.);
#2884 = LINE('',#2885,#2886);
#2885 = CARTESIAN_POINT('',(1.016,-21.59,0.));
#2886 = VECTOR('',#2887,1.);
#2887 = DIRECTION('',(0.,0.,1.));
#2888 = ORIENTED_EDGE('',*,*,#1436,.T.);
#2889 = ORIENTED_EDGE('',*,*,#2849,.F.);
#2890 = ORIENTED_EDGE('',*,*,#615,.F.);
#2891 = PLANE('',#2892);
#2892 = AXIS2_PLACEMENT_3D('',#2893,#2894,#2895);
#2893 = CARTESIAN_POINT('',(1.016,-21.59,0.));
#2894 = DIRECTION('',(-0.707106781187,0.707106781187,0.));
#2895 = DIRECTION('',(0.707106781187,0.707106781187,0.));
#2896 = ADVANCED_FACE('',(#2897),#2908,.F.);
#2897 = FACE_BOUND('',#2898,.F.);
#2898 = EDGE_LOOP('',(#2899,#2900,#2901,#2907));
#2899 = ORIENTED_EDGE('',*,*,#2868,.T.);
#2900 = ORIENTED_EDGE('',*,*,#1388,.T.);
#2901 = ORIENTED_EDGE('',*,*,#2902,.F.);
#2902 = EDGE_CURVE('',#568,#1389,#2903,.T.);
#2903 = LINE('',#2904,#2905);
#2904 = CARTESIAN_POINT('',(-1.27,-23.876,0.));
#2905 = VECTOR('',#2906,1.);
#2906 = DIRECTION('',(0.,0.,1.));
#2907 = ORIENTED_EDGE('',*,*,#567,.F.);
#2908 = PLANE('',#2909);
#2909 = AXIS2_PLACEMENT_3D('',#2910,#2911,#2912);
#2910 = CARTESIAN_POINT('',(-1.27,-21.844,0.));
#2911 = DIRECTION('',(1.,0.,0.));
#2912 = DIRECTION('',(0.,-1.,0.));
#2913 = ADVANCED_FACE('',(#2914),#2925,.F.);
#2914 = FACE_BOUND('',#2915,.F.);
#2915 = EDGE_LOOP('',(#2916,#2922,#2923,#2924));
#2916 = ORIENTED_EDGE('',*,*,#2917,.T.);
#2917 = EDGE_CURVE('',#600,#1421,#2918,.T.);
#2918 = LINE('',#2919,#2920);
#2919 = CARTESIAN_POINT('',(1.27,-21.844,0.));
#2920 = VECTOR('',#2921,1.);
#2921 = DIRECTION('',(0.,0.,1.));
#2922 = ORIENTED_EDGE('',*,*,#1428,.T.);
#2923 = ORIENTED_EDGE('',*,*,#2883,.F.);
#2924 = ORIENTED_EDGE('',*,*,#607,.F.);
#2925 = PLANE('',#2926);
#2926 = AXIS2_PLACEMENT_3D('',#2927,#2928,#2929);
#2927 = CARTESIAN_POINT('',(1.27,-21.844,0.));
#2928 = DIRECTION('',(-0.707106781187,-0.707106781187,0.));
#2929 = DIRECTION('',(-0.707106781187,0.707106781187,0.));
#2930 = ADVANCED_FACE('',(#2931),#2942,.F.);
#2931 = FACE_BOUND('',#2932,.F.);
#2932 = EDGE_LOOP('',(#2933,#2934,#2935,#2941));
#2933 = ORIENTED_EDGE('',*,*,#2902,.T.);
#2934 = ORIENTED_EDGE('',*,*,#1396,.T.);
#2935 = ORIENTED_EDGE('',*,*,#2936,.F.);
#2936 = EDGE_CURVE('',#576,#1397,#2937,.T.);
#2937 = LINE('',#2938,#2939);
#2938 = CARTESIAN_POINT('',(-1.016,-24.13,0.));
#2939 = VECTOR('',#2940,1.);
#2940 = DIRECTION('',(0.,0.,1.));
#2941 = ORIENTED_EDGE('',*,*,#575,.F.);
#2942 = PLANE('',#2943);
#2943 = AXIS2_PLACEMENT_3D('',#2944,#2945,#2946);
#2944 = CARTESIAN_POINT('',(-1.27,-23.876,0.));
#2945 = DIRECTION('',(0.707106781187,0.707106781187,0.));
#2946 = DIRECTION('',(0.707106781187,-0.707106781187,0.));
#2947 = ADVANCED_FACE('',(#2948),#2959,.F.);
#2948 = FACE_BOUND('',#2949,.F.);
#2949 = EDGE_LOOP('',(#2950,#2956,#2957,#2958));
#2950 = ORIENTED_EDGE('',*,*,#2951,.T.);
#2951 = EDGE_CURVE('',#592,#1413,#2952,.T.);
#2952 = LINE('',#2953,#2954);
#2953 = CARTESIAN_POINT('',(1.27,-23.876,0.));
#2954 = VECTOR('',#2955,1.);
#2955 = DIRECTION('',(0.,0.,1.));
#2956 = ORIENTED_EDGE('',*,*,#1420,.T.);
#2957 = ORIENTED_EDGE('',*,*,#2917,.F.);
#2958 = ORIENTED_EDGE('',*,*,#599,.F.);
#2959 = PLANE('',#2960);
#2960 = AXIS2_PLACEMENT_3D('',#2961,#2962,#2963);
#2961 = CARTESIAN_POINT('',(1.27,-23.876,0.));
#2962 = DIRECTION('',(-1.,0.,0.));
#2963 = DIRECTION('',(0.,1.,0.));
#2964 = ADVANCED_FACE('',(#2965),#2976,.F.);
#2965 = FACE_BOUND('',#2966,.F.);
#2966 = EDGE_LOOP('',(#2967,#2968,#2969,#2975));
#2967 = ORIENTED_EDGE('',*,*,#2936,.T.);
#2968 = ORIENTED_EDGE('',*,*,#1404,.T.);
#2969 = ORIENTED_EDGE('',*,*,#2970,.F.);
#2970 = EDGE_CURVE('',#584,#1405,#2971,.T.);
#2971 = LINE('',#2972,#2973);
#2972 = CARTESIAN_POINT('',(1.016,-24.13,0.));
#2973 = VECTOR('',#2974,1.);
#2974 = DIRECTION('',(0.,0.,1.));
#2975 = ORIENTED_EDGE('',*,*,#583,.F.);
#2976 = PLANE('',#2977);
#2977 = AXIS2_PLACEMENT_3D('',#2978,#2979,#2980);
#2978 = CARTESIAN_POINT('',(-1.016,-24.13,0.));
#2979 = DIRECTION('',(0.,1.,0.));
#2980 = DIRECTION('',(1.,0.,0.));
#2981 = ADVANCED_FACE('',(#2982),#2988,.F.);
#2982 = FACE_BOUND('',#2983,.F.);
#2983 = EDGE_LOOP('',(#2984,#2985,#2986,#2987));
#2984 = ORIENTED_EDGE('',*,*,#2970,.T.);
#2985 = ORIENTED_EDGE('',*,*,#1412,.T.);
#2986 = ORIENTED_EDGE('',*,*,#2951,.F.);
#2987 = ORIENTED_EDGE('',*,*,#591,.F.);
#2988 = PLANE('',#2989);
#2989 = AXIS2_PLACEMENT_3D('',#2990,#2991,#2992);
#2990 = CARTESIAN_POINT('',(1.016,-24.13,0.));
#2991 = DIRECTION('',(-0.707106781187,0.707106781187,0.));
#2992 = DIRECTION('',(0.707106781187,0.707106781187,0.));
#2993 = ADVANCED_FACE('',(#2994),#3019,.T.);
#2994 = FACE_BOUND('',#2995,.T.);
#2995 = EDGE_LOOP('',(#2996,#3004,#3012,#3018));
#2996 = ORIENTED_EDGE('',*,*,#2997,.F.);
#2997 = EDGE_CURVE('',#2998,#833,#3000,.T.);
#2998 = VERTEX_POINT('',#2999);
#2999 = CARTESIAN_POINT('',(0.32,-13.02,-2.84));
#3000 = LINE('',#3001,#3002);
#3001 = CARTESIAN_POINT('',(0.32,-13.02,-3.));
#3002 = VECTOR('',#3003,1.);
#3003 = DIRECTION('',(0.,0.,1.));
#3004 = ORIENTED_EDGE('',*,*,#3005,.T.);
#3005 = EDGE_CURVE('',#2998,#3006,#3008,.T.);
#3006 = VERTEX_POINT('',#3007);
#3007 = CARTESIAN_POINT('',(0.32,-12.38,-2.84));
#3008 = LINE('',#3009,#3010);
#3009 = CARTESIAN_POINT('',(0.32,-13.02,-2.84));
#3010 = VECTOR('',#3011,1.);
#3011 = DIRECTION('',(0.,1.,0.));
#3012 = ORIENTED_EDGE('',*,*,#3013,.T.);
#3013 = EDGE_CURVE('',#3006,#835,#3014,.T.);
#3014 = LINE('',#3015,#3016);
#3015 = CARTESIAN_POINT('',(0.32,-12.38,-3.));
#3016 = VECTOR('',#3017,1.);
#3017 = DIRECTION('',(0.,0.,1.));
#3018 = ORIENTED_EDGE('',*,*,#832,.F.);
#3019 = PLANE('',#3020);
#3020 = AXIS2_PLACEMENT_3D('',#3021,#3022,#3023);
#3021 = CARTESIAN_POINT('',(0.32,-13.02,-3.));
#3022 = DIRECTION('',(1.,0.,0.));
#3023 = DIRECTION('',(0.,0.,1.));
#3024 = ADVANCED_FACE('',(#3025),#3043,.T.);
#3025 = FACE_BOUND('',#3026,.T.);
#3026 = EDGE_LOOP('',(#3027,#3028,#3036,#3042));
#3027 = ORIENTED_EDGE('',*,*,#3013,.F.);
#3028 = ORIENTED_EDGE('',*,*,#3029,.F.);
#3029 = EDGE_CURVE('',#3030,#3006,#3032,.T.);
#3030 = VERTEX_POINT('',#3031);
#3031 = CARTESIAN_POINT('',(-0.32,-12.38,-2.84));
#3032 = LINE('',#3033,#3034);
#3033 = CARTESIAN_POINT('',(-0.32,-12.38,-2.84));
#3034 = VECTOR('',#3035,1.);
#3035 = DIRECTION('',(1.,0.,0.));
#3036 = ORIENTED_EDGE('',*,*,#3037,.T.);
#3037 = EDGE_CURVE('',#3030,#851,#3038,.T.);
#3038 = LINE('',#3039,#3040);
#3039 = CARTESIAN_POINT('',(-0.32,-12.38,-3.));
#3040 = VECTOR('',#3041,1.);
#3041 = DIRECTION('',(0.,0.,1.));
#3042 = ORIENTED_EDGE('',*,*,#858,.F.);
#3043 = PLANE('',#3044);
#3044 = AXIS2_PLACEMENT_3D('',#3045,#3046,#3047);
#3045 = CARTESIAN_POINT('',(-0.32,-12.38,-3.));
#3046 = DIRECTION('',(0.,1.,0.));
#3047 = DIRECTION('',(0.,-0.,1.));
#3048 = ADVANCED_FACE('',(#3049),#3067,.F.);
#3049 = FACE_BOUND('',#3050,.F.);
#3050 = EDGE_LOOP('',(#3051,#3059,#3065,#3066));
#3051 = ORIENTED_EDGE('',*,*,#3052,.F.);
#3052 = EDGE_CURVE('',#3053,#843,#3055,.T.);
#3053 = VERTEX_POINT('',#3054);
#3054 = CARTESIAN_POINT('',(-0.32,-13.02,-2.84));
#3055 = LINE('',#3056,#3057);
#3056 = CARTESIAN_POINT('',(-0.32,-13.02,-3.));
#3057 = VECTOR('',#3058,1.);
#3058 = DIRECTION('',(0.,0.,1.));
#3059 = ORIENTED_EDGE('',*,*,#3060,.T.);
#3060 = EDGE_CURVE('',#3053,#3030,#3061,.T.);
#3061 = LINE('',#3062,#3063);
#3062 = CARTESIAN_POINT('',(-0.32,-13.02,-2.84));
#3063 = VECTOR('',#3064,1.);
#3064 = DIRECTION('',(0.,1.,0.));
#3065 = ORIENTED_EDGE('',*,*,#3037,.T.);
#3066 = ORIENTED_EDGE('',*,*,#850,.F.);
#3067 = PLANE('',#3068);
#3068 = AXIS2_PLACEMENT_3D('',#3069,#3070,#3071);
#3069 = CARTESIAN_POINT('',(-0.32,-13.02,-3.));
#3070 = DIRECTION('',(1.,0.,0.));
#3071 = DIRECTION('',(0.,0.,1.));
#3072 = ADVANCED_FACE('',(#3073),#3084,.F.);
#3073 = FACE_BOUND('',#3074,.F.);
#3074 = EDGE_LOOP('',(#3075,#3076,#3082,#3083));
#3075 = ORIENTED_EDGE('',*,*,#2997,.F.);
#3076 = ORIENTED_EDGE('',*,*,#3077,.F.);
#3077 = EDGE_CURVE('',#3053,#2998,#3078,.T.);
#3078 = LINE('',#3079,#3080);
#3079 = CARTESIAN_POINT('',(-0.32,-13.02,-2.84));
#3080 = VECTOR('',#3081,1.);
#3081 = DIRECTION('',(1.,0.,0.));
#3082 = ORIENTED_EDGE('',*,*,#3052,.T.);
#3083 = ORIENTED_EDGE('',*,*,#842,.F.);
#3084 = PLANE('',#3085);
#3085 = AXIS2_PLACEMENT_3D('',#3086,#3087,#3088);
#3086 = CARTESIAN_POINT('',(-0.32,-13.02,-3.));
#3087 = DIRECTION('',(0.,1.,0.));
#3088 = DIRECTION('',(0.,-0.,1.));
#3089 = ADVANCED_FACE('',(#3090),#3115,.T.);
#3090 = FACE_BOUND('',#3091,.T.);
#3091 = EDGE_LOOP('',(#3092,#3100,#3108,#3114));
#3092 = ORIENTED_EDGE('',*,*,#3093,.F.);
#3093 = EDGE_CURVE('',#3094,#867,#3096,.T.);
#3094 = VERTEX_POINT('',#3095);
#3095 = CARTESIAN_POINT('',(0.32,-10.48,-2.84));
#3096 = LINE('',#3097,#3098);
#3097 = CARTESIAN_POINT('',(0.32,-10.48,-3.));
#3098 = VECTOR('',#3099,1.);
#3099 = DIRECTION('',(0.,0.,1.));
#3100 = ORIENTED_EDGE('',*,*,#3101,.T.);
#3101 = EDGE_CURVE('',#3094,#3102,#3104,.T.);
#3102 = VERTEX_POINT('',#3103);
#3103 = CARTESIAN_POINT('',(0.32,-9.84,-2.84));
#3104 = LINE('',#3105,#3106);
#3105 = CARTESIAN_POINT('',(0.32,-10.48,-2.84));
#3106 = VECTOR('',#3107,1.);
#3107 = DIRECTION('',(0.,1.,0.));
#3108 = ORIENTED_EDGE('',*,*,#3109,.T.);
#3109 = EDGE_CURVE('',#3102,#869,#3110,.T.);
#3110 = LINE('',#3111,#3112);
#3111 = CARTESIAN_POINT('',(0.32,-9.84,-3.));
#3112 = VECTOR('',#3113,1.);
#3113 = DIRECTION('',(0.,0.,1.));
#3114 = ORIENTED_EDGE('',*,*,#866,.F.);
#3115 = PLANE('',#3116);
#3116 = AXIS2_PLACEMENT_3D('',#3117,#3118,#3119);
#3117 = CARTESIAN_POINT('',(0.32,-10.48,-3.));
#3118 = DIRECTION('',(1.,0.,0.));
#3119 = DIRECTION('',(0.,0.,1.));
#3120 = ADVANCED_FACE('',(#3121),#3139,.T.);
#3121 = FACE_BOUND('',#3122,.T.);
#3122 = EDGE_LOOP('',(#3123,#3124,#3132,#3138));
#3123 = ORIENTED_EDGE('',*,*,#3109,.F.);
#3124 = ORIENTED_EDGE('',*,*,#3125,.F.);
#3125 = EDGE_CURVE('',#3126,#3102,#3128,.T.);
#3126 = VERTEX_POINT('',#3127);
#3127 = CARTESIAN_POINT('',(-0.32,-9.84,-2.84));
#3128 = LINE('',#3129,#3130);
#3129 = CARTESIAN_POINT('',(-0.32,-9.84,-2.84));
#3130 = VECTOR('',#3131,1.);
#3131 = DIRECTION('',(1.,0.,0.));
#3132 = ORIENTED_EDGE('',*,*,#3133,.T.);
#3133 = EDGE_CURVE('',#3126,#885,#3134,.T.);
#3134 = LINE('',#3135,#3136);
#3135 = CARTESIAN_POINT('',(-0.32,-9.84,-3.));
#3136 = VECTOR('',#3137,1.);
#3137 = DIRECTION('',(0.,0.,1.));
#3138 = ORIENTED_EDGE('',*,*,#892,.F.);
#3139 = PLANE('',#3140);
#3140 = AXIS2_PLACEMENT_3D('',#3141,#3142,#3143);
#3141 = CARTESIAN_POINT('',(-0.32,-9.84,-3.));
#3142 = DIRECTION('',(0.,1.,0.));
#3143 = DIRECTION('',(0.,-0.,1.));
#3144 = ADVANCED_FACE('',(#3145),#3163,.F.);
#3145 = FACE_BOUND('',#3146,.F.);
#3146 = EDGE_LOOP('',(#3147,#3155,#3161,#3162));
#3147 = ORIENTED_EDGE('',*,*,#3148,.F.);
#3148 = EDGE_CURVE('',#3149,#877,#3151,.T.);
#3149 = VERTEX_POINT('',#3150);
#3150 = CARTESIAN_POINT('',(-0.32,-10.48,-2.84));
#3151 = LINE('',#3152,#3153);
#3152 = CARTESIAN_POINT('',(-0.32,-10.48,-3.));
#3153 = VECTOR('',#3154,1.);
#3154 = DIRECTION('',(0.,0.,1.));
#3155 = ORIENTED_EDGE('',*,*,#3156,.T.);
#3156 = EDGE_CURVE('',#3149,#3126,#3157,.T.);
#3157 = LINE('',#3158,#3159);
#3158 = CARTESIAN_POINT('',(-0.32,-10.48,-2.84));
#3159 = VECTOR('',#3160,1.);
#3160 = DIRECTION('',(0.,1.,0.));
#3161 = ORIENTED_EDGE('',*,*,#3133,.T.);
#3162 = ORIENTED_EDGE('',*,*,#884,.F.);
#3163 = PLANE('',#3164);
#3164 = AXIS2_PLACEMENT_3D('',#3165,#3166,#3167);
#3165 = CARTESIAN_POINT('',(-0.32,-10.48,-3.));
#3166 = DIRECTION('',(1.,0.,0.));
#3167 = DIRECTION('',(0.,0.,1.));
#3168 = ADVANCED_FACE('',(#3169),#3180,.F.);
#3169 = FACE_BOUND('',#3170,.F.);
#3170 = EDGE_LOOP('',(#3171,#3172,#3178,#3179));
#3171 = ORIENTED_EDGE('',*,*,#3093,.F.);
#3172 = ORIENTED_EDGE('',*,*,#3173,.F.);
#3173 = EDGE_CURVE('',#3149,#3094,#3174,.T.);
#3174 = LINE('',#3175,#3176);
#3175 = CARTESIAN_POINT('',(-0.32,-10.48,-2.84));
#3176 = VECTOR('',#3177,1.);
#3177 = DIRECTION('',(1.,0.,0.));
#3178 = ORIENTED_EDGE('',*,*,#3148,.T.);
#3179 = ORIENTED_EDGE('',*,*,#876,.F.);
#3180 = PLANE('',#3181);
#3181 = AXIS2_PLACEMENT_3D('',#3182,#3183,#3184);
#3182 = CARTESIAN_POINT('',(-0.32,-10.48,-3.));
#3183 = DIRECTION('',(0.,1.,0.));
#3184 = DIRECTION('',(0.,-0.,1.));
#3185 = ADVANCED_FACE('',(#3186),#3211,.T.);
#3186 = FACE_BOUND('',#3187,.T.);
#3187 = EDGE_LOOP('',(#3188,#3196,#3204,#3210));
#3188 = ORIENTED_EDGE('',*,*,#3189,.F.);
#3189 = EDGE_CURVE('',#3190,#901,#3192,.T.);
#3190 = VERTEX_POINT('',#3191);
#3191 = CARTESIAN_POINT('',(0.32,-7.94,-2.84));
#3192 = LINE('',#3193,#3194);
#3193 = CARTESIAN_POINT('',(0.32,-7.94,-3.));
#3194 = VECTOR('',#3195,1.);
#3195 = DIRECTION('',(0.,0.,1.));
#3196 = ORIENTED_EDGE('',*,*,#3197,.T.);
#3197 = EDGE_CURVE('',#3190,#3198,#3200,.T.);
#3198 = VERTEX_POINT('',#3199);
#3199 = CARTESIAN_POINT('',(0.32,-7.3,-2.84));
#3200 = LINE('',#3201,#3202);
#3201 = CARTESIAN_POINT('',(0.32,-7.94,-2.84));
#3202 = VECTOR('',#3203,1.);
#3203 = DIRECTION('',(0.,1.,0.));
#3204 = ORIENTED_EDGE('',*,*,#3205,.T.);
#3205 = EDGE_CURVE('',#3198,#903,#3206,.T.);
#3206 = LINE('',#3207,#3208);
#3207 = CARTESIAN_POINT('',(0.32,-7.3,-3.));
#3208 = VECTOR('',#3209,1.);
#3209 = DIRECTION('',(0.,0.,1.));
#3210 = ORIENTED_EDGE('',*,*,#900,.F.);
#3211 = PLANE('',#3212);
#3212 = AXIS2_PLACEMENT_3D('',#3213,#3214,#3215);
#3213 = CARTESIAN_POINT('',(0.32,-7.94,-3.));
#3214 = DIRECTION('',(1.,0.,0.));
#3215 = DIRECTION('',(0.,0.,1.));
#3216 = ADVANCED_FACE('',(#3217),#3235,.T.);
#3217 = FACE_BOUND('',#3218,.T.);
#3218 = EDGE_LOOP('',(#3219,#3220,#3228,#3234));
#3219 = ORIENTED_EDGE('',*,*,#3205,.F.);
#3220 = ORIENTED_EDGE('',*,*,#3221,.F.);
#3221 = EDGE_CURVE('',#3222,#3198,#3224,.T.);
#3222 = VERTEX_POINT('',#3223);
#3223 = CARTESIAN_POINT('',(-0.32,-7.3,-2.84));
#3224 = LINE('',#3225,#3226);
#3225 = CARTESIAN_POINT('',(-0.32,-7.3,-2.84));
#3226 = VECTOR('',#3227,1.);
#3227 = DIRECTION('',(1.,0.,0.));
#3228 = ORIENTED_EDGE('',*,*,#3229,.T.);
#3229 = EDGE_CURVE('',#3222,#919,#3230,.T.);
#3230 = LINE('',#3231,#3232);
#3231 = CARTESIAN_POINT('',(-0.32,-7.3,-3.));
#3232 = VECTOR('',#3233,1.);
#3233 = DIRECTION('',(0.,0.,1.));
#3234 = ORIENTED_EDGE('',*,*,#926,.F.);
#3235 = PLANE('',#3236);
#3236 = AXIS2_PLACEMENT_3D('',#3237,#3238,#3239);
#3237 = CARTESIAN_POINT('',(-0.32,-7.3,-3.));
#3238 = DIRECTION('',(0.,1.,0.));
#3239 = DIRECTION('',(0.,-0.,1.));
#3240 = ADVANCED_FACE('',(#3241),#3259,.F.);
#3241 = FACE_BOUND('',#3242,.F.);
#3242 = EDGE_LOOP('',(#3243,#3251,#3257,#3258));
#3243 = ORIENTED_EDGE('',*,*,#3244,.F.);
#3244 = EDGE_CURVE('',#3245,#911,#3247,.T.);
#3245 = VERTEX_POINT('',#3246);
#3246 = CARTESIAN_POINT('',(-0.32,-7.94,-2.84));
#3247 = LINE('',#3248,#3249);
#3248 = CARTESIAN_POINT('',(-0.32,-7.94,-3.));
#3249 = VECTOR('',#3250,1.);
#3250 = DIRECTION('',(0.,0.,1.));
#3251 = ORIENTED_EDGE('',*,*,#3252,.T.);
#3252 = EDGE_CURVE('',#3245,#3222,#3253,.T.);
#3253 = LINE('',#3254,#3255);
#3254 = CARTESIAN_POINT('',(-0.32,-7.94,-2.84));
#3255 = VECTOR('',#3256,1.);
#3256 = DIRECTION('',(0.,1.,0.));
#3257 = ORIENTED_EDGE('',*,*,#3229,.T.);
#3258 = ORIENTED_EDGE('',*,*,#918,.F.);
#3259 = PLANE('',#3260);
#3260 = AXIS2_PLACEMENT_3D('',#3261,#3262,#3263);
#3261 = CARTESIAN_POINT('',(-0.32,-7.94,-3.));
#3262 = DIRECTION('',(1.,0.,0.));
#3263 = DIRECTION('',(0.,0.,1.));
#3264 = ADVANCED_FACE('',(#3265),#3276,.F.);
#3265 = FACE_BOUND('',#3266,.F.);
#3266 = EDGE_LOOP('',(#3267,#3268,#3274,#3275));
#3267 = ORIENTED_EDGE('',*,*,#3189,.F.);
#3268 = ORIENTED_EDGE('',*,*,#3269,.F.);
#3269 = EDGE_CURVE('',#3245,#3190,#3270,.T.);
#3270 = LINE('',#3271,#3272);
#3271 = CARTESIAN_POINT('',(-0.32,-7.94,-2.84));
#3272 = VECTOR('',#3273,1.);
#3273 = DIRECTION('',(1.,0.,0.));
#3274 = ORIENTED_EDGE('',*,*,#3244,.T.);
#3275 = ORIENTED_EDGE('',*,*,#910,.F.);
#3276 = PLANE('',#3277);
#3277 = AXIS2_PLACEMENT_3D('',#3278,#3279,#3280);
#3278 = CARTESIAN_POINT('',(-0.32,-7.94,-3.));
#3279 = DIRECTION('',(0.,1.,0.));
#3280 = DIRECTION('',(0.,-0.,1.));
#3281 = ADVANCED_FACE('',(#3282),#3307,.F.);
#3282 = FACE_BOUND('',#3283,.F.);
#3283 = EDGE_LOOP('',(#3284,#3292,#3300,#3306));
#3284 = ORIENTED_EDGE('',*,*,#3285,.F.);
#3285 = EDGE_CURVE('',#3286,#935,#3288,.T.);
#3286 = VERTEX_POINT('',#3287);
#3287 = CARTESIAN_POINT('',(0.32,-18.1,-2.84));
#3288 = LINE('',#3289,#3290);
#3289 = CARTESIAN_POINT('',(0.32,-18.1,-3.));
#3290 = VECTOR('',#3291,1.);
#3291 = DIRECTION('',(0.,0.,1.));
#3292 = ORIENTED_EDGE('',*,*,#3293,.F.);
#3293 = EDGE_CURVE('',#3294,#3286,#3296,.T.);
#3294 = VERTEX_POINT('',#3295);
#3295 = CARTESIAN_POINT('',(-0.32,-18.1,-2.84));
#3296 = LINE('',#3297,#3298);
#3297 = CARTESIAN_POINT('',(-0.32,-18.1,-2.84));
#3298 = VECTOR('',#3299,1.);
#3299 = DIRECTION('',(1.,0.,0.));
#3300 = ORIENTED_EDGE('',*,*,#3301,.T.);
#3301 = EDGE_CURVE('',#3294,#937,#3302,.T.);
#3302 = LINE('',#3303,#3304);
#3303 = CARTESIAN_POINT('',(-0.32,-18.1,-3.));
#3304 = VECTOR('',#3305,1.);
#3305 = DIRECTION('',(0.,0.,1.));
#3306 = ORIENTED_EDGE('',*,*,#934,.F.);
#3307 = PLANE('',#3308);
#3308 = AXIS2_PLACEMENT_3D('',#3309,#3310,#3311);
#3309 = CARTESIAN_POINT('',(-0.32,-18.1,-3.));
#3310 = DIRECTION('',(0.,1.,0.));
#3311 = DIRECTION('',(0.,-0.,1.));
#3312 = ADVANCED_FACE('',(#3313),#3331,.T.);
#3313 = FACE_BOUND('',#3314,.T.);
#3314 = EDGE_LOOP('',(#3315,#3316,#3324,#3330));
#3315 = ORIENTED_EDGE('',*,*,#3285,.F.);
#3316 = ORIENTED_EDGE('',*,*,#3317,.T.);
#3317 = EDGE_CURVE('',#3286,#3318,#3320,.T.);
#3318 = VERTEX_POINT('',#3319);
#3319 = CARTESIAN_POINT('',(0.32,-17.46,-2.84));
#3320 = LINE('',#3321,#3322);
#3321 = CARTESIAN_POINT('',(0.32,-18.1,-2.84));
#3322 = VECTOR('',#3323,1.);
#3323 = DIRECTION('',(0.,1.,0.));
#3324 = ORIENTED_EDGE('',*,*,#3325,.T.);
#3325 = EDGE_CURVE('',#3318,#953,#3326,.T.);
#3326 = LINE('',#3327,#3328);
#3327 = CARTESIAN_POINT('',(0.32,-17.46,-3.));
#3328 = VECTOR('',#3329,1.);
#3329 = DIRECTION('',(0.,0.,1.));
#3330 = ORIENTED_EDGE('',*,*,#960,.F.);
#3331 = PLANE('',#3332);
#3332 = AXIS2_PLACEMENT_3D('',#3333,#3334,#3335);
#3333 = CARTESIAN_POINT('',(0.32,-18.1,-3.));
#3334 = DIRECTION('',(1.,0.,0.));
#3335 = DIRECTION('',(0.,0.,1.));
#3336 = ADVANCED_FACE('',(#3337),#3355,.T.);
#3337 = FACE_BOUND('',#3338,.T.);
#3338 = EDGE_LOOP('',(#3339,#3340,#3348,#3354));
#3339 = ORIENTED_EDGE('',*,*,#3325,.F.);
#3340 = ORIENTED_EDGE('',*,*,#3341,.F.);
#3341 = EDGE_CURVE('',#3342,#3318,#3344,.T.);
#3342 = VERTEX_POINT('',#3343);
#3343 = CARTESIAN_POINT('',(-0.32,-17.46,-2.84));
#3344 = LINE('',#3345,#3346);
#3345 = CARTESIAN_POINT('',(-0.32,-17.46,-2.84));
#3346 = VECTOR('',#3347,1.);
#3347 = DIRECTION('',(1.,0.,0.));
#3348 = ORIENTED_EDGE('',*,*,#3349,.T.);
#3349 = EDGE_CURVE('',#3342,#945,#3350,.T.);
#3350 = LINE('',#3351,#3352);
#3351 = CARTESIAN_POINT('',(-0.32,-17.46,-3.));
#3352 = VECTOR('',#3353,1.);
#3353 = DIRECTION('',(0.,0.,1.));
#3354 = ORIENTED_EDGE('',*,*,#952,.F.);
#3355 = PLANE('',#3356);
#3356 = AXIS2_PLACEMENT_3D('',#3357,#3358,#3359);
#3357 = CARTESIAN_POINT('',(-0.32,-17.46,-3.));
#3358 = DIRECTION('',(0.,1.,0.));
#3359 = DIRECTION('',(0.,-0.,1.));
#3360 = ADVANCED_FACE('',(#3361),#3372,.F.);
#3361 = FACE_BOUND('',#3362,.F.);
#3362 = EDGE_LOOP('',(#3363,#3364,#3370,#3371));
#3363 = ORIENTED_EDGE('',*,*,#3301,.F.);
#3364 = ORIENTED_EDGE('',*,*,#3365,.T.);
#3365 = EDGE_CURVE('',#3294,#3342,#3366,.T.);
#3366 = LINE('',#3367,#3368);
#3367 = CARTESIAN_POINT('',(-0.32,-18.1,-2.84));
#3368 = VECTOR('',#3369,1.);
#3369 = DIRECTION('',(0.,1.,0.));
#3370 = ORIENTED_EDGE('',*,*,#3349,.T.);
#3371 = ORIENTED_EDGE('',*,*,#944,.F.);
#3372 = PLANE('',#3373);
#3373 = AXIS2_PLACEMENT_3D('',#3374,#3375,#3376);
#3374 = CARTESIAN_POINT('',(-0.32,-18.1,-3.));
#3375 = DIRECTION('',(1.,0.,0.));
#3376 = DIRECTION('',(0.,0.,1.));
#3377 = ADVANCED_FACE('',(#3378),#3403,.T.);
#3378 = FACE_BOUND('',#3379,.T.);
#3379 = EDGE_LOOP('',(#3380,#3388,#3396,#3402));
#3380 = ORIENTED_EDGE('',*,*,#3381,.F.);
#3381 = EDGE_CURVE('',#3382,#969,#3384,.T.);
#3382 = VERTEX_POINT('',#3383);
#3383 = CARTESIAN_POINT('',(0.32,-15.56,-2.84));
#3384 = LINE('',#3385,#3386);
#3385 = CARTESIAN_POINT('',(0.32,-15.56,-3.));
#3386 = VECTOR('',#3387,1.);
#3387 = DIRECTION('',(0.,0.,1.));
#3388 = ORIENTED_EDGE('',*,*,#3389,.T.);
#3389 = EDGE_CURVE('',#3382,#3390,#3392,.T.);
#3390 = VERTEX_POINT('',#3391);
#3391 = CARTESIAN_POINT('',(0.32,-14.92,-2.84));
#3392 = LINE('',#3393,#3394);
#3393 = CARTESIAN_POINT('',(0.32,-15.56,-2.84));
#3394 = VECTOR('',#3395,1.);
#3395 = DIRECTION('',(0.,1.,0.));
#3396 = ORIENTED_EDGE('',*,*,#3397,.T.);
#3397 = EDGE_CURVE('',#3390,#971,#3398,.T.);
#3398 = LINE('',#3399,#3400);
#3399 = CARTESIAN_POINT('',(0.32,-14.92,-3.));
#3400 = VECTOR('',#3401,1.);
#3401 = DIRECTION('',(0.,0.,1.));
#3402 = ORIENTED_EDGE('',*,*,#968,.F.);
#3403 = PLANE('',#3404);
#3404 = AXIS2_PLACEMENT_3D('',#3405,#3406,#3407);
#3405 = CARTESIAN_POINT('',(0.32,-15.56,-3.));
#3406 = DIRECTION('',(1.,0.,0.));
#3407 = DIRECTION('',(0.,0.,1.));
#3408 = ADVANCED_FACE('',(#3409),#3427,.T.);
#3409 = FACE_BOUND('',#3410,.T.);
#3410 = EDGE_LOOP('',(#3411,#3412,#3420,#3426));
#3411 = ORIENTED_EDGE('',*,*,#3397,.F.);
#3412 = ORIENTED_EDGE('',*,*,#3413,.F.);
#3413 = EDGE_CURVE('',#3414,#3390,#3416,.T.);
#3414 = VERTEX_POINT('',#3415);
#3415 = CARTESIAN_POINT('',(-0.32,-14.92,-2.84));
#3416 = LINE('',#3417,#3418);
#3417 = CARTESIAN_POINT('',(-0.32,-14.92,-2.84));
#3418 = VECTOR('',#3419,1.);
#3419 = DIRECTION('',(1.,0.,0.));
#3420 = ORIENTED_EDGE('',*,*,#3421,.T.);
#3421 = EDGE_CURVE('',#3414,#987,#3422,.T.);
#3422 = LINE('',#3423,#3424);
#3423 = CARTESIAN_POINT('',(-0.32,-14.92,-3.));
#3424 = VECTOR('',#3425,1.);
#3425 = DIRECTION('',(0.,0.,1.));
#3426 = ORIENTED_EDGE('',*,*,#994,.F.);
#3427 = PLANE('',#3428);
#3428 = AXIS2_PLACEMENT_3D('',#3429,#3430,#3431);
#3429 = CARTESIAN_POINT('',(-0.32,-14.92,-3.));
#3430 = DIRECTION('',(0.,1.,0.));
#3431 = DIRECTION('',(0.,-0.,1.));
#3432 = ADVANCED_FACE('',(#3433),#3451,.F.);
#3433 = FACE_BOUND('',#3434,.F.);
#3434 = EDGE_LOOP('',(#3435,#3443,#3449,#3450));
#3435 = ORIENTED_EDGE('',*,*,#3436,.F.);
#3436 = EDGE_CURVE('',#3437,#979,#3439,.T.);
#3437 = VERTEX_POINT('',#3438);
#3438 = CARTESIAN_POINT('',(-0.32,-15.56,-2.84));
#3439 = LINE('',#3440,#3441);
#3440 = CARTESIAN_POINT('',(-0.32,-15.56,-3.));
#3441 = VECTOR('',#3442,1.);
#3442 = DIRECTION('',(0.,0.,1.));
#3443 = ORIENTED_EDGE('',*,*,#3444,.T.);
#3444 = EDGE_CURVE('',#3437,#3414,#3445,.T.);
#3445 = LINE('',#3446,#3447);
#3446 = CARTESIAN_POINT('',(-0.32,-15.56,-2.84));
#3447 = VECTOR('',#3448,1.);
#3448 = DIRECTION('',(0.,1.,0.));
#3449 = ORIENTED_EDGE('',*,*,#3421,.T.);
#3450 = ORIENTED_EDGE('',*,*,#986,.F.);
#3451 = PLANE('',#3452);
#3452 = AXIS2_PLACEMENT_3D('',#3453,#3454,#3455);
#3453 = CARTESIAN_POINT('',(-0.32,-15.56,-3.));
#3454 = DIRECTION('',(1.,0.,0.));
#3455 = DIRECTION('',(0.,0.,1.));
#3456 = ADVANCED_FACE('',(#3457),#3468,.F.);
#3457 = FACE_BOUND('',#3458,.F.);
#3458 = EDGE_LOOP('',(#3459,#3460,#3466,#3467));
#3459 = ORIENTED_EDGE('',*,*,#3381,.F.);
#3460 = ORIENTED_EDGE('',*,*,#3461,.F.);
#3461 = EDGE_CURVE('',#3437,#3382,#3462,.T.);
#3462 = LINE('',#3463,#3464);
#3463 = CARTESIAN_POINT('',(-0.32,-15.56,-2.84));
#3464 = VECTOR('',#3465,1.);
#3465 = DIRECTION('',(1.,0.,0.));
#3466 = ORIENTED_EDGE('',*,*,#3436,.T.);
#3467 = ORIENTED_EDGE('',*,*,#978,.F.);
#3468 = PLANE('',#3469);
#3469 = AXIS2_PLACEMENT_3D('',#3470,#3471,#3472);
#3470 = CARTESIAN_POINT('',(-0.32,-15.56,-3.));
#3471 = DIRECTION('',(0.,1.,0.));
#3472 = DIRECTION('',(0.,-0.,1.));
#3473 = ADVANCED_FACE('',(#3474),#3499,.T.);
#3474 = FACE_BOUND('',#3475,.T.);
#3475 = EDGE_LOOP('',(#3476,#3484,#3492,#3498));
#3476 = ORIENTED_EDGE('',*,*,#3477,.F.);
#3477 = EDGE_CURVE('',#3478,#1003,#3480,.T.);
#3478 = VERTEX_POINT('',#3479);
#3479 = CARTESIAN_POINT('',(0.32,-23.18,-2.84));
#3480 = LINE('',#3481,#3482);
#3481 = CARTESIAN_POINT('',(0.32,-23.18,-3.));
#3482 = VECTOR('',#3483,1.);
#3483 = DIRECTION('',(0.,0.,1.));
#3484 = ORIENTED_EDGE('',*,*,#3485,.T.);
#3485 = EDGE_CURVE('',#3478,#3486,#3488,.T.);
#3486 = VERTEX_POINT('',#3487);
#3487 = CARTESIAN_POINT('',(0.32,-22.54,-2.84));
#3488 = LINE('',#3489,#3490);
#3489 = CARTESIAN_POINT('',(0.32,-23.18,-2.84));
#3490 = VECTOR('',#3491,1.);
#3491 = DIRECTION('',(0.,1.,0.));
#3492 = ORIENTED_EDGE('',*,*,#3493,.T.);
#3493 = EDGE_CURVE('',#3486,#1005,#3494,.T.);
#3494 = LINE('',#3495,#3496);
#3495 = CARTESIAN_POINT('',(0.32,-22.54,-3.));
#3496 = VECTOR('',#3497,1.);
#3497 = DIRECTION('',(0.,0.,1.));
#3498 = ORIENTED_EDGE('',*,*,#1002,.F.);
#3499 = PLANE('',#3500);
#3500 = AXIS2_PLACEMENT_3D('',#3501,#3502,#3503);
#3501 = CARTESIAN_POINT('',(0.32,-23.18,-3.));
#3502 = DIRECTION('',(1.,0.,0.));
#3503 = DIRECTION('',(0.,0.,1.));
#3504 = ADVANCED_FACE('',(#3505),#3523,.T.);
#3505 = FACE_BOUND('',#3506,.T.);
#3506 = EDGE_LOOP('',(#3507,#3508,#3516,#3522));
#3507 = ORIENTED_EDGE('',*,*,#3493,.F.);
#3508 = ORIENTED_EDGE('',*,*,#3509,.F.);
#3509 = EDGE_CURVE('',#3510,#3486,#3512,.T.);
#3510 = VERTEX_POINT('',#3511);
#3511 = CARTESIAN_POINT('',(-0.32,-22.54,-2.84));
#3512 = LINE('',#3513,#3514);
#3513 = CARTESIAN_POINT('',(-0.32,-22.54,-2.84));
#3514 = VECTOR('',#3515,1.);
#3515 = DIRECTION('',(1.,0.,0.));
#3516 = ORIENTED_EDGE('',*,*,#3517,.T.);
#3517 = EDGE_CURVE('',#3510,#1021,#3518,.T.);
#3518 = LINE('',#3519,#3520);
#3519 = CARTESIAN_POINT('',(-0.32,-22.54,-3.));
#3520 = VECTOR('',#3521,1.);
#3521 = DIRECTION('',(0.,0.,1.));
#3522 = ORIENTED_EDGE('',*,*,#1028,.F.);
#3523 = PLANE('',#3524);
#3524 = AXIS2_PLACEMENT_3D('',#3525,#3526,#3527);
#3525 = CARTESIAN_POINT('',(-0.32,-22.54,-3.));
#3526 = DIRECTION('',(0.,1.,0.));
#3527 = DIRECTION('',(0.,-0.,1.));
#3528 = ADVANCED_FACE('',(#3529),#3547,.F.);
#3529 = FACE_BOUND('',#3530,.F.);
#3530 = EDGE_LOOP('',(#3531,#3539,#3545,#3546));
#3531 = ORIENTED_EDGE('',*,*,#3532,.F.);
#3532 = EDGE_CURVE('',#3533,#1013,#3535,.T.);
#3533 = VERTEX_POINT('',#3534);
#3534 = CARTESIAN_POINT('',(-0.32,-23.18,-2.84));
#3535 = LINE('',#3536,#3537);
#3536 = CARTESIAN_POINT('',(-0.32,-23.18,-3.));
#3537 = VECTOR('',#3538,1.);
#3538 = DIRECTION('',(0.,0.,1.));
#3539 = ORIENTED_EDGE('',*,*,#3540,.T.);
#3540 = EDGE_CURVE('',#3533,#3510,#3541,.T.);
#3541 = LINE('',#3542,#3543);
#3542 = CARTESIAN_POINT('',(-0.32,-23.18,-2.84));
#3543 = VECTOR('',#3544,1.);
#3544 = DIRECTION('',(0.,1.,0.));
#3545 = ORIENTED_EDGE('',*,*,#3517,.T.);
#3546 = ORIENTED_EDGE('',*,*,#1020,.F.);
#3547 = PLANE('',#3548);
#3548 = AXIS2_PLACEMENT_3D('',#3549,#3550,#3551);
#3549 = CARTESIAN_POINT('',(-0.32,-23.18,-3.));
#3550 = DIRECTION('',(1.,0.,0.));
#3551 = DIRECTION('',(0.,0.,1.));
#3552 = ADVANCED_FACE('',(#3553),#3564,.F.);
#3553 = FACE_BOUND('',#3554,.F.);
#3554 = EDGE_LOOP('',(#3555,#3556,#3562,#3563));
#3555 = ORIENTED_EDGE('',*,*,#3477,.F.);
#3556 = ORIENTED_EDGE('',*,*,#3557,.F.);
#3557 = EDGE_CURVE('',#3533,#3478,#3558,.T.);
#3558 = LINE('',#3559,#3560);
#3559 = CARTESIAN_POINT('',(-0.32,-23.18,-2.84));
#3560 = VECTOR('',#3561,1.);
#3561 = DIRECTION('',(1.,0.,0.));
#3562 = ORIENTED_EDGE('',*,*,#3532,.T.);
#3563 = ORIENTED_EDGE('',*,*,#1012,.F.);
#3564 = PLANE('',#3565);
#3565 = AXIS2_PLACEMENT_3D('',#3566,#3567,#3568);
#3566 = CARTESIAN_POINT('',(-0.32,-23.18,-3.));
#3567 = DIRECTION('',(0.,1.,0.));
#3568 = DIRECTION('',(0.,-0.,1.));
#3569 = ADVANCED_FACE('',(#3570),#3595,.F.);
#3570 = FACE_BOUND('',#3571,.F.);
#3571 = EDGE_LOOP('',(#3572,#3580,#3588,#3594));
#3572 = ORIENTED_EDGE('',*,*,#3573,.F.);
#3573 = EDGE_CURVE('',#3574,#1037,#3576,.T.);
#3574 = VERTEX_POINT('',#3575);
#3575 = CARTESIAN_POINT('',(0.32,-20.64,-2.84));
#3576 = LINE('',#3577,#3578);
#3577 = CARTESIAN_POINT('',(0.32,-20.64,-3.));
#3578 = VECTOR('',#3579,1.);
#3579 = DIRECTION('',(0.,0.,1.));
#3580 = ORIENTED_EDGE('',*,*,#3581,.F.);
#3581 = EDGE_CURVE('',#3582,#3574,#3584,.T.);
#3582 = VERTEX_POINT('',#3583);
#3583 = CARTESIAN_POINT('',(-0.32,-20.64,-2.84));
#3584 = LINE('',#3585,#3586);
#3585 = CARTESIAN_POINT('',(-0.32,-20.64,-2.84));
#3586 = VECTOR('',#3587,1.);
#3587 = DIRECTION('',(1.,0.,0.));
#3588 = ORIENTED_EDGE('',*,*,#3589,.T.);
#3589 = EDGE_CURVE('',#3582,#1039,#3590,.T.);
#3590 = LINE('',#3591,#3592);
#3591 = CARTESIAN_POINT('',(-0.32,-20.64,-3.));
#3592 = VECTOR('',#3593,1.);
#3593 = DIRECTION('',(0.,0.,1.));
#3594 = ORIENTED_EDGE('',*,*,#1036,.F.);
#3595 = PLANE('',#3596);
#3596 = AXIS2_PLACEMENT_3D('',#3597,#3598,#3599);
#3597 = CARTESIAN_POINT('',(-0.32,-20.64,-3.));
#3598 = DIRECTION('',(0.,1.,0.));
#3599 = DIRECTION('',(0.,-0.,1.));
#3600 = ADVANCED_FACE('',(#3601),#3619,.T.);
#3601 = FACE_BOUND('',#3602,.T.);
#3602 = EDGE_LOOP('',(#3603,#3604,#3612,#3618));
#3603 = ORIENTED_EDGE('',*,*,#3573,.F.);
#3604 = ORIENTED_EDGE('',*,*,#3605,.T.);
#3605 = EDGE_CURVE('',#3574,#3606,#3608,.T.);
#3606 = VERTEX_POINT('',#3607);
#3607 = CARTESIAN_POINT('',(0.32,-20.,-2.84));
#3608 = LINE('',#3609,#3610);
#3609 = CARTESIAN_POINT('',(0.32,-20.64,-2.84));
#3610 = VECTOR('',#3611,1.);
#3611 = DIRECTION('',(0.,1.,0.));
#3612 = ORIENTED_EDGE('',*,*,#3613,.T.);
#3613 = EDGE_CURVE('',#3606,#1055,#3614,.T.);
#3614 = LINE('',#3615,#3616);
#3615 = CARTESIAN_POINT('',(0.32,-20.,-3.));
#3616 = VECTOR('',#3617,1.);
#3617 = DIRECTION('',(0.,0.,1.));
#3618 = ORIENTED_EDGE('',*,*,#1062,.F.);
#3619 = PLANE('',#3620);
#3620 = AXIS2_PLACEMENT_3D('',#3621,#3622,#3623);
#3621 = CARTESIAN_POINT('',(0.32,-20.64,-3.));
#3622 = DIRECTION('',(1.,0.,0.));
#3623 = DIRECTION('',(0.,0.,1.));
#3624 = ADVANCED_FACE('',(#3625),#3643,.T.);
#3625 = FACE_BOUND('',#3626,.T.);
#3626 = EDGE_LOOP('',(#3627,#3628,#3636,#3642));
#3627 = ORIENTED_EDGE('',*,*,#3613,.F.);
#3628 = ORIENTED_EDGE('',*,*,#3629,.F.);
#3629 = EDGE_CURVE('',#3630,#3606,#3632,.T.);
#3630 = VERTEX_POINT('',#3631);
#3631 = CARTESIAN_POINT('',(-0.32,-20.,-2.84));
#3632 = LINE('',#3633,#3634);
#3633 = CARTESIAN_POINT('',(-0.32,-20.,-2.84));
#3634 = VECTOR('',#3635,1.);
#3635 = DIRECTION('',(1.,0.,0.));
#3636 = ORIENTED_EDGE('',*,*,#3637,.T.);
#3637 = EDGE_CURVE('',#3630,#1047,#3638,.T.);
#3638 = LINE('',#3639,#3640);
#3639 = CARTESIAN_POINT('',(-0.32,-20.,-3.));
#3640 = VECTOR('',#3641,1.);
#3641 = DIRECTION('',(0.,0.,1.));
#3642 = ORIENTED_EDGE('',*,*,#1054,.F.);
#3643 = PLANE('',#3644);
#3644 = AXIS2_PLACEMENT_3D('',#3645,#3646,#3647);
#3645 = CARTESIAN_POINT('',(-0.32,-20.,-3.));
#3646 = DIRECTION('',(0.,1.,0.));
#3647 = DIRECTION('',(0.,-0.,1.));
#3648 = ADVANCED_FACE('',(#3649),#3660,.F.);
#3649 = FACE_BOUND('',#3650,.F.);
#3650 = EDGE_LOOP('',(#3651,#3652,#3658,#3659));
#3651 = ORIENTED_EDGE('',*,*,#3589,.F.);
#3652 = ORIENTED_EDGE('',*,*,#3653,.T.);
#3653 = EDGE_CURVE('',#3582,#3630,#3654,.T.);
#3654 = LINE('',#3655,#3656);
#3655 = CARTESIAN_POINT('',(-0.32,-20.64,-2.84));
#3656 = VECTOR('',#3657,1.);
#3657 = DIRECTION('',(0.,1.,0.));
#3658 = ORIENTED_EDGE('',*,*,#3637,.T.);
#3659 = ORIENTED_EDGE('',*,*,#1046,.F.);
#3660 = PLANE('',#3661);
#3661 = AXIS2_PLACEMENT_3D('',#3662,#3663,#3664);
#3662 = CARTESIAN_POINT('',(-0.32,-20.64,-3.));
#3663 = DIRECTION('',(1.,0.,0.));
#3664 = DIRECTION('',(0.,0.,1.));
#3665 = ADVANCED_FACE('',(#3666),#3691,.F.);
#3666 = FACE_BOUND('',#3667,.F.);
#3667 = EDGE_LOOP('',(#3668,#3676,#3684,#3690));
#3668 = ORIENTED_EDGE('',*,*,#3669,.F.);
#3669 = EDGE_CURVE('',#3670,#1071,#3672,.T.);
#3670 = VERTEX_POINT('',#3671);
#3671 = CARTESIAN_POINT('',(0.32,-0.32,-2.84));
#3672 = LINE('',#3673,#3674);
#3673 = CARTESIAN_POINT('',(0.32,-0.32,-3.));
#3674 = VECTOR('',#3675,1.);
#3675 = DIRECTION('',(0.,0.,1.));
#3676 = ORIENTED_EDGE('',*,*,#3677,.F.);
#3677 = EDGE_CURVE('',#3678,#3670,#3680,.T.);
#3678 = VERTEX_POINT('',#3679);
#3679 = CARTESIAN_POINT('',(-0.32,-0.32,-2.84));
#3680 = LINE('',#3681,#3682);
#3681 = CARTESIAN_POINT('',(-0.32,-0.32,-2.84));
#3682 = VECTOR('',#3683,1.);
#3683 = DIRECTION('',(1.,0.,0.));
#3684 = ORIENTED_EDGE('',*,*,#3685,.T.);
#3685 = EDGE_CURVE('',#3678,#1073,#3686,.T.);
#3686 = LINE('',#3687,#3688);
#3687 = CARTESIAN_POINT('',(-0.32,-0.32,-3.));
#3688 = VECTOR('',#3689,1.);
#3689 = DIRECTION('',(0.,0.,1.));
#3690 = ORIENTED_EDGE('',*,*,#1070,.F.);
#3691 = PLANE('',#3692);
#3692 = AXIS2_PLACEMENT_3D('',#3693,#3694,#3695);
#3693 = CARTESIAN_POINT('',(-0.32,-0.32,-3.));
#3694 = DIRECTION('',(0.,1.,0.));
#3695 = DIRECTION('',(0.,-0.,1.));
#3696 = ADVANCED_FACE('',(#3697),#3715,.T.);
#3697 = FACE_BOUND('',#3698,.T.);
#3698 = EDGE_LOOP('',(#3699,#3700,#3708,#3714));
#3699 = ORIENTED_EDGE('',*,*,#3669,.F.);
#3700 = ORIENTED_EDGE('',*,*,#3701,.T.);
#3701 = EDGE_CURVE('',#3670,#3702,#3704,.T.);
#3702 = VERTEX_POINT('',#3703);
#3703 = CARTESIAN_POINT('',(0.32,0.32,-2.84));
#3704 = LINE('',#3705,#3706);
#3705 = CARTESIAN_POINT('',(0.32,-0.32,-2.84));
#3706 = VECTOR('',#3707,1.);
#3707 = DIRECTION('',(0.,1.,0.));
#3708 = ORIENTED_EDGE('',*,*,#3709,.T.);
#3709 = EDGE_CURVE('',#3702,#1089,#3710,.T.);
#3710 = LINE('',#3711,#3712);
#3711 = CARTESIAN_POINT('',(0.32,0.32,-3.));
#3712 = VECTOR('',#3713,1.);
#3713 = DIRECTION('',(0.,0.,1.));
#3714 = ORIENTED_EDGE('',*,*,#1096,.F.);
#3715 = PLANE('',#3716);
#3716 = AXIS2_PLACEMENT_3D('',#3717,#3718,#3719);
#3717 = CARTESIAN_POINT('',(0.32,-0.32,-3.));
#3718 = DIRECTION('',(1.,0.,0.));
#3719 = DIRECTION('',(0.,0.,1.));
#3720 = ADVANCED_FACE('',(#3721),#3739,.T.);
#3721 = FACE_BOUND('',#3722,.T.);
#3722 = EDGE_LOOP('',(#3723,#3724,#3732,#3738));
#3723 = ORIENTED_EDGE('',*,*,#3709,.F.);
#3724 = ORIENTED_EDGE('',*,*,#3725,.F.);
#3725 = EDGE_CURVE('',#3726,#3702,#3728,.T.);
#3726 = VERTEX_POINT('',#3727);
#3727 = CARTESIAN_POINT('',(-0.32,0.32,-2.84));
#3728 = LINE('',#3729,#3730);
#3729 = CARTESIAN_POINT('',(-0.32,0.32,-2.84));
#3730 = VECTOR('',#3731,1.);
#3731 = DIRECTION('',(1.,0.,0.));
#3732 = ORIENTED_EDGE('',*,*,#3733,.T.);
#3733 = EDGE_CURVE('',#3726,#1081,#3734,.T.);
#3734 = LINE('',#3735,#3736);
#3735 = CARTESIAN_POINT('',(-0.32,0.32,-3.));
#3736 = VECTOR('',#3737,1.);
#3737 = DIRECTION('',(0.,0.,1.));
#3738 = ORIENTED_EDGE('',*,*,#1088,.F.);
#3739 = PLANE('',#3740);
#3740 = AXIS2_PLACEMENT_3D('',#3741,#3742,#3743);
#3741 = CARTESIAN_POINT('',(-0.32,0.32,-3.));
#3742 = DIRECTION('',(0.,1.,0.));
#3743 = DIRECTION('',(0.,-0.,1.));
#3744 = ADVANCED_FACE('',(#3745),#3756,.F.);
#3745 = FACE_BOUND('',#3746,.F.);
#3746 = EDGE_LOOP('',(#3747,#3748,#3754,#3755));
#3747 = ORIENTED_EDGE('',*,*,#3685,.F.);
#3748 = ORIENTED_EDGE('',*,*,#3749,.T.);
#3749 = EDGE_CURVE('',#3678,#3726,#3750,.T.);
#3750 = LINE('',#3751,#3752);
#3751 = CARTESIAN_POINT('',(-0.32,-0.32,-2.84));
#3752 = VECTOR('',#3753,1.);
#3753 = DIRECTION('',(0.,1.,0.));
#3754 = ORIENTED_EDGE('',*,*,#3733,.T.);
#3755 = ORIENTED_EDGE('',*,*,#1080,.F.);
#3756 = PLANE('',#3757);
#3757 = AXIS2_PLACEMENT_3D('',#3758,#3759,#3760);
#3758 = CARTESIAN_POINT('',(-0.32,-0.32,-3.));
#3759 = DIRECTION('',(1.,0.,0.));
#3760 = DIRECTION('',(0.,0.,1.));
#3761 = ADVANCED_FACE('',(#3762),#3787,.T.);
#3762 = FACE_BOUND('',#3763,.T.);
#3763 = EDGE_LOOP('',(#3764,#3772,#3780,#3786));
#3764 = ORIENTED_EDGE('',*,*,#3765,.F.);
#3765 = EDGE_CURVE('',#3766,#1105,#3768,.T.);
#3766 = VERTEX_POINT('',#3767);
#3767 = CARTESIAN_POINT('',(0.32,-2.86,-2.84));
#3768 = LINE('',#3769,#3770);
#3769 = CARTESIAN_POINT('',(0.32,-2.86,-3.));
#3770 = VECTOR('',#3771,1.);
#3771 = DIRECTION('',(0.,0.,1.));
#3772 = ORIENTED_EDGE('',*,*,#3773,.T.);
#3773 = EDGE_CURVE('',#3766,#3774,#3776,.T.);
#3774 = VERTEX_POINT('',#3775);
#3775 = CARTESIAN_POINT('',(0.32,-2.22,-2.84));
#3776 = LINE('',#3777,#3778);
#3777 = CARTESIAN_POINT('',(0.32,-2.86,-2.84));
#3778 = VECTOR('',#3779,1.);
#3779 = DIRECTION('',(0.,1.,0.));
#3780 = ORIENTED_EDGE('',*,*,#3781,.T.);
#3781 = EDGE_CURVE('',#3774,#1107,#3782,.T.);
#3782 = LINE('',#3783,#3784);
#3783 = CARTESIAN_POINT('',(0.32,-2.22,-3.));
#3784 = VECTOR('',#3785,1.);
#3785 = DIRECTION('',(0.,0.,1.));
#3786 = ORIENTED_EDGE('',*,*,#1104,.F.);
#3787 = PLANE('',#3788);
#3788 = AXIS2_PLACEMENT_3D('',#3789,#3790,#3791);
#3789 = CARTESIAN_POINT('',(0.32,-2.86,-3.));
#3790 = DIRECTION('',(1.,0.,0.));
#3791 = DIRECTION('',(0.,0.,1.));
#3792 = ADVANCED_FACE('',(#3793),#3811,.T.);
#3793 = FACE_BOUND('',#3794,.T.);
#3794 = EDGE_LOOP('',(#3795,#3796,#3804,#3810));
#3795 = ORIENTED_EDGE('',*,*,#3781,.F.);
#3796 = ORIENTED_EDGE('',*,*,#3797,.F.);
#3797 = EDGE_CURVE('',#3798,#3774,#3800,.T.);
#3798 = VERTEX_POINT('',#3799);
#3799 = CARTESIAN_POINT('',(-0.32,-2.22,-2.84));
#3800 = LINE('',#3801,#3802);
#3801 = CARTESIAN_POINT('',(-0.32,-2.22,-2.84));
#3802 = VECTOR('',#3803,1.);
#3803 = DIRECTION('',(1.,0.,0.));
#3804 = ORIENTED_EDGE('',*,*,#3805,.T.);
#3805 = EDGE_CURVE('',#3798,#1123,#3806,.T.);
#3806 = LINE('',#3807,#3808);
#3807 = CARTESIAN_POINT('',(-0.32,-2.22,-3.));
#3808 = VECTOR('',#3809,1.);
#3809 = DIRECTION('',(0.,0.,1.));
#3810 = ORIENTED_EDGE('',*,*,#1130,.F.);
#3811 = PLANE('',#3812);
#3812 = AXIS2_PLACEMENT_3D('',#3813,#3814,#3815);
#3813 = CARTESIAN_POINT('',(-0.32,-2.22,-3.));
#3814 = DIRECTION('',(0.,1.,0.));
#3815 = DIRECTION('',(0.,-0.,1.));
#3816 = ADVANCED_FACE('',(#3817),#3835,.F.);
#3817 = FACE_BOUND('',#3818,.F.);
#3818 = EDGE_LOOP('',(#3819,#3827,#3833,#3834));
#3819 = ORIENTED_EDGE('',*,*,#3820,.F.);
#3820 = EDGE_CURVE('',#3821,#1115,#3823,.T.);
#3821 = VERTEX_POINT('',#3822);
#3822 = CARTESIAN_POINT('',(-0.32,-2.86,-2.84));
#3823 = LINE('',#3824,#3825);
#3824 = CARTESIAN_POINT('',(-0.32,-2.86,-3.));
#3825 = VECTOR('',#3826,1.);
#3826 = DIRECTION('',(0.,0.,1.));
#3827 = ORIENTED_EDGE('',*,*,#3828,.T.);
#3828 = EDGE_CURVE('',#3821,#3798,#3829,.T.);
#3829 = LINE('',#3830,#3831);
#3830 = CARTESIAN_POINT('',(-0.32,-2.86,-2.84));
#3831 = VECTOR('',#3832,1.);
#3832 = DIRECTION('',(0.,1.,0.));
#3833 = ORIENTED_EDGE('',*,*,#3805,.T.);
#3834 = ORIENTED_EDGE('',*,*,#1122,.F.);
#3835 = PLANE('',#3836);
#3836 = AXIS2_PLACEMENT_3D('',#3837,#3838,#3839);
#3837 = CARTESIAN_POINT('',(-0.32,-2.86,-3.));
#3838 = DIRECTION('',(1.,0.,0.));
#3839 = DIRECTION('',(0.,0.,1.));
#3840 = ADVANCED_FACE('',(#3841),#3852,.F.);
#3841 = FACE_BOUND('',#3842,.F.);
#3842 = EDGE_LOOP('',(#3843,#3844,#3850,#3851));
#3843 = ORIENTED_EDGE('',*,*,#3765,.F.);
#3844 = ORIENTED_EDGE('',*,*,#3845,.F.);
#3845 = EDGE_CURVE('',#3821,#3766,#3846,.T.);
#3846 = LINE('',#3847,#3848);
#3847 = CARTESIAN_POINT('',(-0.32,-2.86,-2.84));
#3848 = VECTOR('',#3849,1.);
#3849 = DIRECTION('',(1.,0.,0.));
#3850 = ORIENTED_EDGE('',*,*,#3820,.T.);
#3851 = ORIENTED_EDGE('',*,*,#1114,.F.);
#3852 = PLANE('',#3853);
#3853 = AXIS2_PLACEMENT_3D('',#3854,#3855,#3856);
#3854 = CARTESIAN_POINT('',(-0.32,-2.86,-3.));
#3855 = DIRECTION('',(0.,1.,0.));
#3856 = DIRECTION('',(0.,-0.,1.));
#3857 = ADVANCED_FACE('',(#3858),#3883,.T.);
#3858 = FACE_BOUND('',#3859,.T.);
#3859 = EDGE_LOOP('',(#3860,#3868,#3876,#3882));
#3860 = ORIENTED_EDGE('',*,*,#3861,.F.);
#3861 = EDGE_CURVE('',#3862,#1139,#3864,.T.);
#3862 = VERTEX_POINT('',#3863);
#3863 = CARTESIAN_POINT('',(0.32,-5.4,-2.84));
#3864 = LINE('',#3865,#3866);
#3865 = CARTESIAN_POINT('',(0.32,-5.4,-3.));
#3866 = VECTOR('',#3867,1.);
#3867 = DIRECTION('',(0.,0.,1.));
#3868 = ORIENTED_EDGE('',*,*,#3869,.T.);
#3869 = EDGE_CURVE('',#3862,#3870,#3872,.T.);
#3870 = VERTEX_POINT('',#3871);
#3871 = CARTESIAN_POINT('',(0.32,-4.76,-2.84));
#3872 = LINE('',#3873,#3874);
#3873 = CARTESIAN_POINT('',(0.32,-5.4,-2.84));
#3874 = VECTOR('',#3875,1.);
#3875 = DIRECTION('',(0.,1.,0.));
#3876 = ORIENTED_EDGE('',*,*,#3877,.T.);
#3877 = EDGE_CURVE('',#3870,#1141,#3878,.T.);
#3878 = LINE('',#3879,#3880);
#3879 = CARTESIAN_POINT('',(0.32,-4.76,-3.));
#3880 = VECTOR('',#3881,1.);
#3881 = DIRECTION('',(0.,0.,1.));
#3882 = ORIENTED_EDGE('',*,*,#1138,.F.);
#3883 = PLANE('',#3884);
#3884 = AXIS2_PLACEMENT_3D('',#3885,#3886,#3887);
#3885 = CARTESIAN_POINT('',(0.32,-5.4,-3.));
#3886 = DIRECTION('',(1.,0.,0.));
#3887 = DIRECTION('',(0.,0.,1.));
#3888 = ADVANCED_FACE('',(#3889),#3907,.T.);
#3889 = FACE_BOUND('',#3890,.T.);
#3890 = EDGE_LOOP('',(#3891,#3892,#3900,#3906));
#3891 = ORIENTED_EDGE('',*,*,#3877,.F.);
#3892 = ORIENTED_EDGE('',*,*,#3893,.F.);
#3893 = EDGE_CURVE('',#3894,#3870,#3896,.T.);
#3894 = VERTEX_POINT('',#3895);
#3895 = CARTESIAN_POINT('',(-0.32,-4.76,-2.84));
#3896 = LINE('',#3897,#3898);
#3897 = CARTESIAN_POINT('',(-0.32,-4.76,-2.84));
#3898 = VECTOR('',#3899,1.);
#3899 = DIRECTION('',(1.,0.,0.));
#3900 = ORIENTED_EDGE('',*,*,#3901,.T.);
#3901 = EDGE_CURVE('',#3894,#1157,#3902,.T.);
#3902 = LINE('',#3903,#3904);
#3903 = CARTESIAN_POINT('',(-0.32,-4.76,-3.));
#3904 = VECTOR('',#3905,1.);
#3905 = DIRECTION('',(0.,0.,1.));
#3906 = ORIENTED_EDGE('',*,*,#1164,.F.);
#3907 = PLANE('',#3908);
#3908 = AXIS2_PLACEMENT_3D('',#3909,#3910,#3911);
#3909 = CARTESIAN_POINT('',(-0.32,-4.76,-3.));
#3910 = DIRECTION('',(0.,1.,0.));
#3911 = DIRECTION('',(0.,-0.,1.));
#3912 = ADVANCED_FACE('',(#3913),#3931,.F.);
#3913 = FACE_BOUND('',#3914,.F.);
#3914 = EDGE_LOOP('',(#3915,#3923,#3929,#3930));
#3915 = ORIENTED_EDGE('',*,*,#3916,.F.);
#3916 = EDGE_CURVE('',#3917,#1149,#3919,.T.);
#3917 = VERTEX_POINT('',#3918);
#3918 = CARTESIAN_POINT('',(-0.32,-5.4,-2.84));
#3919 = LINE('',#3920,#3921);
#3920 = CARTESIAN_POINT('',(-0.32,-5.4,-3.));
#3921 = VECTOR('',#3922,1.);
#3922 = DIRECTION('',(0.,0.,1.));
#3923 = ORIENTED_EDGE('',*,*,#3924,.T.);
#3924 = EDGE_CURVE('',#3917,#3894,#3925,.T.);
#3925 = LINE('',#3926,#3927);
#3926 = CARTESIAN_POINT('',(-0.32,-5.4,-2.84));
#3927 = VECTOR('',#3928,1.);
#3928 = DIRECTION('',(0.,1.,0.));
#3929 = ORIENTED_EDGE('',*,*,#3901,.T.);
#3930 = ORIENTED_EDGE('',*,*,#1156,.F.);
#3931 = PLANE('',#3932);
#3932 = AXIS2_PLACEMENT_3D('',#3933,#3934,#3935);
#3933 = CARTESIAN_POINT('',(-0.32,-5.4,-3.));
#3934 = DIRECTION('',(1.,0.,0.));
#3935 = DIRECTION('',(0.,0.,1.));
#3936 = ADVANCED_FACE('',(#3937),#3948,.F.);
#3937 = FACE_BOUND('',#3938,.F.);
#3938 = EDGE_LOOP('',(#3939,#3940,#3946,#3947));
#3939 = ORIENTED_EDGE('',*,*,#3861,.F.);
#3940 = ORIENTED_EDGE('',*,*,#3941,.F.);
#3941 = EDGE_CURVE('',#3917,#3862,#3942,.T.);
#3942 = LINE('',#3943,#3944);
#3943 = CARTESIAN_POINT('',(-0.32,-5.4,-2.84));
#3944 = VECTOR('',#3945,1.);
#3945 = DIRECTION('',(1.,0.,0.));
#3946 = ORIENTED_EDGE('',*,*,#3916,.T.);
#3947 = ORIENTED_EDGE('',*,*,#1148,.F.);
#3948 = PLANE('',#3949);
#3949 = AXIS2_PLACEMENT_3D('',#3950,#3951,#3952);
#3950 = CARTESIAN_POINT('',(-0.32,-5.4,-3.));
#3951 = DIRECTION('',(0.,1.,0.));
#3952 = DIRECTION('',(0.,-0.,1.));
#3953 = ADVANCED_FACE('',(#3954),#3979,.T.);
#3954 = FACE_BOUND('',#3955,.T.);
#3955 = EDGE_LOOP('',(#3956,#3964,#3965,#3973));
#3956 = ORIENTED_EDGE('',*,*,#3957,.F.);
#3957 = EDGE_CURVE('',#1654,#3958,#3960,.T.);
#3958 = VERTEX_POINT('',#3959);
#3959 = CARTESIAN_POINT('',(0.32,-13.02,8.38));
#3960 = LINE('',#3961,#3962);
#3961 = CARTESIAN_POINT('',(0.32,-13.02,-3.));
#3962 = VECTOR('',#3963,1.);
#3963 = DIRECTION('',(0.,0.,1.));
#3964 = ORIENTED_EDGE('',*,*,#1653,.T.);
#3965 = ORIENTED_EDGE('',*,*,#3966,.T.);
#3966 = EDGE_CURVE('',#1656,#3967,#3969,.T.);
#3967 = VERTEX_POINT('',#3968);
#3968 = CARTESIAN_POINT('',(0.32,-12.38,8.38));
#3969 = LINE('',#3970,#3971);
#3970 = CARTESIAN_POINT('',(0.32,-12.38,-3.));
#3971 = VECTOR('',#3972,1.);
#3972 = DIRECTION('',(0.,0.,1.));
#3973 = ORIENTED_EDGE('',*,*,#3974,.F.);
#3974 = EDGE_CURVE('',#3958,#3967,#3975,.T.);
#3975 = LINE('',#3976,#3977);
#3976 = CARTESIAN_POINT('',(0.32,-13.02,8.38));
#3977 = VECTOR('',#3978,1.);
#3978 = DIRECTION('',(0.,1.,0.));
#3979 = PLANE('',#3980);
#3980 = AXIS2_PLACEMENT_3D('',#3981,#3982,#3983);
#3981 = CARTESIAN_POINT('',(0.32,-13.02,-3.));
#3982 = DIRECTION('',(1.,0.,0.));
#3983 = DIRECTION('',(0.,0.,1.));
#3984 = ADVANCED_FACE('',(#3985),#4003,.T.);
#3985 = FACE_BOUND('',#3986,.T.);
#3986 = EDGE_LOOP('',(#3987,#3988,#3989,#3997));
#3987 = ORIENTED_EDGE('',*,*,#3966,.F.);
#3988 = ORIENTED_EDGE('',*,*,#1679,.T.);
#3989 = ORIENTED_EDGE('',*,*,#3990,.T.);
#3990 = EDGE_CURVE('',#1672,#3991,#3993,.T.);
#3991 = VERTEX_POINT('',#3992);
#3992 = CARTESIAN_POINT('',(-0.32,-12.38,8.38));
#3993 = LINE('',#3994,#3995);
#3994 = CARTESIAN_POINT('',(-0.32,-12.38,-3.));
#3995 = VECTOR('',#3996,1.);
#3996 = DIRECTION('',(0.,0.,1.));
#3997 = ORIENTED_EDGE('',*,*,#3998,.T.);
#3998 = EDGE_CURVE('',#3991,#3967,#3999,.T.);
#3999 = LINE('',#4000,#4001);
#4000 = CARTESIAN_POINT('',(-0.32,-12.38,8.38));
#4001 = VECTOR('',#4002,1.);
#4002 = DIRECTION('',(1.,0.,0.));
#4003 = PLANE('',#4004);
#4004 = AXIS2_PLACEMENT_3D('',#4005,#4006,#4007);
#4005 = CARTESIAN_POINT('',(-0.32,-12.38,-3.));
#4006 = DIRECTION('',(0.,1.,0.));
#4007 = DIRECTION('',(0.,-0.,1.));
#4008 = ADVANCED_FACE('',(#4009),#4027,.F.);
#4009 = FACE_BOUND('',#4010,.F.);
#4010 = EDGE_LOOP('',(#4011,#4019,#4020,#4021));
#4011 = ORIENTED_EDGE('',*,*,#4012,.F.);
#4012 = EDGE_CURVE('',#1664,#4013,#4015,.T.);
#4013 = VERTEX_POINT('',#4014);
#4014 = CARTESIAN_POINT('',(-0.32,-13.02,8.38));
#4015 = LINE('',#4016,#4017);
#4016 = CARTESIAN_POINT('',(-0.32,-13.02,-3.));
#4017 = VECTOR('',#4018,1.);
#4018 = DIRECTION('',(0.,0.,1.));
#4019 = ORIENTED_EDGE('',*,*,#1671,.T.);
#4020 = ORIENTED_EDGE('',*,*,#3990,.T.);
#4021 = ORIENTED_EDGE('',*,*,#4022,.F.);
#4022 = EDGE_CURVE('',#4013,#3991,#4023,.T.);
#4023 = LINE('',#4024,#4025);
#4024 = CARTESIAN_POINT('',(-0.32,-13.02,8.38));
#4025 = VECTOR('',#4026,1.);
#4026 = DIRECTION('',(0.,1.,0.));
#4027 = PLANE('',#4028);
#4028 = AXIS2_PLACEMENT_3D('',#4029,#4030,#4031);
#4029 = CARTESIAN_POINT('',(-0.32,-13.02,-3.));
#4030 = DIRECTION('',(1.,0.,0.));
#4031 = DIRECTION('',(0.,0.,1.));
#4032 = ADVANCED_FACE('',(#4033),#4044,.F.);
#4033 = FACE_BOUND('',#4034,.F.);
#4034 = EDGE_LOOP('',(#4035,#4036,#4037,#4038));
#4035 = ORIENTED_EDGE('',*,*,#3957,.F.);
#4036 = ORIENTED_EDGE('',*,*,#1663,.T.);
#4037 = ORIENTED_EDGE('',*,*,#4012,.T.);
#4038 = ORIENTED_EDGE('',*,*,#4039,.T.);
#4039 = EDGE_CURVE('',#4013,#3958,#4040,.T.);
#4040 = LINE('',#4041,#4042);
#4041 = CARTESIAN_POINT('',(-0.32,-13.02,8.38));
#4042 = VECTOR('',#4043,1.);
#4043 = DIRECTION('',(1.,0.,0.));
#4044 = PLANE('',#4045);
#4045 = AXIS2_PLACEMENT_3D('',#4046,#4047,#4048);
#4046 = CARTESIAN_POINT('',(-0.32,-13.02,-3.));
#4047 = DIRECTION('',(0.,1.,0.));
#4048 = DIRECTION('',(0.,-0.,1.));
#4049 = ADVANCED_FACE('',(#4050),#4075,.T.);
#4050 = FACE_BOUND('',#4051,.T.);
#4051 = EDGE_LOOP('',(#4052,#4060,#4061,#4069));
#4052 = ORIENTED_EDGE('',*,*,#4053,.F.);
#4053 = EDGE_CURVE('',#1688,#4054,#4056,.T.);
#4054 = VERTEX_POINT('',#4055);
#4055 = CARTESIAN_POINT('',(0.32,-10.48,8.38));
#4056 = LINE('',#4057,#4058);
#4057 = CARTESIAN_POINT('',(0.32,-10.48,-3.));
#4058 = VECTOR('',#4059,1.);
#4059 = DIRECTION('',(0.,0.,1.));
#4060 = ORIENTED_EDGE('',*,*,#1687,.T.);
#4061 = ORIENTED_EDGE('',*,*,#4062,.T.);
#4062 = EDGE_CURVE('',#1690,#4063,#4065,.T.);
#4063 = VERTEX_POINT('',#4064);
#4064 = CARTESIAN_POINT('',(0.32,-9.84,8.38));
#4065 = LINE('',#4066,#4067);
#4066 = CARTESIAN_POINT('',(0.32,-9.84,-3.));
#4067 = VECTOR('',#4068,1.);
#4068 = DIRECTION('',(0.,0.,1.));
#4069 = ORIENTED_EDGE('',*,*,#4070,.F.);
#4070 = EDGE_CURVE('',#4054,#4063,#4071,.T.);
#4071 = LINE('',#4072,#4073);
#4072 = CARTESIAN_POINT('',(0.32,-10.48,8.38));
#4073 = VECTOR('',#4074,1.);
#4074 = DIRECTION('',(0.,1.,0.));
#4075 = PLANE('',#4076);
#4076 = AXIS2_PLACEMENT_3D('',#4077,#4078,#4079);
#4077 = CARTESIAN_POINT('',(0.32,-10.48,-3.));
#4078 = DIRECTION('',(1.,0.,0.));
#4079 = DIRECTION('',(0.,0.,1.));
#4080 = ADVANCED_FACE('',(#4081),#4099,.T.);
#4081 = FACE_BOUND('',#4082,.T.);
#4082 = EDGE_LOOP('',(#4083,#4084,#4085,#4093));
#4083 = ORIENTED_EDGE('',*,*,#4062,.F.);
#4084 = ORIENTED_EDGE('',*,*,#1713,.T.);
#4085 = ORIENTED_EDGE('',*,*,#4086,.T.);
#4086 = EDGE_CURVE('',#1706,#4087,#4089,.T.);
#4087 = VERTEX_POINT('',#4088);
#4088 = CARTESIAN_POINT('',(-0.32,-9.84,8.38));
#4089 = LINE('',#4090,#4091);
#4090 = CARTESIAN_POINT('',(-0.32,-9.84,-3.));
#4091 = VECTOR('',#4092,1.);
#4092 = DIRECTION('',(0.,0.,1.));
#4093 = ORIENTED_EDGE('',*,*,#4094,.T.);
#4094 = EDGE_CURVE('',#4087,#4063,#4095,.T.);
#4095 = LINE('',#4096,#4097);
#4096 = CARTESIAN_POINT('',(-0.32,-9.84,8.38));
#4097 = VECTOR('',#4098,1.);
#4098 = DIRECTION('',(1.,0.,0.));
#4099 = PLANE('',#4100);
#4100 = AXIS2_PLACEMENT_3D('',#4101,#4102,#4103);
#4101 = CARTESIAN_POINT('',(-0.32,-9.84,-3.));
#4102 = DIRECTION('',(0.,1.,0.));
#4103 = DIRECTION('',(0.,-0.,1.));
#4104 = ADVANCED_FACE('',(#4105),#4123,.F.);
#4105 = FACE_BOUND('',#4106,.F.);
#4106 = EDGE_LOOP('',(#4107,#4115,#4116,#4117));
#4107 = ORIENTED_EDGE('',*,*,#4108,.F.);
#4108 = EDGE_CURVE('',#1698,#4109,#4111,.T.);
#4109 = VERTEX_POINT('',#4110);
#4110 = CARTESIAN_POINT('',(-0.32,-10.48,8.38));
#4111 = LINE('',#4112,#4113);
#4112 = CARTESIAN_POINT('',(-0.32,-10.48,-3.));
#4113 = VECTOR('',#4114,1.);
#4114 = DIRECTION('',(0.,0.,1.));
#4115 = ORIENTED_EDGE('',*,*,#1705,.T.);
#4116 = ORIENTED_EDGE('',*,*,#4086,.T.);
#4117 = ORIENTED_EDGE('',*,*,#4118,.F.);
#4118 = EDGE_CURVE('',#4109,#4087,#4119,.T.);
#4119 = LINE('',#4120,#4121);
#4120 = CARTESIAN_POINT('',(-0.32,-10.48,8.38));
#4121 = VECTOR('',#4122,1.);
#4122 = DIRECTION('',(0.,1.,0.));
#4123 = PLANE('',#4124);
#4124 = AXIS2_PLACEMENT_3D('',#4125,#4126,#4127);
#4125 = CARTESIAN_POINT('',(-0.32,-10.48,-3.));
#4126 = DIRECTION('',(1.,0.,0.));
#4127 = DIRECTION('',(0.,0.,1.));
#4128 = ADVANCED_FACE('',(#4129),#4140,.F.);
#4129 = FACE_BOUND('',#4130,.F.);
#4130 = EDGE_LOOP('',(#4131,#4132,#4133,#4134));
#4131 = ORIENTED_EDGE('',*,*,#4053,.F.);
#4132 = ORIENTED_EDGE('',*,*,#1697,.T.);
#4133 = ORIENTED_EDGE('',*,*,#4108,.T.);
#4134 = ORIENTED_EDGE('',*,*,#4135,.T.);
#4135 = EDGE_CURVE('',#4109,#4054,#4136,.T.);
#4136 = LINE('',#4137,#4138);
#4137 = CARTESIAN_POINT('',(-0.32,-10.48,8.38));
#4138 = VECTOR('',#4139,1.);
#4139 = DIRECTION('',(1.,0.,0.));
#4140 = PLANE('',#4141);
#4141 = AXIS2_PLACEMENT_3D('',#4142,#4143,#4144);
#4142 = CARTESIAN_POINT('',(-0.32,-10.48,-3.));
#4143 = DIRECTION('',(0.,1.,0.));
#4144 = DIRECTION('',(0.,-0.,1.));
#4145 = ADVANCED_FACE('',(#4146),#4171,.T.);
#4146 = FACE_BOUND('',#4147,.T.);
#4147 = EDGE_LOOP('',(#4148,#4156,#4157,#4165));
#4148 = ORIENTED_EDGE('',*,*,#4149,.F.);
#4149 = EDGE_CURVE('',#1722,#4150,#4152,.T.);
#4150 = VERTEX_POINT('',#4151);
#4151 = CARTESIAN_POINT('',(0.32,-7.94,8.38));
#4152 = LINE('',#4153,#4154);
#4153 = CARTESIAN_POINT('',(0.32,-7.94,-3.));
#4154 = VECTOR('',#4155,1.);
#4155 = DIRECTION('',(0.,0.,1.));
#4156 = ORIENTED_EDGE('',*,*,#1721,.T.);
#4157 = ORIENTED_EDGE('',*,*,#4158,.T.);
#4158 = EDGE_CURVE('',#1724,#4159,#4161,.T.);
#4159 = VERTEX_POINT('',#4160);
#4160 = CARTESIAN_POINT('',(0.32,-7.3,8.38));
#4161 = LINE('',#4162,#4163);
#4162 = CARTESIAN_POINT('',(0.32,-7.3,-3.));
#4163 = VECTOR('',#4164,1.);
#4164 = DIRECTION('',(0.,0.,1.));
#4165 = ORIENTED_EDGE('',*,*,#4166,.F.);
#4166 = EDGE_CURVE('',#4150,#4159,#4167,.T.);
#4167 = LINE('',#4168,#4169);
#4168 = CARTESIAN_POINT('',(0.32,-7.94,8.38));
#4169 = VECTOR('',#4170,1.);
#4170 = DIRECTION('',(0.,1.,0.));
#4171 = PLANE('',#4172);
#4172 = AXIS2_PLACEMENT_3D('',#4173,#4174,#4175);
#4173 = CARTESIAN_POINT('',(0.32,-7.94,-3.));
#4174 = DIRECTION('',(1.,0.,0.));
#4175 = DIRECTION('',(0.,0.,1.));
#4176 = ADVANCED_FACE('',(#4177),#4195,.T.);
#4177 = FACE_BOUND('',#4178,.T.);
#4178 = EDGE_LOOP('',(#4179,#4180,#4181,#4189));
#4179 = ORIENTED_EDGE('',*,*,#4158,.F.);
#4180 = ORIENTED_EDGE('',*,*,#1747,.T.);
#4181 = ORIENTED_EDGE('',*,*,#4182,.T.);
#4182 = EDGE_CURVE('',#1740,#4183,#4185,.T.);
#4183 = VERTEX_POINT('',#4184);
#4184 = CARTESIAN_POINT('',(-0.32,-7.3,8.38));
#4185 = LINE('',#4186,#4187);
#4186 = CARTESIAN_POINT('',(-0.32,-7.3,-3.));
#4187 = VECTOR('',#4188,1.);
#4188 = DIRECTION('',(0.,0.,1.));
#4189 = ORIENTED_EDGE('',*,*,#4190,.T.);
#4190 = EDGE_CURVE('',#4183,#4159,#4191,.T.);
#4191 = LINE('',#4192,#4193);
#4192 = CARTESIAN_POINT('',(-0.32,-7.3,8.38));
#4193 = VECTOR('',#4194,1.);
#4194 = DIRECTION('',(1.,0.,0.));
#4195 = PLANE('',#4196);
#4196 = AXIS2_PLACEMENT_3D('',#4197,#4198,#4199);
#4197 = CARTESIAN_POINT('',(-0.32,-7.3,-3.));
#4198 = DIRECTION('',(0.,1.,0.));
#4199 = DIRECTION('',(0.,-0.,1.));
#4200 = ADVANCED_FACE('',(#4201),#4219,.F.);
#4201 = FACE_BOUND('',#4202,.F.);
#4202 = EDGE_LOOP('',(#4203,#4211,#4212,#4213));
#4203 = ORIENTED_EDGE('',*,*,#4204,.F.);
#4204 = EDGE_CURVE('',#1732,#4205,#4207,.T.);
#4205 = VERTEX_POINT('',#4206);
#4206 = CARTESIAN_POINT('',(-0.32,-7.94,8.38));
#4207 = LINE('',#4208,#4209);
#4208 = CARTESIAN_POINT('',(-0.32,-7.94,-3.));
#4209 = VECTOR('',#4210,1.);
#4210 = DIRECTION('',(0.,0.,1.));
#4211 = ORIENTED_EDGE('',*,*,#1739,.T.);
#4212 = ORIENTED_EDGE('',*,*,#4182,.T.);
#4213 = ORIENTED_EDGE('',*,*,#4214,.F.);
#4214 = EDGE_CURVE('',#4205,#4183,#4215,.T.);
#4215 = LINE('',#4216,#4217);
#4216 = CARTESIAN_POINT('',(-0.32,-7.94,8.38));
#4217 = VECTOR('',#4218,1.);
#4218 = DIRECTION('',(0.,1.,0.));
#4219 = PLANE('',#4220);
#4220 = AXIS2_PLACEMENT_3D('',#4221,#4222,#4223);
#4221 = CARTESIAN_POINT('',(-0.32,-7.94,-3.));
#4222 = DIRECTION('',(1.,0.,0.));
#4223 = DIRECTION('',(0.,0.,1.));
#4224 = ADVANCED_FACE('',(#4225),#4236,.F.);
#4225 = FACE_BOUND('',#4226,.F.);
#4226 = EDGE_LOOP('',(#4227,#4228,#4229,#4230));
#4227 = ORIENTED_EDGE('',*,*,#4149,.F.);
#4228 = ORIENTED_EDGE('',*,*,#1731,.T.);
#4229 = ORIENTED_EDGE('',*,*,#4204,.T.);
#4230 = ORIENTED_EDGE('',*,*,#4231,.T.);
#4231 = EDGE_CURVE('',#4205,#4150,#4232,.T.);
#4232 = LINE('',#4233,#4234);
#4233 = CARTESIAN_POINT('',(-0.32,-7.94,8.38));
#4234 = VECTOR('',#4235,1.);
#4235 = DIRECTION('',(1.,0.,0.));
#4236 = PLANE('',#4237);
#4237 = AXIS2_PLACEMENT_3D('',#4238,#4239,#4240);
#4238 = CARTESIAN_POINT('',(-0.32,-7.94,-3.));
#4239 = DIRECTION('',(0.,1.,0.));
#4240 = DIRECTION('',(0.,-0.,1.));
#4241 = ADVANCED_FACE('',(#4242),#4267,.F.);
#4242 = FACE_BOUND('',#4243,.F.);
#4243 = EDGE_LOOP('',(#4244,#4252,#4253,#4261));
#4244 = ORIENTED_EDGE('',*,*,#4245,.F.);
#4245 = EDGE_CURVE('',#1756,#4246,#4248,.T.);
#4246 = VERTEX_POINT('',#4247);
#4247 = CARTESIAN_POINT('',(0.32,-18.1,8.38));
#4248 = LINE('',#4249,#4250);
#4249 = CARTESIAN_POINT('',(0.32,-18.1,-3.));
#4250 = VECTOR('',#4251,1.);
#4251 = DIRECTION('',(0.,0.,1.));
#4252 = ORIENTED_EDGE('',*,*,#1755,.T.);
#4253 = ORIENTED_EDGE('',*,*,#4254,.T.);
#4254 = EDGE_CURVE('',#1758,#4255,#4257,.T.);
#4255 = VERTEX_POINT('',#4256);
#4256 = CARTESIAN_POINT('',(-0.32,-18.1,8.38));
#4257 = LINE('',#4258,#4259);
#4258 = CARTESIAN_POINT('',(-0.32,-18.1,-3.));
#4259 = VECTOR('',#4260,1.);
#4260 = DIRECTION('',(0.,0.,1.));
#4261 = ORIENTED_EDGE('',*,*,#4262,.T.);
#4262 = EDGE_CURVE('',#4255,#4246,#4263,.T.);
#4263 = LINE('',#4264,#4265);
#4264 = CARTESIAN_POINT('',(-0.32,-18.1,8.38));
#4265 = VECTOR('',#4266,1.);
#4266 = DIRECTION('',(1.,0.,0.));
#4267 = PLANE('',#4268);
#4268 = AXIS2_PLACEMENT_3D('',#4269,#4270,#4271);
#4269 = CARTESIAN_POINT('',(-0.32,-18.1,-3.));
#4270 = DIRECTION('',(0.,1.,0.));
#4271 = DIRECTION('',(0.,-0.,1.));
#4272 = ADVANCED_FACE('',(#4273),#4291,.T.);
#4273 = FACE_BOUND('',#4274,.T.);
#4274 = EDGE_LOOP('',(#4275,#4276,#4277,#4285));
#4275 = ORIENTED_EDGE('',*,*,#4245,.F.);
#4276 = ORIENTED_EDGE('',*,*,#1781,.T.);
#4277 = ORIENTED_EDGE('',*,*,#4278,.T.);
#4278 = EDGE_CURVE('',#1774,#4279,#4281,.T.);
#4279 = VERTEX_POINT('',#4280);
#4280 = CARTESIAN_POINT('',(0.32,-17.46,8.38));
#4281 = LINE('',#4282,#4283);
#4282 = CARTESIAN_POINT('',(0.32,-17.46,-3.));
#4283 = VECTOR('',#4284,1.);
#4284 = DIRECTION('',(0.,0.,1.));
#4285 = ORIENTED_EDGE('',*,*,#4286,.F.);
#4286 = EDGE_CURVE('',#4246,#4279,#4287,.T.);
#4287 = LINE('',#4288,#4289);
#4288 = CARTESIAN_POINT('',(0.32,-18.1,8.38));
#4289 = VECTOR('',#4290,1.);
#4290 = DIRECTION('',(0.,1.,0.));
#4291 = PLANE('',#4292);
#4292 = AXIS2_PLACEMENT_3D('',#4293,#4294,#4295);
#4293 = CARTESIAN_POINT('',(0.32,-18.1,-3.));
#4294 = DIRECTION('',(1.,0.,0.));
#4295 = DIRECTION('',(0.,0.,1.));
#4296 = ADVANCED_FACE('',(#4297),#4315,.T.);
#4297 = FACE_BOUND('',#4298,.T.);
#4298 = EDGE_LOOP('',(#4299,#4300,#4301,#4309));
#4299 = ORIENTED_EDGE('',*,*,#4278,.F.);
#4300 = ORIENTED_EDGE('',*,*,#1773,.T.);
#4301 = ORIENTED_EDGE('',*,*,#4302,.T.);
#4302 = EDGE_CURVE('',#1766,#4303,#4305,.T.);
#4303 = VERTEX_POINT('',#4304);
#4304 = CARTESIAN_POINT('',(-0.32,-17.46,8.38));
#4305 = LINE('',#4306,#4307);
#4306 = CARTESIAN_POINT('',(-0.32,-17.46,-3.));
#4307 = VECTOR('',#4308,1.);
#4308 = DIRECTION('',(0.,0.,1.));
#4309 = ORIENTED_EDGE('',*,*,#4310,.T.);
#4310 = EDGE_CURVE('',#4303,#4279,#4311,.T.);
#4311 = LINE('',#4312,#4313);
#4312 = CARTESIAN_POINT('',(-0.32,-17.46,8.38));
#4313 = VECTOR('',#4314,1.);
#4314 = DIRECTION('',(1.,0.,0.));
#4315 = PLANE('',#4316);
#4316 = AXIS2_PLACEMENT_3D('',#4317,#4318,#4319);
#4317 = CARTESIAN_POINT('',(-0.32,-17.46,-3.));
#4318 = DIRECTION('',(0.,1.,0.));
#4319 = DIRECTION('',(0.,-0.,1.));
#4320 = ADVANCED_FACE('',(#4321),#4332,.F.);
#4321 = FACE_BOUND('',#4322,.F.);
#4322 = EDGE_LOOP('',(#4323,#4324,#4325,#4326));
#4323 = ORIENTED_EDGE('',*,*,#4254,.F.);
#4324 = ORIENTED_EDGE('',*,*,#1765,.T.);
#4325 = ORIENTED_EDGE('',*,*,#4302,.T.);
#4326 = ORIENTED_EDGE('',*,*,#4327,.F.);
#4327 = EDGE_CURVE('',#4255,#4303,#4328,.T.);
#4328 = LINE('',#4329,#4330);
#4329 = CARTESIAN_POINT('',(-0.32,-18.1,8.38));
#4330 = VECTOR('',#4331,1.);
#4331 = DIRECTION('',(0.,1.,0.));
#4332 = PLANE('',#4333);
#4333 = AXIS2_PLACEMENT_3D('',#4334,#4335,#4336);
#4334 = CARTESIAN_POINT('',(-0.32,-18.1,-3.));
#4335 = DIRECTION('',(1.,0.,0.));
#4336 = DIRECTION('',(0.,0.,1.));
#4337 = ADVANCED_FACE('',(#4338),#4363,.T.);
#4338 = FACE_BOUND('',#4339,.T.);
#4339 = EDGE_LOOP('',(#4340,#4348,#4349,#4357));
#4340 = ORIENTED_EDGE('',*,*,#4341,.F.);
#4341 = EDGE_CURVE('',#1790,#4342,#4344,.T.);
#4342 = VERTEX_POINT('',#4343);
#4343 = CARTESIAN_POINT('',(0.32,-15.56,8.38));
#4344 = LINE('',#4345,#4346);
#4345 = CARTESIAN_POINT('',(0.32,-15.56,-3.));
#4346 = VECTOR('',#4347,1.);
#4347 = DIRECTION('',(0.,0.,1.));
#4348 = ORIENTED_EDGE('',*,*,#1789,.T.);
#4349 = ORIENTED_EDGE('',*,*,#4350,.T.);
#4350 = EDGE_CURVE('',#1792,#4351,#4353,.T.);
#4351 = VERTEX_POINT('',#4352);
#4352 = CARTESIAN_POINT('',(0.32,-14.92,8.38));
#4353 = LINE('',#4354,#4355);
#4354 = CARTESIAN_POINT('',(0.32,-14.92,-3.));
#4355 = VECTOR('',#4356,1.);
#4356 = DIRECTION('',(0.,0.,1.));
#4357 = ORIENTED_EDGE('',*,*,#4358,.F.);
#4358 = EDGE_CURVE('',#4342,#4351,#4359,.T.);
#4359 = LINE('',#4360,#4361);
#4360 = CARTESIAN_POINT('',(0.32,-15.56,8.38));
#4361 = VECTOR('',#4362,1.);
#4362 = DIRECTION('',(0.,1.,0.));
#4363 = PLANE('',#4364);
#4364 = AXIS2_PLACEMENT_3D('',#4365,#4366,#4367);
#4365 = CARTESIAN_POINT('',(0.32,-15.56,-3.));
#4366 = DIRECTION('',(1.,0.,0.));
#4367 = DIRECTION('',(0.,0.,1.));
#4368 = ADVANCED_FACE('',(#4369),#4387,.T.);
#4369 = FACE_BOUND('',#4370,.T.);
#4370 = EDGE_LOOP('',(#4371,#4372,#4373,#4381));
#4371 = ORIENTED_EDGE('',*,*,#4350,.F.);
#4372 = ORIENTED_EDGE('',*,*,#1815,.T.);
#4373 = ORIENTED_EDGE('',*,*,#4374,.T.);
#4374 = EDGE_CURVE('',#1808,#4375,#4377,.T.);
#4375 = VERTEX_POINT('',#4376);
#4376 = CARTESIAN_POINT('',(-0.32,-14.92,8.38));
#4377 = LINE('',#4378,#4379);
#4378 = CARTESIAN_POINT('',(-0.32,-14.92,-3.));
#4379 = VECTOR('',#4380,1.);
#4380 = DIRECTION('',(0.,0.,1.));
#4381 = ORIENTED_EDGE('',*,*,#4382,.T.);
#4382 = EDGE_CURVE('',#4375,#4351,#4383,.T.);
#4383 = LINE('',#4384,#4385);
#4384 = CARTESIAN_POINT('',(-0.32,-14.92,8.38));
#4385 = VECTOR('',#4386,1.);
#4386 = DIRECTION('',(1.,0.,0.));
#4387 = PLANE('',#4388);
#4388 = AXIS2_PLACEMENT_3D('',#4389,#4390,#4391);
#4389 = CARTESIAN_POINT('',(-0.32,-14.92,-3.));
#4390 = DIRECTION('',(0.,1.,0.));
#4391 = DIRECTION('',(0.,-0.,1.));
#4392 = ADVANCED_FACE('',(#4393),#4411,.F.);
#4393 = FACE_BOUND('',#4394,.F.);
#4394 = EDGE_LOOP('',(#4395,#4403,#4404,#4405));
#4395 = ORIENTED_EDGE('',*,*,#4396,.F.);
#4396 = EDGE_CURVE('',#1800,#4397,#4399,.T.);
#4397 = VERTEX_POINT('',#4398);
#4398 = CARTESIAN_POINT('',(-0.32,-15.56,8.38));
#4399 = LINE('',#4400,#4401);
#4400 = CARTESIAN_POINT('',(-0.32,-15.56,-3.));
#4401 = VECTOR('',#4402,1.);
#4402 = DIRECTION('',(0.,0.,1.));
#4403 = ORIENTED_EDGE('',*,*,#1807,.T.);
#4404 = ORIENTED_EDGE('',*,*,#4374,.T.);
#4405 = ORIENTED_EDGE('',*,*,#4406,.F.);
#4406 = EDGE_CURVE('',#4397,#4375,#4407,.T.);
#4407 = LINE('',#4408,#4409);
#4408 = CARTESIAN_POINT('',(-0.32,-15.56,8.38));
#4409 = VECTOR('',#4410,1.);
#4410 = DIRECTION('',(0.,1.,0.));
#4411 = PLANE('',#4412);
#4412 = AXIS2_PLACEMENT_3D('',#4413,#4414,#4415);
#4413 = CARTESIAN_POINT('',(-0.32,-15.56,-3.));
#4414 = DIRECTION('',(1.,0.,0.));
#4415 = DIRECTION('',(0.,0.,1.));
#4416 = ADVANCED_FACE('',(#4417),#4428,.F.);
#4417 = FACE_BOUND('',#4418,.F.);
#4418 = EDGE_LOOP('',(#4419,#4420,#4421,#4422));
#4419 = ORIENTED_EDGE('',*,*,#4341,.F.);
#4420 = ORIENTED_EDGE('',*,*,#1799,.T.);
#4421 = ORIENTED_EDGE('',*,*,#4396,.T.);
#4422 = ORIENTED_EDGE('',*,*,#4423,.T.);
#4423 = EDGE_CURVE('',#4397,#4342,#4424,.T.);
#4424 = LINE('',#4425,#4426);
#4425 = CARTESIAN_POINT('',(-0.32,-15.56,8.38));
#4426 = VECTOR('',#4427,1.);
#4427 = DIRECTION('',(1.,0.,0.));
#4428 = PLANE('',#4429);
#4429 = AXIS2_PLACEMENT_3D('',#4430,#4431,#4432);
#4430 = CARTESIAN_POINT('',(-0.32,-15.56,-3.));
#4431 = DIRECTION('',(0.,1.,0.));
#4432 = DIRECTION('',(0.,-0.,1.));
#4433 = ADVANCED_FACE('',(#4434),#4459,.T.);
#4434 = FACE_BOUND('',#4435,.T.);
#4435 = EDGE_LOOP('',(#4436,#4444,#4445,#4453));
#4436 = ORIENTED_EDGE('',*,*,#4437,.F.);
#4437 = EDGE_CURVE('',#1824,#4438,#4440,.T.);
#4438 = VERTEX_POINT('',#4439);
#4439 = CARTESIAN_POINT('',(0.32,-23.18,8.38));
#4440 = LINE('',#4441,#4442);
#4441 = CARTESIAN_POINT('',(0.32,-23.18,-3.));
#4442 = VECTOR('',#4443,1.);
#4443 = DIRECTION('',(0.,0.,1.));
#4444 = ORIENTED_EDGE('',*,*,#1823,.T.);
#4445 = ORIENTED_EDGE('',*,*,#4446,.T.);
#4446 = EDGE_CURVE('',#1826,#4447,#4449,.T.);
#4447 = VERTEX_POINT('',#4448);
#4448 = CARTESIAN_POINT('',(0.32,-22.54,8.38));
#4449 = LINE('',#4450,#4451);
#4450 = CARTESIAN_POINT('',(0.32,-22.54,-3.));
#4451 = VECTOR('',#4452,1.);
#4452 = DIRECTION('',(0.,0.,1.));
#4453 = ORIENTED_EDGE('',*,*,#4454,.F.);
#4454 = EDGE_CURVE('',#4438,#4447,#4455,.T.);
#4455 = LINE('',#4456,#4457);
#4456 = CARTESIAN_POINT('',(0.32,-23.18,8.38));
#4457 = VECTOR('',#4458,1.);
#4458 = DIRECTION('',(0.,1.,0.));
#4459 = PLANE('',#4460);
#4460 = AXIS2_PLACEMENT_3D('',#4461,#4462,#4463);
#4461 = CARTESIAN_POINT('',(0.32,-23.18,-3.));
#4462 = DIRECTION('',(1.,0.,0.));
#4463 = DIRECTION('',(0.,0.,1.));
#4464 = ADVANCED_FACE('',(#4465),#4483,.T.);
#4465 = FACE_BOUND('',#4466,.T.);
#4466 = EDGE_LOOP('',(#4467,#4468,#4469,#4477));
#4467 = ORIENTED_EDGE('',*,*,#4446,.F.);
#4468 = ORIENTED_EDGE('',*,*,#1849,.T.);
#4469 = ORIENTED_EDGE('',*,*,#4470,.T.);
#4470 = EDGE_CURVE('',#1842,#4471,#4473,.T.);
#4471 = VERTEX_POINT('',#4472);
#4472 = CARTESIAN_POINT('',(-0.32,-22.54,8.38));
#4473 = LINE('',#4474,#4475);
#4474 = CARTESIAN_POINT('',(-0.32,-22.54,-3.));
#4475 = VECTOR('',#4476,1.);
#4476 = DIRECTION('',(0.,0.,1.));
#4477 = ORIENTED_EDGE('',*,*,#4478,.T.);
#4478 = EDGE_CURVE('',#4471,#4447,#4479,.T.);
#4479 = LINE('',#4480,#4481);
#4480 = CARTESIAN_POINT('',(-0.32,-22.54,8.38));
#4481 = VECTOR('',#4482,1.);
#4482 = DIRECTION('',(1.,0.,0.));
#4483 = PLANE('',#4484);
#4484 = AXIS2_PLACEMENT_3D('',#4485,#4486,#4487);
#4485 = CARTESIAN_POINT('',(-0.32,-22.54,-3.));
#4486 = DIRECTION('',(0.,1.,0.));
#4487 = DIRECTION('',(0.,-0.,1.));
#4488 = ADVANCED_FACE('',(#4489),#4507,.F.);
#4489 = FACE_BOUND('',#4490,.F.);
#4490 = EDGE_LOOP('',(#4491,#4499,#4500,#4501));
#4491 = ORIENTED_EDGE('',*,*,#4492,.F.);
#4492 = EDGE_CURVE('',#1834,#4493,#4495,.T.);
#4493 = VERTEX_POINT('',#4494);
#4494 = CARTESIAN_POINT('',(-0.32,-23.18,8.38));
#4495 = LINE('',#4496,#4497);
#4496 = CARTESIAN_POINT('',(-0.32,-23.18,-3.));
#4497 = VECTOR('',#4498,1.);
#4498 = DIRECTION('',(0.,0.,1.));
#4499 = ORIENTED_EDGE('',*,*,#1841,.T.);
#4500 = ORIENTED_EDGE('',*,*,#4470,.T.);
#4501 = ORIENTED_EDGE('',*,*,#4502,.F.);
#4502 = EDGE_CURVE('',#4493,#4471,#4503,.T.);
#4503 = LINE('',#4504,#4505);
#4504 = CARTESIAN_POINT('',(-0.32,-23.18,8.38));
#4505 = VECTOR('',#4506,1.);
#4506 = DIRECTION('',(0.,1.,0.));
#4507 = PLANE('',#4508);
#4508 = AXIS2_PLACEMENT_3D('',#4509,#4510,#4511);
#4509 = CARTESIAN_POINT('',(-0.32,-23.18,-3.));
#4510 = DIRECTION('',(1.,0.,0.));
#4511 = DIRECTION('',(0.,0.,1.));
#4512 = ADVANCED_FACE('',(#4513),#4524,.F.);
#4513 = FACE_BOUND('',#4514,.F.);
#4514 = EDGE_LOOP('',(#4515,#4516,#4517,#4518));
#4515 = ORIENTED_EDGE('',*,*,#4437,.F.);
#4516 = ORIENTED_EDGE('',*,*,#1833,.T.);
#4517 = ORIENTED_EDGE('',*,*,#4492,.T.);
#4518 = ORIENTED_EDGE('',*,*,#4519,.T.);
#4519 = EDGE_CURVE('',#4493,#4438,#4520,.T.);
#4520 = LINE('',#4521,#4522);
#4521 = CARTESIAN_POINT('',(-0.32,-23.18,8.38));
#4522 = VECTOR('',#4523,1.);
#4523 = DIRECTION('',(1.,0.,0.));
#4524 = PLANE('',#4525);
#4525 = AXIS2_PLACEMENT_3D('',#4526,#4527,#4528);
#4526 = CARTESIAN_POINT('',(-0.32,-23.18,-3.));
#4527 = DIRECTION('',(0.,1.,0.));
#4528 = DIRECTION('',(0.,-0.,1.));
#4529 = ADVANCED_FACE('',(#4530),#4555,.F.);
#4530 = FACE_BOUND('',#4531,.F.);
#4531 = EDGE_LOOP('',(#4532,#4540,#4541,#4549));
#4532 = ORIENTED_EDGE('',*,*,#4533,.F.);
#4533 = EDGE_CURVE('',#1858,#4534,#4536,.T.);
#4534 = VERTEX_POINT('',#4535);
#4535 = CARTESIAN_POINT('',(0.32,-20.64,8.38));
#4536 = LINE('',#4537,#4538);
#4537 = CARTESIAN_POINT('',(0.32,-20.64,-3.));
#4538 = VECTOR('',#4539,1.);
#4539 = DIRECTION('',(0.,0.,1.));
#4540 = ORIENTED_EDGE('',*,*,#1857,.T.);
#4541 = ORIENTED_EDGE('',*,*,#4542,.T.);
#4542 = EDGE_CURVE('',#1860,#4543,#4545,.T.);
#4543 = VERTEX_POINT('',#4544);
#4544 = CARTESIAN_POINT('',(-0.32,-20.64,8.38));
#4545 = LINE('',#4546,#4547);
#4546 = CARTESIAN_POINT('',(-0.32,-20.64,-3.));
#4547 = VECTOR('',#4548,1.);
#4548 = DIRECTION('',(0.,0.,1.));
#4549 = ORIENTED_EDGE('',*,*,#4550,.T.);
#4550 = EDGE_CURVE('',#4543,#4534,#4551,.T.);
#4551 = LINE('',#4552,#4553);
#4552 = CARTESIAN_POINT('',(-0.32,-20.64,8.38));
#4553 = VECTOR('',#4554,1.);
#4554 = DIRECTION('',(1.,0.,0.));
#4555 = PLANE('',#4556);
#4556 = AXIS2_PLACEMENT_3D('',#4557,#4558,#4559);
#4557 = CARTESIAN_POINT('',(-0.32,-20.64,-3.));
#4558 = DIRECTION('',(0.,1.,0.));
#4559 = DIRECTION('',(0.,-0.,1.));
#4560 = ADVANCED_FACE('',(#4561),#4579,.T.);
#4561 = FACE_BOUND('',#4562,.T.);
#4562 = EDGE_LOOP('',(#4563,#4564,#4565,#4573));
#4563 = ORIENTED_EDGE('',*,*,#4533,.F.);
#4564 = ORIENTED_EDGE('',*,*,#1883,.T.);
#4565 = ORIENTED_EDGE('',*,*,#4566,.T.);
#4566 = EDGE_CURVE('',#1876,#4567,#4569,.T.);
#4567 = VERTEX_POINT('',#4568);
#4568 = CARTESIAN_POINT('',(0.32,-20.,8.38));
#4569 = LINE('',#4570,#4571);
#4570 = CARTESIAN_POINT('',(0.32,-20.,-3.));
#4571 = VECTOR('',#4572,1.);
#4572 = DIRECTION('',(0.,0.,1.));
#4573 = ORIENTED_EDGE('',*,*,#4574,.F.);
#4574 = EDGE_CURVE('',#4534,#4567,#4575,.T.);
#4575 = LINE('',#4576,#4577);
#4576 = CARTESIAN_POINT('',(0.32,-20.64,8.38));
#4577 = VECTOR('',#4578,1.);
#4578 = DIRECTION('',(0.,1.,0.));
#4579 = PLANE('',#4580);
#4580 = AXIS2_PLACEMENT_3D('',#4581,#4582,#4583);
#4581 = CARTESIAN_POINT('',(0.32,-20.64,-3.));
#4582 = DIRECTION('',(1.,0.,0.));
#4583 = DIRECTION('',(0.,0.,1.));
#4584 = ADVANCED_FACE('',(#4585),#4603,.T.);
#4585 = FACE_BOUND('',#4586,.T.);
#4586 = EDGE_LOOP('',(#4587,#4588,#4589,#4597));
#4587 = ORIENTED_EDGE('',*,*,#4566,.F.);
#4588 = ORIENTED_EDGE('',*,*,#1875,.T.);
#4589 = ORIENTED_EDGE('',*,*,#4590,.T.);
#4590 = EDGE_CURVE('',#1868,#4591,#4593,.T.);
#4591 = VERTEX_POINT('',#4592);
#4592 = CARTESIAN_POINT('',(-0.32,-20.,8.38));
#4593 = LINE('',#4594,#4595);
#4594 = CARTESIAN_POINT('',(-0.32,-20.,-3.));
#4595 = VECTOR('',#4596,1.);
#4596 = DIRECTION('',(0.,0.,1.));
#4597 = ORIENTED_EDGE('',*,*,#4598,.T.);
#4598 = EDGE_CURVE('',#4591,#4567,#4599,.T.);
#4599 = LINE('',#4600,#4601);
#4600 = CARTESIAN_POINT('',(-0.32,-20.,8.38));
#4601 = VECTOR('',#4602,1.);
#4602 = DIRECTION('',(1.,0.,0.));
#4603 = PLANE('',#4604);
#4604 = AXIS2_PLACEMENT_3D('',#4605,#4606,#4607);
#4605 = CARTESIAN_POINT('',(-0.32,-20.,-3.));
#4606 = DIRECTION('',(0.,1.,0.));
#4607 = DIRECTION('',(0.,-0.,1.));
#4608 = ADVANCED_FACE('',(#4609),#4620,.F.);
#4609 = FACE_BOUND('',#4610,.F.);
#4610 = EDGE_LOOP('',(#4611,#4612,#4613,#4614));
#4611 = ORIENTED_EDGE('',*,*,#4542,.F.);
#4612 = ORIENTED_EDGE('',*,*,#1867,.T.);
#4613 = ORIENTED_EDGE('',*,*,#4590,.T.);
#4614 = ORIENTED_EDGE('',*,*,#4615,.F.);
#4615 = EDGE_CURVE('',#4543,#4591,#4616,.T.);
#4616 = LINE('',#4617,#4618);
#4617 = CARTESIAN_POINT('',(-0.32,-20.64,8.38));
#4618 = VECTOR('',#4619,1.);
#4619 = DIRECTION('',(0.,1.,0.));
#4620 = PLANE('',#4621);
#4621 = AXIS2_PLACEMENT_3D('',#4622,#4623,#4624);
#4622 = CARTESIAN_POINT('',(-0.32,-20.64,-3.));
#4623 = DIRECTION('',(1.,0.,0.));
#4624 = DIRECTION('',(0.,0.,1.));
#4625 = ADVANCED_FACE('',(#4626),#4651,.F.);
#4626 = FACE_BOUND('',#4627,.F.);
#4627 = EDGE_LOOP('',(#4628,#4636,#4637,#4645));
#4628 = ORIENTED_EDGE('',*,*,#4629,.F.);
#4629 = EDGE_CURVE('',#1892,#4630,#4632,.T.);
#4630 = VERTEX_POINT('',#4631);
#4631 = CARTESIAN_POINT('',(0.32,-0.32,8.38));
#4632 = LINE('',#4633,#4634);
#4633 = CARTESIAN_POINT('',(0.32,-0.32,-3.));
#4634 = VECTOR('',#4635,1.);
#4635 = DIRECTION('',(0.,0.,1.));
#4636 = ORIENTED_EDGE('',*,*,#1891,.T.);
#4637 = ORIENTED_EDGE('',*,*,#4638,.T.);
#4638 = EDGE_CURVE('',#1894,#4639,#4641,.T.);
#4639 = VERTEX_POINT('',#4640);
#4640 = CARTESIAN_POINT('',(-0.32,-0.32,8.38));
#4641 = LINE('',#4642,#4643);
#4642 = CARTESIAN_POINT('',(-0.32,-0.32,-3.));
#4643 = VECTOR('',#4644,1.);
#4644 = DIRECTION('',(0.,0.,1.));
#4645 = ORIENTED_EDGE('',*,*,#4646,.T.);
#4646 = EDGE_CURVE('',#4639,#4630,#4647,.T.);
#4647 = LINE('',#4648,#4649);
#4648 = CARTESIAN_POINT('',(-0.32,-0.32,8.38));
#4649 = VECTOR('',#4650,1.);
#4650 = DIRECTION('',(1.,0.,0.));
#4651 = PLANE('',#4652);
#4652 = AXIS2_PLACEMENT_3D('',#4653,#4654,#4655);
#4653 = CARTESIAN_POINT('',(-0.32,-0.32,-3.));
#4654 = DIRECTION('',(0.,1.,0.));
#4655 = DIRECTION('',(0.,-0.,1.));
#4656 = ADVANCED_FACE('',(#4657),#4675,.T.);
#4657 = FACE_BOUND('',#4658,.T.);
#4658 = EDGE_LOOP('',(#4659,#4660,#4661,#4669));
#4659 = ORIENTED_EDGE('',*,*,#4629,.F.);
#4660 = ORIENTED_EDGE('',*,*,#1917,.T.);
#4661 = ORIENTED_EDGE('',*,*,#4662,.T.);
#4662 = EDGE_CURVE('',#1910,#4663,#4665,.T.);
#4663 = VERTEX_POINT('',#4664);
#4664 = CARTESIAN_POINT('',(0.32,0.32,8.38));
#4665 = LINE('',#4666,#4667);
#4666 = CARTESIAN_POINT('',(0.32,0.32,-3.));
#4667 = VECTOR('',#4668,1.);
#4668 = DIRECTION('',(0.,0.,1.));
#4669 = ORIENTED_EDGE('',*,*,#4670,.F.);
#4670 = EDGE_CURVE('',#4630,#4663,#4671,.T.);
#4671 = LINE('',#4672,#4673);
#4672 = CARTESIAN_POINT('',(0.32,-0.32,8.38));
#4673 = VECTOR('',#4674,1.);
#4674 = DIRECTION('',(0.,1.,0.));
#4675 = PLANE('',#4676);
#4676 = AXIS2_PLACEMENT_3D('',#4677,#4678,#4679);
#4677 = CARTESIAN_POINT('',(0.32,-0.32,-3.));
#4678 = DIRECTION('',(1.,0.,0.));
#4679 = DIRECTION('',(0.,0.,1.));
#4680 = ADVANCED_FACE('',(#4681),#4699,.T.);
#4681 = FACE_BOUND('',#4682,.T.);
#4682 = EDGE_LOOP('',(#4683,#4684,#4685,#4693));
#4683 = ORIENTED_EDGE('',*,*,#4662,.F.);
#4684 = ORIENTED_EDGE('',*,*,#1909,.T.);
#4685 = ORIENTED_EDGE('',*,*,#4686,.T.);
#4686 = EDGE_CURVE('',#1902,#4687,#4689,.T.);
#4687 = VERTEX_POINT('',#4688);
#4688 = CARTESIAN_POINT('',(-0.32,0.32,8.38));
#4689 = LINE('',#4690,#4691);
#4690 = CARTESIAN_POINT('',(-0.32,0.32,-3.));
#4691 = VECTOR('',#4692,1.);
#4692 = DIRECTION('',(0.,0.,1.));
#4693 = ORIENTED_EDGE('',*,*,#4694,.T.);
#4694 = EDGE_CURVE('',#4687,#4663,#4695,.T.);
#4695 = LINE('',#4696,#4697);
#4696 = CARTESIAN_POINT('',(-0.32,0.32,8.38));
#4697 = VECTOR('',#4698,1.);
#4698 = DIRECTION('',(1.,0.,0.));
#4699 = PLANE('',#4700);
#4700 = AXIS2_PLACEMENT_3D('',#4701,#4702,#4703);
#4701 = CARTESIAN_POINT('',(-0.32,0.32,-3.));
#4702 = DIRECTION('',(0.,1.,0.));
#4703 = DIRECTION('',(0.,-0.,1.));
#4704 = ADVANCED_FACE('',(#4705),#4716,.F.);
#4705 = FACE_BOUND('',#4706,.F.);
#4706 = EDGE_LOOP('',(#4707,#4708,#4709,#4710));
#4707 = ORIENTED_EDGE('',*,*,#4638,.F.);
#4708 = ORIENTED_EDGE('',*,*,#1901,.T.);
#4709 = ORIENTED_EDGE('',*,*,#4686,.T.);
#4710 = ORIENTED_EDGE('',*,*,#4711,.F.);
#4711 = EDGE_CURVE('',#4639,#4687,#4712,.T.);
#4712 = LINE('',#4713,#4714);
#4713 = CARTESIAN_POINT('',(-0.32,-0.32,8.38));
#4714 = VECTOR('',#4715,1.);
#4715 = DIRECTION('',(0.,1.,0.));
#4716 = PLANE('',#4717);
#4717 = AXIS2_PLACEMENT_3D('',#4718,#4719,#4720);
#4718 = CARTESIAN_POINT('',(-0.32,-0.32,-3.));
#4719 = DIRECTION('',(1.,0.,0.));
#4720 = DIRECTION('',(0.,0.,1.));
#4721 = ADVANCED_FACE('',(#4722),#4747,.T.);
#4722 = FACE_BOUND('',#4723,.T.);
#4723 = EDGE_LOOP('',(#4724,#4732,#4733,#4741));
#4724 = ORIENTED_EDGE('',*,*,#4725,.F.);
#4725 = EDGE_CURVE('',#1926,#4726,#4728,.T.);
#4726 = VERTEX_POINT('',#4727);
#4727 = CARTESIAN_POINT('',(0.32,-2.86,8.38));
#4728 = LINE('',#4729,#4730);
#4729 = CARTESIAN_POINT('',(0.32,-2.86,-3.));
#4730 = VECTOR('',#4731,1.);
#4731 = DIRECTION('',(0.,0.,1.));
#4732 = ORIENTED_EDGE('',*,*,#1925,.T.);
#4733 = ORIENTED_EDGE('',*,*,#4734,.T.);
#4734 = EDGE_CURVE('',#1928,#4735,#4737,.T.);
#4735 = VERTEX_POINT('',#4736);
#4736 = CARTESIAN_POINT('',(0.32,-2.22,8.38));
#4737 = LINE('',#4738,#4739);
#4738 = CARTESIAN_POINT('',(0.32,-2.22,-3.));
#4739 = VECTOR('',#4740,1.);
#4740 = DIRECTION('',(0.,0.,1.));
#4741 = ORIENTED_EDGE('',*,*,#4742,.F.);
#4742 = EDGE_CURVE('',#4726,#4735,#4743,.T.);
#4743 = LINE('',#4744,#4745);
#4744 = CARTESIAN_POINT('',(0.32,-2.86,8.38));
#4745 = VECTOR('',#4746,1.);
#4746 = DIRECTION('',(0.,1.,0.));
#4747 = PLANE('',#4748);
#4748 = AXIS2_PLACEMENT_3D('',#4749,#4750,#4751);
#4749 = CARTESIAN_POINT('',(0.32,-2.86,-3.));
#4750 = DIRECTION('',(1.,0.,0.));
#4751 = DIRECTION('',(0.,0.,1.));
#4752 = ADVANCED_FACE('',(#4753),#4771,.T.);
#4753 = FACE_BOUND('',#4754,.T.);
#4754 = EDGE_LOOP('',(#4755,#4756,#4757,#4765));
#4755 = ORIENTED_EDGE('',*,*,#4734,.F.);
#4756 = ORIENTED_EDGE('',*,*,#1951,.T.);
#4757 = ORIENTED_EDGE('',*,*,#4758,.T.);
#4758 = EDGE_CURVE('',#1944,#4759,#4761,.T.);
#4759 = VERTEX_POINT('',#4760);
#4760 = CARTESIAN_POINT('',(-0.32,-2.22,8.38));
#4761 = LINE('',#4762,#4763);
#4762 = CARTESIAN_POINT('',(-0.32,-2.22,-3.));
#4763 = VECTOR('',#4764,1.);
#4764 = DIRECTION('',(0.,0.,1.));
#4765 = ORIENTED_EDGE('',*,*,#4766,.T.);
#4766 = EDGE_CURVE('',#4759,#4735,#4767,.T.);
#4767 = LINE('',#4768,#4769);
#4768 = CARTESIAN_POINT('',(-0.32,-2.22,8.38));
#4769 = VECTOR('',#4770,1.);
#4770 = DIRECTION('',(1.,0.,0.));
#4771 = PLANE('',#4772);
#4772 = AXIS2_PLACEMENT_3D('',#4773,#4774,#4775);
#4773 = CARTESIAN_POINT('',(-0.32,-2.22,-3.));
#4774 = DIRECTION('',(0.,1.,0.));
#4775 = DIRECTION('',(0.,-0.,1.));
#4776 = ADVANCED_FACE('',(#4777),#4795,.F.);
#4777 = FACE_BOUND('',#4778,.F.);
#4778 = EDGE_LOOP('',(#4779,#4787,#4788,#4789));
#4779 = ORIENTED_EDGE('',*,*,#4780,.F.);
#4780 = EDGE_CURVE('',#1936,#4781,#4783,.T.);
#4781 = VERTEX_POINT('',#4782);
#4782 = CARTESIAN_POINT('',(-0.32,-2.86,8.38));
#4783 = LINE('',#4784,#4785);
#4784 = CARTESIAN_POINT('',(-0.32,-2.86,-3.));
#4785 = VECTOR('',#4786,1.);
#4786 = DIRECTION('',(0.,0.,1.));
#4787 = ORIENTED_EDGE('',*,*,#1943,.T.);
#4788 = ORIENTED_EDGE('',*,*,#4758,.T.);
#4789 = ORIENTED_EDGE('',*,*,#4790,.F.);
#4790 = EDGE_CURVE('',#4781,#4759,#4791,.T.);
#4791 = LINE('',#4792,#4793);
#4792 = CARTESIAN_POINT('',(-0.32,-2.86,8.38));
#4793 = VECTOR('',#4794,1.);
#4794 = DIRECTION('',(0.,1.,0.));
#4795 = PLANE('',#4796);
#4796 = AXIS2_PLACEMENT_3D('',#4797,#4798,#4799);
#4797 = CARTESIAN_POINT('',(-0.32,-2.86,-3.));
#4798 = DIRECTION('',(1.,0.,0.));
#4799 = DIRECTION('',(0.,0.,1.));
#4800 = ADVANCED_FACE('',(#4801),#4812,.F.);
#4801 = FACE_BOUND('',#4802,.F.);
#4802 = EDGE_LOOP('',(#4803,#4804,#4805,#4806));
#4803 = ORIENTED_EDGE('',*,*,#4725,.F.);
#4804 = ORIENTED_EDGE('',*,*,#1935,.T.);
#4805 = ORIENTED_EDGE('',*,*,#4780,.T.);
#4806 = ORIENTED_EDGE('',*,*,#4807,.T.);
#4807 = EDGE_CURVE('',#4781,#4726,#4808,.T.);
#4808 = LINE('',#4809,#4810);
#4809 = CARTESIAN_POINT('',(-0.32,-2.86,8.38));
#4810 = VECTOR('',#4811,1.);
#4811 = DIRECTION('',(1.,0.,0.));
#4812 = PLANE('',#4813);
#4813 = AXIS2_PLACEMENT_3D('',#4814,#4815,#4816);
#4814 = CARTESIAN_POINT('',(-0.32,-2.86,-3.));
#4815 = DIRECTION('',(0.,1.,0.));
#4816 = DIRECTION('',(0.,-0.,1.));
#4817 = ADVANCED_FACE('',(#4818),#4843,.T.);
#4818 = FACE_BOUND('',#4819,.T.);
#4819 = EDGE_LOOP('',(#4820,#4828,#4829,#4837));
#4820 = ORIENTED_EDGE('',*,*,#4821,.F.);
#4821 = EDGE_CURVE('',#1960,#4822,#4824,.T.);
#4822 = VERTEX_POINT('',#4823);
#4823 = CARTESIAN_POINT('',(0.32,-5.4,8.38));
#4824 = LINE('',#4825,#4826);
#4825 = CARTESIAN_POINT('',(0.32,-5.4,-3.));
#4826 = VECTOR('',#4827,1.);
#4827 = DIRECTION('',(0.,0.,1.));
#4828 = ORIENTED_EDGE('',*,*,#1959,.T.);
#4829 = ORIENTED_EDGE('',*,*,#4830,.T.);
#4830 = EDGE_CURVE('',#1962,#4831,#4833,.T.);
#4831 = VERTEX_POINT('',#4832);
#4832 = CARTESIAN_POINT('',(0.32,-4.76,8.38));
#4833 = LINE('',#4834,#4835);
#4834 = CARTESIAN_POINT('',(0.32,-4.76,-3.));
#4835 = VECTOR('',#4836,1.);
#4836 = DIRECTION('',(0.,0.,1.));
#4837 = ORIENTED_EDGE('',*,*,#4838,.F.);
#4838 = EDGE_CURVE('',#4822,#4831,#4839,.T.);
#4839 = LINE('',#4840,#4841);
#4840 = CARTESIAN_POINT('',(0.32,-5.4,8.38));
#4841 = VECTOR('',#4842,1.);
#4842 = DIRECTION('',(0.,1.,0.));
#4843 = PLANE('',#4844);
#4844 = AXIS2_PLACEMENT_3D('',#4845,#4846,#4847);
#4845 = CARTESIAN_POINT('',(0.32,-5.4,-3.));
#4846 = DIRECTION('',(1.,0.,0.));
#4847 = DIRECTION('',(0.,0.,1.));
#4848 = ADVANCED_FACE('',(#4849),#4867,.T.);
#4849 = FACE_BOUND('',#4850,.T.);
#4850 = EDGE_LOOP('',(#4851,#4852,#4853,#4861));
#4851 = ORIENTED_EDGE('',*,*,#4830,.F.);
#4852 = ORIENTED_EDGE('',*,*,#1985,.T.);
#4853 = ORIENTED_EDGE('',*,*,#4854,.T.);
#4854 = EDGE_CURVE('',#1978,#4855,#4857,.T.);
#4855 = VERTEX_POINT('',#4856);
#4856 = CARTESIAN_POINT('',(-0.32,-4.76,8.38));
#4857 = LINE('',#4858,#4859);
#4858 = CARTESIAN_POINT('',(-0.32,-4.76,-3.));
#4859 = VECTOR('',#4860,1.);
#4860 = DIRECTION('',(0.,0.,1.));
#4861 = ORIENTED_EDGE('',*,*,#4862,.T.);
#4862 = EDGE_CURVE('',#4855,#4831,#4863,.T.);
#4863 = LINE('',#4864,#4865);
#4864 = CARTESIAN_POINT('',(-0.32,-4.76,8.38));
#4865 = VECTOR('',#4866,1.);
#4866 = DIRECTION('',(1.,0.,0.));
#4867 = PLANE('',#4868);
#4868 = AXIS2_PLACEMENT_3D('',#4869,#4870,#4871);
#4869 = CARTESIAN_POINT('',(-0.32,-4.76,-3.));
#4870 = DIRECTION('',(0.,1.,0.));
#4871 = DIRECTION('',(0.,-0.,1.));
#4872 = ADVANCED_FACE('',(#4873),#4891,.F.);
#4873 = FACE_BOUND('',#4874,.F.);
#4874 = EDGE_LOOP('',(#4875,#4883,#4884,#4885));
#4875 = ORIENTED_EDGE('',*,*,#4876,.F.);
#4876 = EDGE_CURVE('',#1970,#4877,#4879,.T.);
#4877 = VERTEX_POINT('',#4878);
#4878 = CARTESIAN_POINT('',(-0.32,-5.4,8.38));
#4879 = LINE('',#4880,#4881);
#4880 = CARTESIAN_POINT('',(-0.32,-5.4,-3.));
#4881 = VECTOR('',#4882,1.);
#4882 = DIRECTION('',(0.,0.,1.));
#4883 = ORIENTED_EDGE('',*,*,#1977,.T.);
#4884 = ORIENTED_EDGE('',*,*,#4854,.T.);
#4885 = ORIENTED_EDGE('',*,*,#4886,.F.);
#4886 = EDGE_CURVE('',#4877,#4855,#4887,.T.);
#4887 = LINE('',#4888,#4889);
#4888 = CARTESIAN_POINT('',(-0.32,-5.4,8.38));
#4889 = VECTOR('',#4890,1.);
#4890 = DIRECTION('',(0.,1.,0.));
#4891 = PLANE('',#4892);
#4892 = AXIS2_PLACEMENT_3D('',#4893,#4894,#4895);
#4893 = CARTESIAN_POINT('',(-0.32,-5.4,-3.));
#4894 = DIRECTION('',(1.,0.,0.));
#4895 = DIRECTION('',(0.,0.,1.));
#4896 = ADVANCED_FACE('',(#4897),#4908,.F.);
#4897 = FACE_BOUND('',#4898,.F.);
#4898 = EDGE_LOOP('',(#4899,#4900,#4901,#4902));
#4899 = ORIENTED_EDGE('',*,*,#4821,.F.);
#4900 = ORIENTED_EDGE('',*,*,#1969,.T.);
#4901 = ORIENTED_EDGE('',*,*,#4876,.T.);
#4902 = ORIENTED_EDGE('',*,*,#4903,.T.);
#4903 = EDGE_CURVE('',#4877,#4822,#4904,.T.);
#4904 = LINE('',#4905,#4906);
#4905 = CARTESIAN_POINT('',(-0.32,-5.4,8.38));
#4906 = VECTOR('',#4907,1.);
#4907 = DIRECTION('',(1.,0.,0.));
#4908 = PLANE('',#4909);
#4909 = AXIS2_PLACEMENT_3D('',#4910,#4911,#4912);
#4910 = CARTESIAN_POINT('',(-0.32,-5.4,-3.));
#4911 = DIRECTION('',(0.,1.,0.));
#4912 = DIRECTION('',(0.,-0.,1.));
#4913 = ADVANCED_FACE('',(#4914),#4939,.F.);
#4914 = FACE_BOUND('',#4915,.F.);
#4915 = EDGE_LOOP('',(#4916,#4924,#4925,#4933));
#4916 = ORIENTED_EDGE('',*,*,#4917,.F.);
#4917 = EDGE_CURVE('',#2998,#4918,#4920,.T.);
#4918 = VERTEX_POINT('',#4919);
#4919 = CARTESIAN_POINT('',(0.16,-12.86,-3.));
#4920 = LINE('',#4921,#4922);
#4921 = CARTESIAN_POINT('',(0.16,-12.86,-3.));
#4922 = VECTOR('',#4923,1.);
#4923 = DIRECTION('',(-0.57735026919,0.57735026919,-0.57735026919));
#4924 = ORIENTED_EDGE('',*,*,#3005,.T.);
#4925 = ORIENTED_EDGE('',*,*,#4926,.T.);
#4926 = EDGE_CURVE('',#3006,#4927,#4929,.T.);
#4927 = VERTEX_POINT('',#4928);
#4928 = CARTESIAN_POINT('',(0.16,-12.54,-3.));
#4929 = LINE('',#4930,#4931);
#4930 = CARTESIAN_POINT('',(5.333333333333E-02,-12.64666666666,
    -3.106666666667));
#4931 = VECTOR('',#4932,1.);
#4932 = DIRECTION('',(-0.57735026919,-0.57735026919,-0.57735026919));
#4933 = ORIENTED_EDGE('',*,*,#4934,.F.);
#4934 = EDGE_CURVE('',#4918,#4927,#4935,.T.);
#4935 = LINE('',#4936,#4937);
#4936 = CARTESIAN_POINT('',(0.16,-13.02,-3.));
#4937 = VECTOR('',#4938,1.);
#4938 = DIRECTION('',(0.,1.,0.));
#4939 = PLANE('',#4940);
#4940 = AXIS2_PLACEMENT_3D('',#4941,#4942,#4943);
#4941 = CARTESIAN_POINT('',(0.24,-13.02,-2.92));
#4942 = DIRECTION('',(-0.707106781187,1.735167508357E-18,0.707106781187)
  );
#4943 = DIRECTION('',(1.226948711654E-18,1.,-1.226948711654E-18));
#4944 = ADVANCED_FACE('',(#4945),#4963,.F.);
#4945 = FACE_BOUND('',#4946,.T.);
#4946 = EDGE_LOOP('',(#4947,#4955,#4956,#4957));
#4947 = ORIENTED_EDGE('',*,*,#4948,.F.);
#4948 = EDGE_CURVE('',#3030,#4949,#4951,.T.);
#4949 = VERTEX_POINT('',#4950);
#4950 = CARTESIAN_POINT('',(-0.16,-12.54,-3.));
#4951 = LINE('',#4952,#4953);
#4952 = CARTESIAN_POINT('',(-0.16,-12.54,-3.));
#4953 = VECTOR('',#4954,1.);
#4954 = DIRECTION('',(0.57735026919,-0.57735026919,-0.57735026919));
#4955 = ORIENTED_EDGE('',*,*,#3029,.T.);
#4956 = ORIENTED_EDGE('',*,*,#4926,.T.);
#4957 = ORIENTED_EDGE('',*,*,#4958,.F.);
#4958 = EDGE_CURVE('',#4949,#4927,#4959,.T.);
#4959 = LINE('',#4960,#4961);
#4960 = CARTESIAN_POINT('',(-0.32,-12.54,-3.));
#4961 = VECTOR('',#4962,1.);
#4962 = DIRECTION('',(1.,0.,0.));
#4963 = PLANE('',#4964);
#4964 = AXIS2_PLACEMENT_3D('',#4965,#4966,#4967);
#4965 = CARTESIAN_POINT('',(-0.32,-12.46,-2.92));
#4966 = DIRECTION('',(-1.735167508357E-18,-0.707106781187,0.707106781187
    ));
#4967 = DIRECTION('',(-1.,1.226948711654E-18,-1.226948711654E-18));
#4968 = ADVANCED_FACE('',(#4969),#4987,.T.);
#4969 = FACE_BOUND('',#4970,.T.);
#4970 = EDGE_LOOP('',(#4971,#4979,#4980,#4981));
#4971 = ORIENTED_EDGE('',*,*,#4972,.F.);
#4972 = EDGE_CURVE('',#3053,#4973,#4975,.T.);
#4973 = VERTEX_POINT('',#4974);
#4974 = CARTESIAN_POINT('',(-0.16,-12.86,-3.));
#4975 = LINE('',#4976,#4977);
#4976 = CARTESIAN_POINT('',(-0.266666666667,-12.96666666666,
    -2.893333333333));
#4977 = VECTOR('',#4978,1.);
#4978 = DIRECTION('',(0.57735026919,0.57735026919,-0.57735026919));
#4979 = ORIENTED_EDGE('',*,*,#3060,.T.);
#4980 = ORIENTED_EDGE('',*,*,#4948,.T.);
#4981 = ORIENTED_EDGE('',*,*,#4982,.F.);
#4982 = EDGE_CURVE('',#4973,#4949,#4983,.T.);
#4983 = LINE('',#4984,#4985);
#4984 = CARTESIAN_POINT('',(-0.16,-13.02,-3.));
#4985 = VECTOR('',#4986,1.);
#4986 = DIRECTION('',(0.,1.,0.));
#4987 = PLANE('',#4988);
#4988 = AXIS2_PLACEMENT_3D('',#4989,#4990,#4991);
#4989 = CARTESIAN_POINT('',(-0.24,-13.02,-2.92));
#4990 = DIRECTION('',(-0.707106781187,-1.735167508357E-18,
    -0.707106781187));
#4991 = DIRECTION('',(-1.226948711654E-18,1.,-1.226948711654E-18));
#4992 = ADVANCED_FACE('',(#4993),#5004,.T.);
#4993 = FACE_BOUND('',#4994,.F.);
#4994 = EDGE_LOOP('',(#4995,#4996,#4997,#4998));
#4995 = ORIENTED_EDGE('',*,*,#4972,.F.);
#4996 = ORIENTED_EDGE('',*,*,#3077,.T.);
#4997 = ORIENTED_EDGE('',*,*,#4917,.T.);
#4998 = ORIENTED_EDGE('',*,*,#4999,.F.);
#4999 = EDGE_CURVE('',#4973,#4918,#5000,.T.);
#5000 = LINE('',#5001,#5002);
#5001 = CARTESIAN_POINT('',(-0.32,-12.86,-3.));
#5002 = VECTOR('',#5003,1.);
#5003 = DIRECTION('',(1.,0.,0.));
#5004 = PLANE('',#5005);
#5005 = AXIS2_PLACEMENT_3D('',#5006,#5007,#5008);
#5006 = CARTESIAN_POINT('',(-0.32,-12.94,-2.92));
#5007 = DIRECTION('',(1.735167508357E-18,-0.707106781187,-0.707106781187
    ));
#5008 = DIRECTION('',(-1.,-1.226948711654E-18,-1.226948711654E-18));
#5009 = ADVANCED_FACE('',(#5010),#5035,.F.);
#5010 = FACE_BOUND('',#5011,.F.);
#5011 = EDGE_LOOP('',(#5012,#5020,#5021,#5029));
#5012 = ORIENTED_EDGE('',*,*,#5013,.F.);
#5013 = EDGE_CURVE('',#3094,#5014,#5016,.T.);
#5014 = VERTEX_POINT('',#5015);
#5015 = CARTESIAN_POINT('',(0.16,-10.32,-3.));
#5016 = LINE('',#5017,#5018);
#5017 = CARTESIAN_POINT('',(0.16,-10.32,-3.));
#5018 = VECTOR('',#5019,1.);
#5019 = DIRECTION('',(-0.57735026919,0.57735026919,-0.57735026919));
#5020 = ORIENTED_EDGE('',*,*,#3101,.T.);
#5021 = ORIENTED_EDGE('',*,*,#5022,.T.);
#5022 = EDGE_CURVE('',#3102,#5023,#5025,.T.);
#5023 = VERTEX_POINT('',#5024);
#5024 = CARTESIAN_POINT('',(0.16,-10.,-3.));
#5025 = LINE('',#5026,#5027);
#5026 = CARTESIAN_POINT('',(5.333333333333E-02,-10.10666666666,
    -3.106666666667));
#5027 = VECTOR('',#5028,1.);
#5028 = DIRECTION('',(-0.57735026919,-0.57735026919,-0.57735026919));
#5029 = ORIENTED_EDGE('',*,*,#5030,.F.);
#5030 = EDGE_CURVE('',#5014,#5023,#5031,.T.);
#5031 = LINE('',#5032,#5033);
#5032 = CARTESIAN_POINT('',(0.16,-10.48,-3.));
#5033 = VECTOR('',#5034,1.);
#5034 = DIRECTION('',(0.,1.,0.));
#5035 = PLANE('',#5036);
#5036 = AXIS2_PLACEMENT_3D('',#5037,#5038,#5039);
#5037 = CARTESIAN_POINT('',(0.24,-10.48,-2.92));
#5038 = DIRECTION('',(-0.707106781187,1.735167508357E-18,0.707106781187)
  );
#5039 = DIRECTION('',(1.226948711654E-18,1.,-1.226948711654E-18));
#5040 = ADVANCED_FACE('',(#5041),#5059,.F.);
#5041 = FACE_BOUND('',#5042,.T.);
#5042 = EDGE_LOOP('',(#5043,#5051,#5052,#5053));
#5043 = ORIENTED_EDGE('',*,*,#5044,.F.);
#5044 = EDGE_CURVE('',#3126,#5045,#5047,.T.);
#5045 = VERTEX_POINT('',#5046);
#5046 = CARTESIAN_POINT('',(-0.16,-10.,-3.));
#5047 = LINE('',#5048,#5049);
#5048 = CARTESIAN_POINT('',(-0.16,-10.,-3.));
#5049 = VECTOR('',#5050,1.);
#5050 = DIRECTION('',(0.57735026919,-0.57735026919,-0.57735026919));
#5051 = ORIENTED_EDGE('',*,*,#3125,.T.);
#5052 = ORIENTED_EDGE('',*,*,#5022,.T.);
#5053 = ORIENTED_EDGE('',*,*,#5054,.F.);
#5054 = EDGE_CURVE('',#5045,#5023,#5055,.T.);
#5055 = LINE('',#5056,#5057);
#5056 = CARTESIAN_POINT('',(-0.32,-10.,-3.));
#5057 = VECTOR('',#5058,1.);
#5058 = DIRECTION('',(1.,0.,0.));
#5059 = PLANE('',#5060);
#5060 = AXIS2_PLACEMENT_3D('',#5061,#5062,#5063);
#5061 = CARTESIAN_POINT('',(-0.32,-9.92,-2.92));
#5062 = DIRECTION('',(-1.735167508357E-18,-0.707106781187,0.707106781187
    ));
#5063 = DIRECTION('',(-1.,1.226948711654E-18,-1.226948711654E-18));
#5064 = ADVANCED_FACE('',(#5065),#5083,.T.);
#5065 = FACE_BOUND('',#5066,.T.);
#5066 = EDGE_LOOP('',(#5067,#5075,#5076,#5077));
#5067 = ORIENTED_EDGE('',*,*,#5068,.F.);
#5068 = EDGE_CURVE('',#3149,#5069,#5071,.T.);
#5069 = VERTEX_POINT('',#5070);
#5070 = CARTESIAN_POINT('',(-0.16,-10.32,-3.));
#5071 = LINE('',#5072,#5073);
#5072 = CARTESIAN_POINT('',(-0.266666666667,-10.42666666666,
    -2.893333333333));
#5073 = VECTOR('',#5074,1.);
#5074 = DIRECTION('',(0.57735026919,0.57735026919,-0.57735026919));
#5075 = ORIENTED_EDGE('',*,*,#3156,.T.);
#5076 = ORIENTED_EDGE('',*,*,#5044,.T.);
#5077 = ORIENTED_EDGE('',*,*,#5078,.F.);
#5078 = EDGE_CURVE('',#5069,#5045,#5079,.T.);
#5079 = LINE('',#5080,#5081);
#5080 = CARTESIAN_POINT('',(-0.16,-10.48,-3.));
#5081 = VECTOR('',#5082,1.);
#5082 = DIRECTION('',(0.,1.,0.));
#5083 = PLANE('',#5084);
#5084 = AXIS2_PLACEMENT_3D('',#5085,#5086,#5087);
#5085 = CARTESIAN_POINT('',(-0.24,-10.48,-2.92));
#5086 = DIRECTION('',(-0.707106781187,-1.735167508357E-18,
    -0.707106781187));
#5087 = DIRECTION('',(-1.226948711654E-18,1.,-1.226948711654E-18));
#5088 = ADVANCED_FACE('',(#5089),#5100,.T.);
#5089 = FACE_BOUND('',#5090,.F.);
#5090 = EDGE_LOOP('',(#5091,#5092,#5093,#5094));
#5091 = ORIENTED_EDGE('',*,*,#5068,.F.);
#5092 = ORIENTED_EDGE('',*,*,#3173,.T.);
#5093 = ORIENTED_EDGE('',*,*,#5013,.T.);
#5094 = ORIENTED_EDGE('',*,*,#5095,.F.);
#5095 = EDGE_CURVE('',#5069,#5014,#5096,.T.);
#5096 = LINE('',#5097,#5098);
#5097 = CARTESIAN_POINT('',(-0.32,-10.32,-3.));
#5098 = VECTOR('',#5099,1.);
#5099 = DIRECTION('',(1.,0.,0.));
#5100 = PLANE('',#5101);
#5101 = AXIS2_PLACEMENT_3D('',#5102,#5103,#5104);
#5102 = CARTESIAN_POINT('',(-0.32,-10.4,-2.92));
#5103 = DIRECTION('',(1.735167508357E-18,-0.707106781187,-0.707106781187
    ));
#5104 = DIRECTION('',(-1.,-1.226948711654E-18,-1.226948711654E-18));
#5105 = ADVANCED_FACE('',(#5106),#5131,.F.);
#5106 = FACE_BOUND('',#5107,.F.);
#5107 = EDGE_LOOP('',(#5108,#5116,#5117,#5125));
#5108 = ORIENTED_EDGE('',*,*,#5109,.F.);
#5109 = EDGE_CURVE('',#3190,#5110,#5112,.T.);
#5110 = VERTEX_POINT('',#5111);
#5111 = CARTESIAN_POINT('',(0.16,-7.78,-3.));
#5112 = LINE('',#5113,#5114);
#5113 = CARTESIAN_POINT('',(0.16,-7.78,-3.));
#5114 = VECTOR('',#5115,1.);
#5115 = DIRECTION('',(-0.57735026919,0.57735026919,-0.57735026919));
#5116 = ORIENTED_EDGE('',*,*,#3197,.T.);
#5117 = ORIENTED_EDGE('',*,*,#5118,.T.);
#5118 = EDGE_CURVE('',#3198,#5119,#5121,.T.);
#5119 = VERTEX_POINT('',#5120);
#5120 = CARTESIAN_POINT('',(0.16,-7.46,-3.));
#5121 = LINE('',#5122,#5123);
#5122 = CARTESIAN_POINT('',(5.333333333333E-02,-7.566666666667,
    -3.106666666667));
#5123 = VECTOR('',#5124,1.);
#5124 = DIRECTION('',(-0.57735026919,-0.57735026919,-0.57735026919));
#5125 = ORIENTED_EDGE('',*,*,#5126,.F.);
#5126 = EDGE_CURVE('',#5110,#5119,#5127,.T.);
#5127 = LINE('',#5128,#5129);
#5128 = CARTESIAN_POINT('',(0.16,-7.94,-3.));
#5129 = VECTOR('',#5130,1.);
#5130 = DIRECTION('',(0.,1.,0.));
#5131 = PLANE('',#5132);
#5132 = AXIS2_PLACEMENT_3D('',#5133,#5134,#5135);
#5133 = CARTESIAN_POINT('',(0.24,-7.94,-2.92));
#5134 = DIRECTION('',(-0.707106781187,1.735167508357E-18,0.707106781187)
  );
#5135 = DIRECTION('',(1.226948711654E-18,1.,-1.226948711654E-18));
#5136 = ADVANCED_FACE('',(#5137),#5155,.F.);
#5137 = FACE_BOUND('',#5138,.T.);
#5138 = EDGE_LOOP('',(#5139,#5147,#5148,#5149));
#5139 = ORIENTED_EDGE('',*,*,#5140,.F.);
#5140 = EDGE_CURVE('',#3222,#5141,#5143,.T.);
#5141 = VERTEX_POINT('',#5142);
#5142 = CARTESIAN_POINT('',(-0.16,-7.46,-3.));
#5143 = LINE('',#5144,#5145);
#5144 = CARTESIAN_POINT('',(-0.16,-7.46,-3.));
#5145 = VECTOR('',#5146,1.);
#5146 = DIRECTION('',(0.57735026919,-0.57735026919,-0.57735026919));
#5147 = ORIENTED_EDGE('',*,*,#3221,.T.);
#5148 = ORIENTED_EDGE('',*,*,#5118,.T.);
#5149 = ORIENTED_EDGE('',*,*,#5150,.F.);
#5150 = EDGE_CURVE('',#5141,#5119,#5151,.T.);
#5151 = LINE('',#5152,#5153);
#5152 = CARTESIAN_POINT('',(-0.32,-7.46,-3.));
#5153 = VECTOR('',#5154,1.);
#5154 = DIRECTION('',(1.,0.,0.));
#5155 = PLANE('',#5156);
#5156 = AXIS2_PLACEMENT_3D('',#5157,#5158,#5159);
#5157 = CARTESIAN_POINT('',(-0.32,-7.38,-2.92));
#5158 = DIRECTION('',(-1.735167508357E-18,-0.707106781187,0.707106781187
    ));
#5159 = DIRECTION('',(-1.,1.226948711654E-18,-1.226948711654E-18));
#5160 = ADVANCED_FACE('',(#5161),#5179,.T.);
#5161 = FACE_BOUND('',#5162,.T.);
#5162 = EDGE_LOOP('',(#5163,#5171,#5172,#5173));
#5163 = ORIENTED_EDGE('',*,*,#5164,.F.);
#5164 = EDGE_CURVE('',#3245,#5165,#5167,.T.);
#5165 = VERTEX_POINT('',#5166);
#5166 = CARTESIAN_POINT('',(-0.16,-7.78,-3.));
#5167 = LINE('',#5168,#5169);
#5168 = CARTESIAN_POINT('',(-0.266666666667,-7.886666666667,
    -2.893333333333));
#5169 = VECTOR('',#5170,1.);
#5170 = DIRECTION('',(0.57735026919,0.57735026919,-0.57735026919));
#5171 = ORIENTED_EDGE('',*,*,#3252,.T.);
#5172 = ORIENTED_EDGE('',*,*,#5140,.T.);
#5173 = ORIENTED_EDGE('',*,*,#5174,.F.);
#5174 = EDGE_CURVE('',#5165,#5141,#5175,.T.);
#5175 = LINE('',#5176,#5177);
#5176 = CARTESIAN_POINT('',(-0.16,-7.94,-3.));
#5177 = VECTOR('',#5178,1.);
#5178 = DIRECTION('',(0.,1.,0.));
#5179 = PLANE('',#5180);
#5180 = AXIS2_PLACEMENT_3D('',#5181,#5182,#5183);
#5181 = CARTESIAN_POINT('',(-0.24,-7.94,-2.92));
#5182 = DIRECTION('',(-0.707106781187,-1.735167508357E-18,
    -0.707106781187));
#5183 = DIRECTION('',(-1.226948711654E-18,1.,-1.226948711654E-18));
#5184 = ADVANCED_FACE('',(#5185),#5196,.T.);
#5185 = FACE_BOUND('',#5186,.F.);
#5186 = EDGE_LOOP('',(#5187,#5188,#5189,#5190));
#5187 = ORIENTED_EDGE('',*,*,#5164,.F.);
#5188 = ORIENTED_EDGE('',*,*,#3269,.T.);
#5189 = ORIENTED_EDGE('',*,*,#5109,.T.);
#5190 = ORIENTED_EDGE('',*,*,#5191,.F.);
#5191 = EDGE_CURVE('',#5165,#5110,#5192,.T.);
#5192 = LINE('',#5193,#5194);
#5193 = CARTESIAN_POINT('',(-0.32,-7.78,-3.));
#5194 = VECTOR('',#5195,1.);
#5195 = DIRECTION('',(1.,0.,0.));
#5196 = PLANE('',#5197);
#5197 = AXIS2_PLACEMENT_3D('',#5198,#5199,#5200);
#5198 = CARTESIAN_POINT('',(-0.32,-7.86,-2.92));
#5199 = DIRECTION('',(1.735167508357E-18,-0.707106781187,-0.707106781187
    ));
#5200 = DIRECTION('',(-1.,-1.226948711654E-18,-1.226948711654E-18));
#5201 = ADVANCED_FACE('',(#5202),#5227,.T.);
#5202 = FACE_BOUND('',#5203,.F.);
#5203 = EDGE_LOOP('',(#5204,#5212,#5213,#5221));
#5204 = ORIENTED_EDGE('',*,*,#5205,.F.);
#5205 = EDGE_CURVE('',#3294,#5206,#5208,.T.);
#5206 = VERTEX_POINT('',#5207);
#5207 = CARTESIAN_POINT('',(-0.16,-17.94,-3.));
#5208 = LINE('',#5209,#5210);
#5209 = CARTESIAN_POINT('',(-0.266666666667,-18.04666666666,
    -2.893333333333));
#5210 = VECTOR('',#5211,1.);
#5211 = DIRECTION('',(0.57735026919,0.57735026919,-0.57735026919));
#5212 = ORIENTED_EDGE('',*,*,#3293,.T.);
#5213 = ORIENTED_EDGE('',*,*,#5214,.T.);
#5214 = EDGE_CURVE('',#3286,#5215,#5217,.T.);
#5215 = VERTEX_POINT('',#5216);
#5216 = CARTESIAN_POINT('',(0.16,-17.94,-3.));
#5217 = LINE('',#5218,#5219);
#5218 = CARTESIAN_POINT('',(0.16,-17.94,-3.));
#5219 = VECTOR('',#5220,1.);
#5220 = DIRECTION('',(-0.57735026919,0.57735026919,-0.57735026919));
#5221 = ORIENTED_EDGE('',*,*,#5222,.F.);
#5222 = EDGE_CURVE('',#5206,#5215,#5223,.T.);
#5223 = LINE('',#5224,#5225);
#5224 = CARTESIAN_POINT('',(-0.32,-17.94,-3.));
#5225 = VECTOR('',#5226,1.);
#5226 = DIRECTION('',(1.,0.,0.));
#5227 = PLANE('',#5228);
#5228 = AXIS2_PLACEMENT_3D('',#5229,#5230,#5231);
#5229 = CARTESIAN_POINT('',(-0.32,-18.02,-2.92));
#5230 = DIRECTION('',(1.735167508357E-18,-0.707106781187,-0.707106781187
    ));
#5231 = DIRECTION('',(-1.,-1.226948711654E-18,-1.226948711654E-18));
#5232 = ADVANCED_FACE('',(#5233),#5251,.F.);
#5233 = FACE_BOUND('',#5234,.F.);
#5234 = EDGE_LOOP('',(#5235,#5236,#5237,#5245));
#5235 = ORIENTED_EDGE('',*,*,#5214,.F.);
#5236 = ORIENTED_EDGE('',*,*,#3317,.T.);
#5237 = ORIENTED_EDGE('',*,*,#5238,.T.);
#5238 = EDGE_CURVE('',#3318,#5239,#5241,.T.);
#5239 = VERTEX_POINT('',#5240);
#5240 = CARTESIAN_POINT('',(0.16,-17.62,-3.));
#5241 = LINE('',#5242,#5243);
#5242 = CARTESIAN_POINT('',(5.333333333333E-02,-17.72666666666,
    -3.106666666667));
#5243 = VECTOR('',#5244,1.);
#5244 = DIRECTION('',(-0.57735026919,-0.57735026919,-0.57735026919));
#5245 = ORIENTED_EDGE('',*,*,#5246,.F.);
#5246 = EDGE_CURVE('',#5215,#5239,#5247,.T.);
#5247 = LINE('',#5248,#5249);
#5248 = CARTESIAN_POINT('',(0.16,-18.1,-3.));
#5249 = VECTOR('',#5250,1.);
#5250 = DIRECTION('',(0.,1.,0.));
#5251 = PLANE('',#5252);
#5252 = AXIS2_PLACEMENT_3D('',#5253,#5254,#5255);
#5253 = CARTESIAN_POINT('',(0.24,-18.1,-2.92));
#5254 = DIRECTION('',(-0.707106781187,1.735167508357E-18,0.707106781187)
  );
#5255 = DIRECTION('',(1.226948711654E-18,1.,-1.226948711654E-18));
#5256 = ADVANCED_FACE('',(#5257),#5275,.F.);
#5257 = FACE_BOUND('',#5258,.T.);
#5258 = EDGE_LOOP('',(#5259,#5267,#5268,#5269));
#5259 = ORIENTED_EDGE('',*,*,#5260,.F.);
#5260 = EDGE_CURVE('',#3342,#5261,#5263,.T.);
#5261 = VERTEX_POINT('',#5262);
#5262 = CARTESIAN_POINT('',(-0.16,-17.62,-3.));
#5263 = LINE('',#5264,#5265);
#5264 = CARTESIAN_POINT('',(-0.16,-17.62,-3.));
#5265 = VECTOR('',#5266,1.);
#5266 = DIRECTION('',(0.57735026919,-0.57735026919,-0.57735026919));
#5267 = ORIENTED_EDGE('',*,*,#3341,.T.);
#5268 = ORIENTED_EDGE('',*,*,#5238,.T.);
#5269 = ORIENTED_EDGE('',*,*,#5270,.F.);
#5270 = EDGE_CURVE('',#5261,#5239,#5271,.T.);
#5271 = LINE('',#5272,#5273);
#5272 = CARTESIAN_POINT('',(-0.32,-17.62,-3.));
#5273 = VECTOR('',#5274,1.);
#5274 = DIRECTION('',(1.,0.,0.));
#5275 = PLANE('',#5276);
#5276 = AXIS2_PLACEMENT_3D('',#5277,#5278,#5279);
#5277 = CARTESIAN_POINT('',(-0.32,-17.54,-2.92));
#5278 = DIRECTION('',(-1.735167508357E-18,-0.707106781187,0.707106781187
    ));
#5279 = DIRECTION('',(-1.,1.226948711654E-18,-1.226948711654E-18));
#5280 = ADVANCED_FACE('',(#5281),#5292,.T.);
#5281 = FACE_BOUND('',#5282,.T.);
#5282 = EDGE_LOOP('',(#5283,#5284,#5285,#5286));
#5283 = ORIENTED_EDGE('',*,*,#5205,.F.);
#5284 = ORIENTED_EDGE('',*,*,#3365,.T.);
#5285 = ORIENTED_EDGE('',*,*,#5260,.T.);
#5286 = ORIENTED_EDGE('',*,*,#5287,.F.);
#5287 = EDGE_CURVE('',#5206,#5261,#5288,.T.);
#5288 = LINE('',#5289,#5290);
#5289 = CARTESIAN_POINT('',(-0.16,-18.1,-3.));
#5290 = VECTOR('',#5291,1.);
#5291 = DIRECTION('',(0.,1.,0.));
#5292 = PLANE('',#5293);
#5293 = AXIS2_PLACEMENT_3D('',#5294,#5295,#5296);
#5294 = CARTESIAN_POINT('',(-0.24,-18.1,-2.92));
#5295 = DIRECTION('',(-0.707106781187,-1.735167508357E-18,
    -0.707106781187));
#5296 = DIRECTION('',(-1.226948711654E-18,1.,-1.226948711654E-18));
#5297 = ADVANCED_FACE('',(#5298),#5323,.F.);
#5298 = FACE_BOUND('',#5299,.F.);
#5299 = EDGE_LOOP('',(#5300,#5308,#5309,#5317));
#5300 = ORIENTED_EDGE('',*,*,#5301,.F.);
#5301 = EDGE_CURVE('',#3382,#5302,#5304,.T.);
#5302 = VERTEX_POINT('',#5303);
#5303 = CARTESIAN_POINT('',(0.16,-15.4,-3.));
#5304 = LINE('',#5305,#5306);
#5305 = CARTESIAN_POINT('',(0.16,-15.4,-3.));
#5306 = VECTOR('',#5307,1.);
#5307 = DIRECTION('',(-0.57735026919,0.57735026919,-0.57735026919));
#5308 = ORIENTED_EDGE('',*,*,#3389,.T.);
#5309 = ORIENTED_EDGE('',*,*,#5310,.T.);
#5310 = EDGE_CURVE('',#3390,#5311,#5313,.T.);
#5311 = VERTEX_POINT('',#5312);
#5312 = CARTESIAN_POINT('',(0.16,-15.08,-3.));
#5313 = LINE('',#5314,#5315);
#5314 = CARTESIAN_POINT('',(5.333333333333E-02,-15.18666666666,
    -3.106666666667));
#5315 = VECTOR('',#5316,1.);
#5316 = DIRECTION('',(-0.57735026919,-0.57735026919,-0.57735026919));
#5317 = ORIENTED_EDGE('',*,*,#5318,.F.);
#5318 = EDGE_CURVE('',#5302,#5311,#5319,.T.);
#5319 = LINE('',#5320,#5321);
#5320 = CARTESIAN_POINT('',(0.16,-15.56,-3.));
#5321 = VECTOR('',#5322,1.);
#5322 = DIRECTION('',(0.,1.,0.));
#5323 = PLANE('',#5324);
#5324 = AXIS2_PLACEMENT_3D('',#5325,#5326,#5327);
#5325 = CARTESIAN_POINT('',(0.24,-15.56,-2.92));
#5326 = DIRECTION('',(-0.707106781187,1.735167508357E-18,0.707106781187)
  );
#5327 = DIRECTION('',(1.226948711654E-18,1.,-1.226948711654E-18));
#5328 = ADVANCED_FACE('',(#5329),#5347,.F.);
#5329 = FACE_BOUND('',#5330,.T.);
#5330 = EDGE_LOOP('',(#5331,#5339,#5340,#5341));
#5331 = ORIENTED_EDGE('',*,*,#5332,.F.);
#5332 = EDGE_CURVE('',#3414,#5333,#5335,.T.);
#5333 = VERTEX_POINT('',#5334);
#5334 = CARTESIAN_POINT('',(-0.16,-15.08,-3.));
#5335 = LINE('',#5336,#5337);
#5336 = CARTESIAN_POINT('',(-0.16,-15.08,-3.));
#5337 = VECTOR('',#5338,1.);
#5338 = DIRECTION('',(0.57735026919,-0.57735026919,-0.57735026919));
#5339 = ORIENTED_EDGE('',*,*,#3413,.T.);
#5340 = ORIENTED_EDGE('',*,*,#5310,.T.);
#5341 = ORIENTED_EDGE('',*,*,#5342,.F.);
#5342 = EDGE_CURVE('',#5333,#5311,#5343,.T.);
#5343 = LINE('',#5344,#5345);
#5344 = CARTESIAN_POINT('',(-0.32,-15.08,-3.));
#5345 = VECTOR('',#5346,1.);
#5346 = DIRECTION('',(1.,0.,0.));
#5347 = PLANE('',#5348);
#5348 = AXIS2_PLACEMENT_3D('',#5349,#5350,#5351);
#5349 = CARTESIAN_POINT('',(-0.32,-15.,-2.92));
#5350 = DIRECTION('',(-1.735167508357E-18,-0.707106781187,0.707106781187
    ));
#5351 = DIRECTION('',(-1.,1.226948711654E-18,-1.226948711654E-18));
#5352 = ADVANCED_FACE('',(#5353),#5371,.T.);
#5353 = FACE_BOUND('',#5354,.T.);
#5354 = EDGE_LOOP('',(#5355,#5363,#5364,#5365));
#5355 = ORIENTED_EDGE('',*,*,#5356,.F.);
#5356 = EDGE_CURVE('',#3437,#5357,#5359,.T.);
#5357 = VERTEX_POINT('',#5358);
#5358 = CARTESIAN_POINT('',(-0.16,-15.4,-3.));
#5359 = LINE('',#5360,#5361);
#5360 = CARTESIAN_POINT('',(-0.266666666667,-15.50666666666,
    -2.893333333333));
#5361 = VECTOR('',#5362,1.);
#5362 = DIRECTION('',(0.57735026919,0.57735026919,-0.57735026919));
#5363 = ORIENTED_EDGE('',*,*,#3444,.T.);
#5364 = ORIENTED_EDGE('',*,*,#5332,.T.);
#5365 = ORIENTED_EDGE('',*,*,#5366,.F.);
#5366 = EDGE_CURVE('',#5357,#5333,#5367,.T.);
#5367 = LINE('',#5368,#5369);
#5368 = CARTESIAN_POINT('',(-0.16,-15.56,-3.));
#5369 = VECTOR('',#5370,1.);
#5370 = DIRECTION('',(0.,1.,0.));
#5371 = PLANE('',#5372);
#5372 = AXIS2_PLACEMENT_3D('',#5373,#5374,#5375);
#5373 = CARTESIAN_POINT('',(-0.24,-15.56,-2.92));
#5374 = DIRECTION('',(-0.707106781187,-1.735167508357E-18,
    -0.707106781187));
#5375 = DIRECTION('',(-1.226948711654E-18,1.,-1.226948711654E-18));
#5376 = ADVANCED_FACE('',(#5377),#5388,.T.);
#5377 = FACE_BOUND('',#5378,.F.);
#5378 = EDGE_LOOP('',(#5379,#5380,#5381,#5382));
#5379 = ORIENTED_EDGE('',*,*,#5356,.F.);
#5380 = ORIENTED_EDGE('',*,*,#3461,.T.);
#5381 = ORIENTED_EDGE('',*,*,#5301,.T.);
#5382 = ORIENTED_EDGE('',*,*,#5383,.F.);
#5383 = EDGE_CURVE('',#5357,#5302,#5384,.T.);
#5384 = LINE('',#5385,#5386);
#5385 = CARTESIAN_POINT('',(-0.32,-15.4,-3.));
#5386 = VECTOR('',#5387,1.);
#5387 = DIRECTION('',(1.,0.,0.));
#5388 = PLANE('',#5389);
#5389 = AXIS2_PLACEMENT_3D('',#5390,#5391,#5392);
#5390 = CARTESIAN_POINT('',(-0.32,-15.48,-2.92));
#5391 = DIRECTION('',(1.735167508357E-18,-0.707106781187,-0.707106781187
    ));
#5392 = DIRECTION('',(-1.,-1.226948711654E-18,-1.226948711654E-18));
#5393 = ADVANCED_FACE('',(#5394),#5419,.F.);
#5394 = FACE_BOUND('',#5395,.F.);
#5395 = EDGE_LOOP('',(#5396,#5404,#5405,#5413));
#5396 = ORIENTED_EDGE('',*,*,#5397,.F.);
#5397 = EDGE_CURVE('',#3478,#5398,#5400,.T.);
#5398 = VERTEX_POINT('',#5399);
#5399 = CARTESIAN_POINT('',(0.16,-23.02,-3.));
#5400 = LINE('',#5401,#5402);
#5401 = CARTESIAN_POINT('',(0.16,-23.02,-3.));
#5402 = VECTOR('',#5403,1.);
#5403 = DIRECTION('',(-0.57735026919,0.57735026919,-0.57735026919));
#5404 = ORIENTED_EDGE('',*,*,#3485,.T.);
#5405 = ORIENTED_EDGE('',*,*,#5406,.T.);
#5406 = EDGE_CURVE('',#3486,#5407,#5409,.T.);
#5407 = VERTEX_POINT('',#5408);
#5408 = CARTESIAN_POINT('',(0.16,-22.7,-3.));
#5409 = LINE('',#5410,#5411);
#5410 = CARTESIAN_POINT('',(5.333333333333E-02,-22.80666666666,
    -3.106666666667));
#5411 = VECTOR('',#5412,1.);
#5412 = DIRECTION('',(-0.57735026919,-0.57735026919,-0.57735026919));
#5413 = ORIENTED_EDGE('',*,*,#5414,.F.);
#5414 = EDGE_CURVE('',#5398,#5407,#5415,.T.);
#5415 = LINE('',#5416,#5417);
#5416 = CARTESIAN_POINT('',(0.16,-23.18,-3.));
#5417 = VECTOR('',#5418,1.);
#5418 = DIRECTION('',(0.,1.,0.));
#5419 = PLANE('',#5420);
#5420 = AXIS2_PLACEMENT_3D('',#5421,#5422,#5423);
#5421 = CARTESIAN_POINT('',(0.24,-23.18,-2.92));
#5422 = DIRECTION('',(-0.707106781187,1.735167508357E-18,0.707106781187)
  );
#5423 = DIRECTION('',(1.226948711654E-18,1.,-1.226948711654E-18));
#5424 = ADVANCED_FACE('',(#5425),#5443,.F.);
#5425 = FACE_BOUND('',#5426,.T.);
#5426 = EDGE_LOOP('',(#5427,#5435,#5436,#5437));
#5427 = ORIENTED_EDGE('',*,*,#5428,.F.);
#5428 = EDGE_CURVE('',#3510,#5429,#5431,.T.);
#5429 = VERTEX_POINT('',#5430);
#5430 = CARTESIAN_POINT('',(-0.16,-22.7,-3.));
#5431 = LINE('',#5432,#5433);
#5432 = CARTESIAN_POINT('',(-0.16,-22.7,-3.));
#5433 = VECTOR('',#5434,1.);
#5434 = DIRECTION('',(0.57735026919,-0.57735026919,-0.57735026919));
#5435 = ORIENTED_EDGE('',*,*,#3509,.T.);
#5436 = ORIENTED_EDGE('',*,*,#5406,.T.);
#5437 = ORIENTED_EDGE('',*,*,#5438,.F.);
#5438 = EDGE_CURVE('',#5429,#5407,#5439,.T.);
#5439 = LINE('',#5440,#5441);
#5440 = CARTESIAN_POINT('',(-0.32,-22.7,-3.));
#5441 = VECTOR('',#5442,1.);
#5442 = DIRECTION('',(1.,0.,0.));
#5443 = PLANE('',#5444);
#5444 = AXIS2_PLACEMENT_3D('',#5445,#5446,#5447);
#5445 = CARTESIAN_POINT('',(-0.32,-22.62,-2.92));
#5446 = DIRECTION('',(-1.735167508357E-18,-0.707106781187,0.707106781187
    ));
#5447 = DIRECTION('',(-1.,1.226948711654E-18,-1.226948711654E-18));
#5448 = ADVANCED_FACE('',(#5449),#5467,.T.);
#5449 = FACE_BOUND('',#5450,.T.);
#5450 = EDGE_LOOP('',(#5451,#5459,#5460,#5461));
#5451 = ORIENTED_EDGE('',*,*,#5452,.F.);
#5452 = EDGE_CURVE('',#3533,#5453,#5455,.T.);
#5453 = VERTEX_POINT('',#5454);
#5454 = CARTESIAN_POINT('',(-0.16,-23.02,-3.));
#5455 = LINE('',#5456,#5457);
#5456 = CARTESIAN_POINT('',(-0.266666666667,-23.12666666666,
    -2.893333333333));
#5457 = VECTOR('',#5458,1.);
#5458 = DIRECTION('',(0.57735026919,0.57735026919,-0.57735026919));
#5459 = ORIENTED_EDGE('',*,*,#3540,.T.);
#5460 = ORIENTED_EDGE('',*,*,#5428,.T.);
#5461 = ORIENTED_EDGE('',*,*,#5462,.F.);
#5462 = EDGE_CURVE('',#5453,#5429,#5463,.T.);
#5463 = LINE('',#5464,#5465);
#5464 = CARTESIAN_POINT('',(-0.16,-23.18,-3.));
#5465 = VECTOR('',#5466,1.);
#5466 = DIRECTION('',(0.,1.,0.));
#5467 = PLANE('',#5468);
#5468 = AXIS2_PLACEMENT_3D('',#5469,#5470,#5471);
#5469 = CARTESIAN_POINT('',(-0.24,-23.18,-2.92));
#5470 = DIRECTION('',(-0.707106781187,-1.735167508357E-18,
    -0.707106781187));
#5471 = DIRECTION('',(-1.226948711654E-18,1.,-1.226948711654E-18));
#5472 = ADVANCED_FACE('',(#5473),#5484,.T.);
#5473 = FACE_BOUND('',#5474,.F.);
#5474 = EDGE_LOOP('',(#5475,#5476,#5477,#5478));
#5475 = ORIENTED_EDGE('',*,*,#5452,.F.);
#5476 = ORIENTED_EDGE('',*,*,#3557,.T.);
#5477 = ORIENTED_EDGE('',*,*,#5397,.T.);
#5478 = ORIENTED_EDGE('',*,*,#5479,.F.);
#5479 = EDGE_CURVE('',#5453,#5398,#5480,.T.);
#5480 = LINE('',#5481,#5482);
#5481 = CARTESIAN_POINT('',(-0.32,-23.02,-3.));
#5482 = VECTOR('',#5483,1.);
#5483 = DIRECTION('',(1.,0.,0.));
#5484 = PLANE('',#5485);
#5485 = AXIS2_PLACEMENT_3D('',#5486,#5487,#5488);
#5486 = CARTESIAN_POINT('',(-0.32,-23.1,-2.92));
#5487 = DIRECTION('',(1.735167508357E-18,-0.707106781187,-0.707106781187
    ));
#5488 = DIRECTION('',(-1.,-1.226948711654E-18,-1.226948711654E-18));
#5489 = ADVANCED_FACE('',(#5490),#5515,.T.);
#5490 = FACE_BOUND('',#5491,.F.);
#5491 = EDGE_LOOP('',(#5492,#5500,#5501,#5509));
#5492 = ORIENTED_EDGE('',*,*,#5493,.F.);
#5493 = EDGE_CURVE('',#3582,#5494,#5496,.T.);
#5494 = VERTEX_POINT('',#5495);
#5495 = CARTESIAN_POINT('',(-0.16,-20.48,-3.));
#5496 = LINE('',#5497,#5498);
#5497 = CARTESIAN_POINT('',(-0.266666666667,-20.58666666666,
    -2.893333333333));
#5498 = VECTOR('',#5499,1.);
#5499 = DIRECTION('',(0.57735026919,0.57735026919,-0.57735026919));
#5500 = ORIENTED_EDGE('',*,*,#3581,.T.);
#5501 = ORIENTED_EDGE('',*,*,#5502,.T.);
#5502 = EDGE_CURVE('',#3574,#5503,#5505,.T.);
#5503 = VERTEX_POINT('',#5504);
#5504 = CARTESIAN_POINT('',(0.16,-20.48,-3.));
#5505 = LINE('',#5506,#5507);
#5506 = CARTESIAN_POINT('',(0.16,-20.48,-3.));
#5507 = VECTOR('',#5508,1.);
#5508 = DIRECTION('',(-0.57735026919,0.57735026919,-0.57735026919));
#5509 = ORIENTED_EDGE('',*,*,#5510,.F.);
#5510 = EDGE_CURVE('',#5494,#5503,#5511,.T.);
#5511 = LINE('',#5512,#5513);
#5512 = CARTESIAN_POINT('',(-0.32,-20.48,-3.));
#5513 = VECTOR('',#5514,1.);
#5514 = DIRECTION('',(1.,0.,0.));
#5515 = PLANE('',#5516);
#5516 = AXIS2_PLACEMENT_3D('',#5517,#5518,#5519);
#5517 = CARTESIAN_POINT('',(-0.32,-20.56,-2.92));
#5518 = DIRECTION('',(1.735167508357E-18,-0.707106781187,-0.707106781187
    ));
#5519 = DIRECTION('',(-1.,-1.226948711654E-18,-1.226948711654E-18));
#5520 = ADVANCED_FACE('',(#5521),#5539,.F.);
#5521 = FACE_BOUND('',#5522,.F.);
#5522 = EDGE_LOOP('',(#5523,#5524,#5525,#5533));
#5523 = ORIENTED_EDGE('',*,*,#5502,.F.);
#5524 = ORIENTED_EDGE('',*,*,#3605,.T.);
#5525 = ORIENTED_EDGE('',*,*,#5526,.T.);
#5526 = EDGE_CURVE('',#3606,#5527,#5529,.T.);
#5527 = VERTEX_POINT('',#5528);
#5528 = CARTESIAN_POINT('',(0.16,-20.16,-3.));
#5529 = LINE('',#5530,#5531);
#5530 = CARTESIAN_POINT('',(5.333333333333E-02,-20.26666666666,
    -3.106666666667));
#5531 = VECTOR('',#5532,1.);
#5532 = DIRECTION('',(-0.57735026919,-0.57735026919,-0.57735026919));
#5533 = ORIENTED_EDGE('',*,*,#5534,.F.);
#5534 = EDGE_CURVE('',#5503,#5527,#5535,.T.);
#5535 = LINE('',#5536,#5537);
#5536 = CARTESIAN_POINT('',(0.16,-20.64,-3.));
#5537 = VECTOR('',#5538,1.);
#5538 = DIRECTION('',(0.,1.,0.));
#5539 = PLANE('',#5540);
#5540 = AXIS2_PLACEMENT_3D('',#5541,#5542,#5543);
#5541 = CARTESIAN_POINT('',(0.24,-20.64,-2.92));
#5542 = DIRECTION('',(-0.707106781187,1.735167508357E-18,0.707106781187)
  );
#5543 = DIRECTION('',(1.226948711654E-18,1.,-1.226948711654E-18));
#5544 = ADVANCED_FACE('',(#5545),#5563,.F.);
#5545 = FACE_BOUND('',#5546,.T.);
#5546 = EDGE_LOOP('',(#5547,#5555,#5556,#5557));
#5547 = ORIENTED_EDGE('',*,*,#5548,.F.);
#5548 = EDGE_CURVE('',#3630,#5549,#5551,.T.);
#5549 = VERTEX_POINT('',#5550);
#5550 = CARTESIAN_POINT('',(-0.16,-20.16,-3.));
#5551 = LINE('',#5552,#5553);
#5552 = CARTESIAN_POINT('',(-0.16,-20.16,-3.));
#5553 = VECTOR('',#5554,1.);
#5554 = DIRECTION('',(0.57735026919,-0.57735026919,-0.57735026919));
#5555 = ORIENTED_EDGE('',*,*,#3629,.T.);
#5556 = ORIENTED_EDGE('',*,*,#5526,.T.);
#5557 = ORIENTED_EDGE('',*,*,#5558,.F.);
#5558 = EDGE_CURVE('',#5549,#5527,#5559,.T.);
#5559 = LINE('',#5560,#5561);
#5560 = CARTESIAN_POINT('',(-0.32,-20.16,-3.));
#5561 = VECTOR('',#5562,1.);
#5562 = DIRECTION('',(1.,0.,0.));
#5563 = PLANE('',#5564);
#5564 = AXIS2_PLACEMENT_3D('',#5565,#5566,#5567);
#5565 = CARTESIAN_POINT('',(-0.32,-20.08,-2.92));
#5566 = DIRECTION('',(-1.735167508357E-18,-0.707106781187,0.707106781187
    ));
#5567 = DIRECTION('',(-1.,1.226948711654E-18,-1.226948711654E-18));
#5568 = ADVANCED_FACE('',(#5569),#5580,.T.);
#5569 = FACE_BOUND('',#5570,.T.);
#5570 = EDGE_LOOP('',(#5571,#5572,#5573,#5574));
#5571 = ORIENTED_EDGE('',*,*,#5493,.F.);
#5572 = ORIENTED_EDGE('',*,*,#3653,.T.);
#5573 = ORIENTED_EDGE('',*,*,#5548,.T.);
#5574 = ORIENTED_EDGE('',*,*,#5575,.F.);
#5575 = EDGE_CURVE('',#5494,#5549,#5576,.T.);
#5576 = LINE('',#5577,#5578);
#5577 = CARTESIAN_POINT('',(-0.16,-20.64,-3.));
#5578 = VECTOR('',#5579,1.);
#5579 = DIRECTION('',(0.,1.,0.));
#5580 = PLANE('',#5581);
#5581 = AXIS2_PLACEMENT_3D('',#5582,#5583,#5584);
#5582 = CARTESIAN_POINT('',(-0.24,-20.64,-2.92));
#5583 = DIRECTION('',(-0.707106781187,-1.735167508357E-18,
    -0.707106781187));
#5584 = DIRECTION('',(-1.226948711654E-18,1.,-1.226948711654E-18));
#5585 = ADVANCED_FACE('',(#5586),#5611,.T.);
#5586 = FACE_BOUND('',#5587,.F.);
#5587 = EDGE_LOOP('',(#5588,#5596,#5597,#5605));
#5588 = ORIENTED_EDGE('',*,*,#5589,.F.);
#5589 = EDGE_CURVE('',#3678,#5590,#5592,.T.);
#5590 = VERTEX_POINT('',#5591);
#5591 = CARTESIAN_POINT('',(-0.16,-0.16,-3.));
#5592 = LINE('',#5593,#5594);
#5593 = CARTESIAN_POINT('',(-0.266666666667,-0.266666666667,
    -2.893333333333));
#5594 = VECTOR('',#5595,1.);
#5595 = DIRECTION('',(0.57735026919,0.57735026919,-0.57735026919));
#5596 = ORIENTED_EDGE('',*,*,#3677,.T.);
#5597 = ORIENTED_EDGE('',*,*,#5598,.T.);
#5598 = EDGE_CURVE('',#3670,#5599,#5601,.T.);
#5599 = VERTEX_POINT('',#5600);
#5600 = CARTESIAN_POINT('',(0.16,-0.16,-3.));
#5601 = LINE('',#5602,#5603);
#5602 = CARTESIAN_POINT('',(0.16,-0.16,-3.));
#5603 = VECTOR('',#5604,1.);
#5604 = DIRECTION('',(-0.57735026919,0.57735026919,-0.57735026919));
#5605 = ORIENTED_EDGE('',*,*,#5606,.F.);
#5606 = EDGE_CURVE('',#5590,#5599,#5607,.T.);
#5607 = LINE('',#5608,#5609);
#5608 = CARTESIAN_POINT('',(-0.32,-0.16,-3.));
#5609 = VECTOR('',#5610,1.);
#5610 = DIRECTION('',(1.,0.,0.));
#5611 = PLANE('',#5612);
#5612 = AXIS2_PLACEMENT_3D('',#5613,#5614,#5615);
#5613 = CARTESIAN_POINT('',(-0.32,-0.24,-2.92));
#5614 = DIRECTION('',(1.735167508357E-18,-0.707106781187,-0.707106781187
    ));
#5615 = DIRECTION('',(-1.,-1.226948711654E-18,-1.226948711654E-18));
#5616 = ADVANCED_FACE('',(#5617),#5635,.F.);
#5617 = FACE_BOUND('',#5618,.F.);
#5618 = EDGE_LOOP('',(#5619,#5620,#5621,#5629));
#5619 = ORIENTED_EDGE('',*,*,#5598,.F.);
#5620 = ORIENTED_EDGE('',*,*,#3701,.T.);
#5621 = ORIENTED_EDGE('',*,*,#5622,.T.);
#5622 = EDGE_CURVE('',#3702,#5623,#5625,.T.);
#5623 = VERTEX_POINT('',#5624);
#5624 = CARTESIAN_POINT('',(0.16,0.16,-3.));
#5625 = LINE('',#5626,#5627);
#5626 = CARTESIAN_POINT('',(5.333333333333E-02,5.333333333333E-02,
    -3.106666666667));
#5627 = VECTOR('',#5628,1.);
#5628 = DIRECTION('',(-0.57735026919,-0.57735026919,-0.57735026919));
#5629 = ORIENTED_EDGE('',*,*,#5630,.F.);
#5630 = EDGE_CURVE('',#5599,#5623,#5631,.T.);
#5631 = LINE('',#5632,#5633);
#5632 = CARTESIAN_POINT('',(0.16,-0.32,-3.));
#5633 = VECTOR('',#5634,1.);
#5634 = DIRECTION('',(0.,1.,0.));
#5635 = PLANE('',#5636);
#5636 = AXIS2_PLACEMENT_3D('',#5637,#5638,#5639);
#5637 = CARTESIAN_POINT('',(0.24,-0.32,-2.92));
#5638 = DIRECTION('',(-0.707106781187,1.735167508357E-18,0.707106781187)
  );
#5639 = DIRECTION('',(1.226948711654E-18,1.,-1.226948711654E-18));
#5640 = ADVANCED_FACE('',(#5641),#5659,.F.);
#5641 = FACE_BOUND('',#5642,.T.);
#5642 = EDGE_LOOP('',(#5643,#5651,#5652,#5653));
#5643 = ORIENTED_EDGE('',*,*,#5644,.F.);
#5644 = EDGE_CURVE('',#3726,#5645,#5647,.T.);
#5645 = VERTEX_POINT('',#5646);
#5646 = CARTESIAN_POINT('',(-0.16,0.16,-3.));
#5647 = LINE('',#5648,#5649);
#5648 = CARTESIAN_POINT('',(-0.16,0.16,-3.));
#5649 = VECTOR('',#5650,1.);
#5650 = DIRECTION('',(0.57735026919,-0.57735026919,-0.57735026919));
#5651 = ORIENTED_EDGE('',*,*,#3725,.T.);
#5652 = ORIENTED_EDGE('',*,*,#5622,.T.);
#5653 = ORIENTED_EDGE('',*,*,#5654,.F.);
#5654 = EDGE_CURVE('',#5645,#5623,#5655,.T.);
#5655 = LINE('',#5656,#5657);
#5656 = CARTESIAN_POINT('',(-0.32,0.16,-3.));
#5657 = VECTOR('',#5658,1.);
#5658 = DIRECTION('',(1.,0.,0.));
#5659 = PLANE('',#5660);
#5660 = AXIS2_PLACEMENT_3D('',#5661,#5662,#5663);
#5661 = CARTESIAN_POINT('',(-0.32,0.24,-2.92));
#5662 = DIRECTION('',(-1.735167508357E-18,-0.707106781187,0.707106781187
    ));
#5663 = DIRECTION('',(-1.,1.226948711654E-18,-1.226948711654E-18));
#5664 = ADVANCED_FACE('',(#5665),#5676,.T.);
#5665 = FACE_BOUND('',#5666,.T.);
#5666 = EDGE_LOOP('',(#5667,#5668,#5669,#5670));
#5667 = ORIENTED_EDGE('',*,*,#5589,.F.);
#5668 = ORIENTED_EDGE('',*,*,#3749,.T.);
#5669 = ORIENTED_EDGE('',*,*,#5644,.T.);
#5670 = ORIENTED_EDGE('',*,*,#5671,.F.);
#5671 = EDGE_CURVE('',#5590,#5645,#5672,.T.);
#5672 = LINE('',#5673,#5674);
#5673 = CARTESIAN_POINT('',(-0.16,-0.32,-3.));
#5674 = VECTOR('',#5675,1.);
#5675 = DIRECTION('',(0.,1.,0.));
#5676 = PLANE('',#5677);
#5677 = AXIS2_PLACEMENT_3D('',#5678,#5679,#5680);
#5678 = CARTESIAN_POINT('',(-0.24,-0.32,-2.92));
#5679 = DIRECTION('',(-0.707106781187,-1.735167508357E-18,
    -0.707106781187));
#5680 = DIRECTION('',(-1.226948711654E-18,1.,-1.226948711654E-18));
#5681 = ADVANCED_FACE('',(#5682),#5707,.F.);
#5682 = FACE_BOUND('',#5683,.F.);
#5683 = EDGE_LOOP('',(#5684,#5692,#5693,#5701));
#5684 = ORIENTED_EDGE('',*,*,#5685,.F.);
#5685 = EDGE_CURVE('',#3766,#5686,#5688,.T.);
#5686 = VERTEX_POINT('',#5687);
#5687 = CARTESIAN_POINT('',(0.16,-2.7,-3.));
#5688 = LINE('',#5689,#5690);
#5689 = CARTESIAN_POINT('',(0.16,-2.7,-3.));
#5690 = VECTOR('',#5691,1.);
#5691 = DIRECTION('',(-0.57735026919,0.57735026919,-0.57735026919));
#5692 = ORIENTED_EDGE('',*,*,#3773,.T.);
#5693 = ORIENTED_EDGE('',*,*,#5694,.T.);
#5694 = EDGE_CURVE('',#3774,#5695,#5697,.T.);
#5695 = VERTEX_POINT('',#5696);
#5696 = CARTESIAN_POINT('',(0.16,-2.38,-3.));
#5697 = LINE('',#5698,#5699);
#5698 = CARTESIAN_POINT('',(5.333333333333E-02,-2.486666666667,
    -3.106666666667));
#5699 = VECTOR('',#5700,1.);
#5700 = DIRECTION('',(-0.57735026919,-0.57735026919,-0.57735026919));
#5701 = ORIENTED_EDGE('',*,*,#5702,.F.);
#5702 = EDGE_CURVE('',#5686,#5695,#5703,.T.);
#5703 = LINE('',#5704,#5705);
#5704 = CARTESIAN_POINT('',(0.16,-2.86,-3.));
#5705 = VECTOR('',#5706,1.);
#5706 = DIRECTION('',(0.,1.,0.));
#5707 = PLANE('',#5708);
#5708 = AXIS2_PLACEMENT_3D('',#5709,#5710,#5711);
#5709 = CARTESIAN_POINT('',(0.24,-2.86,-2.92));
#5710 = DIRECTION('',(-0.707106781187,1.735167508357E-18,0.707106781187)
  );
#5711 = DIRECTION('',(1.226948711654E-18,1.,-1.226948711654E-18));
#5712 = ADVANCED_FACE('',(#5713),#5731,.F.);
#5713 = FACE_BOUND('',#5714,.T.);
#5714 = EDGE_LOOP('',(#5715,#5723,#5724,#5725));
#5715 = ORIENTED_EDGE('',*,*,#5716,.F.);
#5716 = EDGE_CURVE('',#3798,#5717,#5719,.T.);
#5717 = VERTEX_POINT('',#5718);
#5718 = CARTESIAN_POINT('',(-0.16,-2.38,-3.));
#5719 = LINE('',#5720,#5721);
#5720 = CARTESIAN_POINT('',(-0.16,-2.38,-3.));
#5721 = VECTOR('',#5722,1.);
#5722 = DIRECTION('',(0.57735026919,-0.57735026919,-0.57735026919));
#5723 = ORIENTED_EDGE('',*,*,#3797,.T.);
#5724 = ORIENTED_EDGE('',*,*,#5694,.T.);
#5725 = ORIENTED_EDGE('',*,*,#5726,.F.);
#5726 = EDGE_CURVE('',#5717,#5695,#5727,.T.);
#5727 = LINE('',#5728,#5729);
#5728 = CARTESIAN_POINT('',(-0.32,-2.38,-3.));
#5729 = VECTOR('',#5730,1.);
#5730 = DIRECTION('',(1.,0.,0.));
#5731 = PLANE('',#5732);
#5732 = AXIS2_PLACEMENT_3D('',#5733,#5734,#5735);
#5733 = CARTESIAN_POINT('',(-0.32,-2.3,-2.92));
#5734 = DIRECTION('',(-1.735167508357E-18,-0.707106781187,0.707106781187
    ));
#5735 = DIRECTION('',(-1.,1.226948711654E-18,-1.226948711654E-18));
#5736 = ADVANCED_FACE('',(#5737),#5755,.T.);
#5737 = FACE_BOUND('',#5738,.T.);
#5738 = EDGE_LOOP('',(#5739,#5747,#5748,#5749));
#5739 = ORIENTED_EDGE('',*,*,#5740,.F.);
#5740 = EDGE_CURVE('',#3821,#5741,#5743,.T.);
#5741 = VERTEX_POINT('',#5742);
#5742 = CARTESIAN_POINT('',(-0.16,-2.7,-3.));
#5743 = LINE('',#5744,#5745);
#5744 = CARTESIAN_POINT('',(-0.266666666667,-2.806666666667,
    -2.893333333333));
#5745 = VECTOR('',#5746,1.);
#5746 = DIRECTION('',(0.57735026919,0.57735026919,-0.57735026919));
#5747 = ORIENTED_EDGE('',*,*,#3828,.T.);
#5748 = ORIENTED_EDGE('',*,*,#5716,.T.);
#5749 = ORIENTED_EDGE('',*,*,#5750,.F.);
#5750 = EDGE_CURVE('',#5741,#5717,#5751,.T.);
#5751 = LINE('',#5752,#5753);
#5752 = CARTESIAN_POINT('',(-0.16,-2.86,-3.));
#5753 = VECTOR('',#5754,1.);
#5754 = DIRECTION('',(0.,1.,0.));
#5755 = PLANE('',#5756);
#5756 = AXIS2_PLACEMENT_3D('',#5757,#5758,#5759);
#5757 = CARTESIAN_POINT('',(-0.24,-2.86,-2.92));
#5758 = DIRECTION('',(-0.707106781187,-1.735167508357E-18,
    -0.707106781187));
#5759 = DIRECTION('',(-1.226948711654E-18,1.,-1.226948711654E-18));
#5760 = ADVANCED_FACE('',(#5761),#5772,.T.);
#5761 = FACE_BOUND('',#5762,.F.);
#5762 = EDGE_LOOP('',(#5763,#5764,#5765,#5766));
#5763 = ORIENTED_EDGE('',*,*,#5740,.F.);
#5764 = ORIENTED_EDGE('',*,*,#3845,.T.);
#5765 = ORIENTED_EDGE('',*,*,#5685,.T.);
#5766 = ORIENTED_EDGE('',*,*,#5767,.F.);
#5767 = EDGE_CURVE('',#5741,#5686,#5768,.T.);
#5768 = LINE('',#5769,#5770);
#5769 = CARTESIAN_POINT('',(-0.32,-2.7,-3.));
#5770 = VECTOR('',#5771,1.);
#5771 = DIRECTION('',(1.,0.,0.));
#5772 = PLANE('',#5773);
#5773 = AXIS2_PLACEMENT_3D('',#5774,#5775,#5776);
#5774 = CARTESIAN_POINT('',(-0.32,-2.78,-2.92));
#5775 = DIRECTION('',(1.735167508357E-18,-0.707106781187,-0.707106781187
    ));
#5776 = DIRECTION('',(-1.,-1.226948711654E-18,-1.226948711654E-18));
#5777 = ADVANCED_FACE('',(#5778),#5803,.F.);
#5778 = FACE_BOUND('',#5779,.F.);
#5779 = EDGE_LOOP('',(#5780,#5788,#5789,#5797));
#5780 = ORIENTED_EDGE('',*,*,#5781,.F.);
#5781 = EDGE_CURVE('',#3862,#5782,#5784,.T.);
#5782 = VERTEX_POINT('',#5783);
#5783 = CARTESIAN_POINT('',(0.16,-5.24,-3.));
#5784 = LINE('',#5785,#5786);
#5785 = CARTESIAN_POINT('',(0.16,-5.24,-3.));
#5786 = VECTOR('',#5787,1.);
#5787 = DIRECTION('',(-0.57735026919,0.57735026919,-0.57735026919));
#5788 = ORIENTED_EDGE('',*,*,#3869,.T.);
#5789 = ORIENTED_EDGE('',*,*,#5790,.T.);
#5790 = EDGE_CURVE('',#3870,#5791,#5793,.T.);
#5791 = VERTEX_POINT('',#5792);
#5792 = CARTESIAN_POINT('',(0.16,-4.92,-3.));
#5793 = LINE('',#5794,#5795);
#5794 = CARTESIAN_POINT('',(5.333333333333E-02,-5.026666666667,
    -3.106666666667));
#5795 = VECTOR('',#5796,1.);
#5796 = DIRECTION('',(-0.57735026919,-0.57735026919,-0.57735026919));
#5797 = ORIENTED_EDGE('',*,*,#5798,.F.);
#5798 = EDGE_CURVE('',#5782,#5791,#5799,.T.);
#5799 = LINE('',#5800,#5801);
#5800 = CARTESIAN_POINT('',(0.16,-5.4,-3.));
#5801 = VECTOR('',#5802,1.);
#5802 = DIRECTION('',(0.,1.,0.));
#5803 = PLANE('',#5804);
#5804 = AXIS2_PLACEMENT_3D('',#5805,#5806,#5807);
#5805 = CARTESIAN_POINT('',(0.24,-5.4,-2.92));
#5806 = DIRECTION('',(-0.707106781187,1.735167508357E-18,0.707106781187)
  );
#5807 = DIRECTION('',(1.226948711654E-18,1.,-1.226948711654E-18));
#5808 = ADVANCED_FACE('',(#5809),#5827,.F.);
#5809 = FACE_BOUND('',#5810,.T.);
#5810 = EDGE_LOOP('',(#5811,#5819,#5820,#5821));
#5811 = ORIENTED_EDGE('',*,*,#5812,.F.);
#5812 = EDGE_CURVE('',#3894,#5813,#5815,.T.);
#5813 = VERTEX_POINT('',#5814);
#5814 = CARTESIAN_POINT('',(-0.16,-4.92,-3.));
#5815 = LINE('',#5816,#5817);
#5816 = CARTESIAN_POINT('',(-0.16,-4.92,-3.));
#5817 = VECTOR('',#5818,1.);
#5818 = DIRECTION('',(0.57735026919,-0.57735026919,-0.57735026919));
#5819 = ORIENTED_EDGE('',*,*,#3893,.T.);
#5820 = ORIENTED_EDGE('',*,*,#5790,.T.);
#5821 = ORIENTED_EDGE('',*,*,#5822,.F.);
#5822 = EDGE_CURVE('',#5813,#5791,#5823,.T.);
#5823 = LINE('',#5824,#5825);
#5824 = CARTESIAN_POINT('',(-0.32,-4.92,-3.));
#5825 = VECTOR('',#5826,1.);
#5826 = DIRECTION('',(1.,0.,0.));
#5827 = PLANE('',#5828);
#5828 = AXIS2_PLACEMENT_3D('',#5829,#5830,#5831);
#5829 = CARTESIAN_POINT('',(-0.32,-4.84,-2.92));
#5830 = DIRECTION('',(-1.735167508357E-18,-0.707106781187,0.707106781187
    ));
#5831 = DIRECTION('',(-1.,1.226948711654E-18,-1.226948711654E-18));
#5832 = ADVANCED_FACE('',(#5833),#5851,.T.);
#5833 = FACE_BOUND('',#5834,.T.);
#5834 = EDGE_LOOP('',(#5835,#5843,#5844,#5845));
#5835 = ORIENTED_EDGE('',*,*,#5836,.F.);
#5836 = EDGE_CURVE('',#3917,#5837,#5839,.T.);
#5837 = VERTEX_POINT('',#5838);
#5838 = CARTESIAN_POINT('',(-0.16,-5.24,-3.));
#5839 = LINE('',#5840,#5841);
#5840 = CARTESIAN_POINT('',(-0.266666666667,-5.346666666667,
    -2.893333333333));
#5841 = VECTOR('',#5842,1.);
#5842 = DIRECTION('',(0.57735026919,0.57735026919,-0.57735026919));
#5843 = ORIENTED_EDGE('',*,*,#3924,.T.);
#5844 = ORIENTED_EDGE('',*,*,#5812,.T.);
#5845 = ORIENTED_EDGE('',*,*,#5846,.F.);
#5846 = EDGE_CURVE('',#5837,#5813,#5847,.T.);
#5847 = LINE('',#5848,#5849);
#5848 = CARTESIAN_POINT('',(-0.16,-5.4,-3.));
#5849 = VECTOR('',#5850,1.);
#5850 = DIRECTION('',(0.,1.,0.));
#5851 = PLANE('',#5852);
#5852 = AXIS2_PLACEMENT_3D('',#5853,#5854,#5855);
#5853 = CARTESIAN_POINT('',(-0.24,-5.4,-2.92));
#5854 = DIRECTION('',(-0.707106781187,-1.735167508357E-18,
    -0.707106781187));
#5855 = DIRECTION('',(-1.226948711654E-18,1.,-1.226948711654E-18));
#5856 = ADVANCED_FACE('',(#5857),#5868,.T.);
#5857 = FACE_BOUND('',#5858,.F.);
#5858 = EDGE_LOOP('',(#5859,#5860,#5861,#5862));
#5859 = ORIENTED_EDGE('',*,*,#5836,.F.);
#5860 = ORIENTED_EDGE('',*,*,#3941,.T.);
#5861 = ORIENTED_EDGE('',*,*,#5781,.T.);
#5862 = ORIENTED_EDGE('',*,*,#5863,.F.);
#5863 = EDGE_CURVE('',#5837,#5782,#5864,.T.);
#5864 = LINE('',#5865,#5866);
#5865 = CARTESIAN_POINT('',(-0.32,-5.24,-3.));
#5866 = VECTOR('',#5867,1.);
#5867 = DIRECTION('',(1.,0.,0.));
#5868 = PLANE('',#5869);
#5869 = AXIS2_PLACEMENT_3D('',#5870,#5871,#5872);
#5870 = CARTESIAN_POINT('',(-0.32,-5.32,-2.92));
#5871 = DIRECTION('',(1.735167508357E-18,-0.707106781187,-0.707106781187
    ));
#5872 = DIRECTION('',(-1.,-1.226948711654E-18,-1.226948711654E-18));
#5873 = ADVANCED_FACE('',(#5874),#5899,.T.);
#5874 = FACE_BOUND('',#5875,.T.);
#5875 = EDGE_LOOP('',(#5876,#5884,#5885,#5893));
#5876 = ORIENTED_EDGE('',*,*,#5877,.F.);
#5877 = EDGE_CURVE('',#3958,#5878,#5880,.T.);
#5878 = VERTEX_POINT('',#5879);
#5879 = CARTESIAN_POINT('',(0.16,-12.86,8.54));
#5880 = LINE('',#5881,#5882);
#5881 = CARTESIAN_POINT('',(0.16,-12.86,8.54));
#5882 = VECTOR('',#5883,1.);
#5883 = DIRECTION('',(-0.57735026919,0.57735026919,0.57735026919));
#5884 = ORIENTED_EDGE('',*,*,#3974,.T.);
#5885 = ORIENTED_EDGE('',*,*,#5886,.T.);
#5886 = EDGE_CURVE('',#3967,#5887,#5889,.T.);
#5887 = VERTEX_POINT('',#5888);
#5888 = CARTESIAN_POINT('',(0.16,-12.54,8.54));
#5889 = LINE('',#5890,#5891);
#5890 = CARTESIAN_POINT('',(5.333333333333E-02,-12.64666666666,
    8.646666666667));
#5891 = VECTOR('',#5892,1.);
#5892 = DIRECTION('',(-0.57735026919,-0.57735026919,0.57735026919));
#5893 = ORIENTED_EDGE('',*,*,#5894,.F.);
#5894 = EDGE_CURVE('',#5878,#5887,#5895,.T.);
#5895 = LINE('',#5896,#5897);
#5896 = CARTESIAN_POINT('',(0.16,-13.02,8.54));
#5897 = VECTOR('',#5898,1.);
#5898 = DIRECTION('',(0.,1.,0.));
#5899 = PLANE('',#5900);
#5900 = AXIS2_PLACEMENT_3D('',#5901,#5902,#5903);
#5901 = CARTESIAN_POINT('',(0.24,-13.02,8.46));
#5902 = DIRECTION('',(0.707106781187,-1.735167508357E-18,0.707106781187)
  );
#5903 = DIRECTION('',(1.226948711654E-18,1.,1.226948711654E-18));
#5904 = ADVANCED_FACE('',(#5905),#5923,.T.);
#5905 = FACE_BOUND('',#5906,.F.);
#5906 = EDGE_LOOP('',(#5907,#5915,#5916,#5917));
#5907 = ORIENTED_EDGE('',*,*,#5908,.F.);
#5908 = EDGE_CURVE('',#3991,#5909,#5911,.T.);
#5909 = VERTEX_POINT('',#5910);
#5910 = CARTESIAN_POINT('',(-0.16,-12.54,8.54));
#5911 = LINE('',#5912,#5913);
#5912 = CARTESIAN_POINT('',(-0.16,-12.54,8.54));
#5913 = VECTOR('',#5914,1.);
#5914 = DIRECTION('',(0.57735026919,-0.57735026919,0.57735026919));
#5915 = ORIENTED_EDGE('',*,*,#3998,.T.);
#5916 = ORIENTED_EDGE('',*,*,#5886,.T.);
#5917 = ORIENTED_EDGE('',*,*,#5918,.F.);
#5918 = EDGE_CURVE('',#5909,#5887,#5919,.T.);
#5919 = LINE('',#5920,#5921);
#5920 = CARTESIAN_POINT('',(-0.32,-12.54,8.54));
#5921 = VECTOR('',#5922,1.);
#5922 = DIRECTION('',(1.,0.,0.));
#5923 = PLANE('',#5924);
#5924 = AXIS2_PLACEMENT_3D('',#5925,#5926,#5927);
#5925 = CARTESIAN_POINT('',(-0.32,-12.46,8.46));
#5926 = DIRECTION('',(1.735167508357E-18,0.707106781187,0.707106781187)
  );
#5927 = DIRECTION('',(-1.,1.226948711654E-18,1.226948711654E-18));
#5928 = ADVANCED_FACE('',(#5929),#5947,.F.);
#5929 = FACE_BOUND('',#5930,.F.);
#5930 = EDGE_LOOP('',(#5931,#5939,#5940,#5941));
#5931 = ORIENTED_EDGE('',*,*,#5932,.F.);
#5932 = EDGE_CURVE('',#4013,#5933,#5935,.T.);
#5933 = VERTEX_POINT('',#5934);
#5934 = CARTESIAN_POINT('',(-0.16,-12.86,8.54));
#5935 = LINE('',#5936,#5937);
#5936 = CARTESIAN_POINT('',(-0.266666666667,-12.96666666666,
    8.433333333333));
#5937 = VECTOR('',#5938,1.);
#5938 = DIRECTION('',(0.57735026919,0.57735026919,0.57735026919));
#5939 = ORIENTED_EDGE('',*,*,#4022,.T.);
#5940 = ORIENTED_EDGE('',*,*,#5908,.T.);
#5941 = ORIENTED_EDGE('',*,*,#5942,.F.);
#5942 = EDGE_CURVE('',#5933,#5909,#5943,.T.);
#5943 = LINE('',#5944,#5945);
#5944 = CARTESIAN_POINT('',(-0.16,-13.02,8.54));
#5945 = VECTOR('',#5946,1.);
#5946 = DIRECTION('',(0.,1.,0.));
#5947 = PLANE('',#5948);
#5948 = AXIS2_PLACEMENT_3D('',#5949,#5950,#5951);
#5949 = CARTESIAN_POINT('',(-0.24,-13.02,8.46));
#5950 = DIRECTION('',(0.707106781187,1.735167508357E-18,-0.707106781187)
  );
#5951 = DIRECTION('',(-1.226948711654E-18,1.,1.226948711654E-18));
#5952 = ADVANCED_FACE('',(#5953),#5964,.F.);
#5953 = FACE_BOUND('',#5954,.T.);
#5954 = EDGE_LOOP('',(#5955,#5956,#5957,#5958));
#5955 = ORIENTED_EDGE('',*,*,#5932,.F.);
#5956 = ORIENTED_EDGE('',*,*,#4039,.T.);
#5957 = ORIENTED_EDGE('',*,*,#5877,.T.);
#5958 = ORIENTED_EDGE('',*,*,#5959,.F.);
#5959 = EDGE_CURVE('',#5933,#5878,#5960,.T.);
#5960 = LINE('',#5961,#5962);
#5961 = CARTESIAN_POINT('',(-0.32,-12.86,8.54));
#5962 = VECTOR('',#5963,1.);
#5963 = DIRECTION('',(1.,0.,0.));
#5964 = PLANE('',#5965);
#5965 = AXIS2_PLACEMENT_3D('',#5966,#5967,#5968);
#5966 = CARTESIAN_POINT('',(-0.32,-12.94,8.46));
#5967 = DIRECTION('',(-1.735167508357E-18,0.707106781187,-0.707106781187
    ));
#5968 = DIRECTION('',(-1.,-1.226948711654E-18,1.226948711654E-18));
#5969 = ADVANCED_FACE('',(#5970),#5995,.T.);
#5970 = FACE_BOUND('',#5971,.T.);
#5971 = EDGE_LOOP('',(#5972,#5980,#5981,#5989));
#5972 = ORIENTED_EDGE('',*,*,#5973,.F.);
#5973 = EDGE_CURVE('',#4054,#5974,#5976,.T.);
#5974 = VERTEX_POINT('',#5975);
#5975 = CARTESIAN_POINT('',(0.16,-10.32,8.54));
#5976 = LINE('',#5977,#5978);
#5977 = CARTESIAN_POINT('',(0.16,-10.32,8.54));
#5978 = VECTOR('',#5979,1.);
#5979 = DIRECTION('',(-0.57735026919,0.57735026919,0.57735026919));
#5980 = ORIENTED_EDGE('',*,*,#4070,.T.);
#5981 = ORIENTED_EDGE('',*,*,#5982,.T.);
#5982 = EDGE_CURVE('',#4063,#5983,#5985,.T.);
#5983 = VERTEX_POINT('',#5984);
#5984 = CARTESIAN_POINT('',(0.16,-10.,8.54));
#5985 = LINE('',#5986,#5987);
#5986 = CARTESIAN_POINT('',(5.333333333333E-02,-10.10666666666,
    8.646666666667));
#5987 = VECTOR('',#5988,1.);
#5988 = DIRECTION('',(-0.57735026919,-0.57735026919,0.57735026919));
#5989 = ORIENTED_EDGE('',*,*,#5990,.F.);
#5990 = EDGE_CURVE('',#5974,#5983,#5991,.T.);
#5991 = LINE('',#5992,#5993);
#5992 = CARTESIAN_POINT('',(0.16,-10.48,8.54));
#5993 = VECTOR('',#5994,1.);
#5994 = DIRECTION('',(0.,1.,0.));
#5995 = PLANE('',#5996);
#5996 = AXIS2_PLACEMENT_3D('',#5997,#5998,#5999);
#5997 = CARTESIAN_POINT('',(0.24,-10.48,8.46));
#5998 = DIRECTION('',(0.707106781187,-1.735167508357E-18,0.707106781187)
  );
#5999 = DIRECTION('',(1.226948711654E-18,1.,1.226948711654E-18));
#6000 = ADVANCED_FACE('',(#6001),#6019,.T.);
#6001 = FACE_BOUND('',#6002,.F.);
#6002 = EDGE_LOOP('',(#6003,#6011,#6012,#6013));
#6003 = ORIENTED_EDGE('',*,*,#6004,.F.);
#6004 = EDGE_CURVE('',#4087,#6005,#6007,.T.);
#6005 = VERTEX_POINT('',#6006);
#6006 = CARTESIAN_POINT('',(-0.16,-10.,8.54));
#6007 = LINE('',#6008,#6009);
#6008 = CARTESIAN_POINT('',(-0.16,-10.,8.54));
#6009 = VECTOR('',#6010,1.);
#6010 = DIRECTION('',(0.57735026919,-0.57735026919,0.57735026919));
#6011 = ORIENTED_EDGE('',*,*,#4094,.T.);
#6012 = ORIENTED_EDGE('',*,*,#5982,.T.);
#6013 = ORIENTED_EDGE('',*,*,#6014,.F.);
#6014 = EDGE_CURVE('',#6005,#5983,#6015,.T.);
#6015 = LINE('',#6016,#6017);
#6016 = CARTESIAN_POINT('',(-0.32,-10.,8.54));
#6017 = VECTOR('',#6018,1.);
#6018 = DIRECTION('',(1.,0.,0.));
#6019 = PLANE('',#6020);
#6020 = AXIS2_PLACEMENT_3D('',#6021,#6022,#6023);
#6021 = CARTESIAN_POINT('',(-0.32,-9.92,8.46));
#6022 = DIRECTION('',(1.735167508357E-18,0.707106781187,0.707106781187)
  );
#6023 = DIRECTION('',(-1.,1.226948711654E-18,1.226948711654E-18));
#6024 = ADVANCED_FACE('',(#6025),#6043,.F.);
#6025 = FACE_BOUND('',#6026,.F.);
#6026 = EDGE_LOOP('',(#6027,#6035,#6036,#6037));
#6027 = ORIENTED_EDGE('',*,*,#6028,.F.);
#6028 = EDGE_CURVE('',#4109,#6029,#6031,.T.);
#6029 = VERTEX_POINT('',#6030);
#6030 = CARTESIAN_POINT('',(-0.16,-10.32,8.54));
#6031 = LINE('',#6032,#6033);
#6032 = CARTESIAN_POINT('',(-0.266666666667,-10.42666666666,
    8.433333333333));
#6033 = VECTOR('',#6034,1.);
#6034 = DIRECTION('',(0.57735026919,0.57735026919,0.57735026919));
#6035 = ORIENTED_EDGE('',*,*,#4118,.T.);
#6036 = ORIENTED_EDGE('',*,*,#6004,.T.);
#6037 = ORIENTED_EDGE('',*,*,#6038,.F.);
#6038 = EDGE_CURVE('',#6029,#6005,#6039,.T.);
#6039 = LINE('',#6040,#6041);
#6040 = CARTESIAN_POINT('',(-0.16,-10.48,8.54));
#6041 = VECTOR('',#6042,1.);
#6042 = DIRECTION('',(0.,1.,0.));
#6043 = PLANE('',#6044);
#6044 = AXIS2_PLACEMENT_3D('',#6045,#6046,#6047);
#6045 = CARTESIAN_POINT('',(-0.24,-10.48,8.46));
#6046 = DIRECTION('',(0.707106781187,1.735167508357E-18,-0.707106781187)
  );
#6047 = DIRECTION('',(-1.226948711654E-18,1.,1.226948711654E-18));
#6048 = ADVANCED_FACE('',(#6049),#6060,.F.);
#6049 = FACE_BOUND('',#6050,.T.);
#6050 = EDGE_LOOP('',(#6051,#6052,#6053,#6054));
#6051 = ORIENTED_EDGE('',*,*,#6028,.F.);
#6052 = ORIENTED_EDGE('',*,*,#4135,.T.);
#6053 = ORIENTED_EDGE('',*,*,#5973,.T.);
#6054 = ORIENTED_EDGE('',*,*,#6055,.F.);
#6055 = EDGE_CURVE('',#6029,#5974,#6056,.T.);
#6056 = LINE('',#6057,#6058);
#6057 = CARTESIAN_POINT('',(-0.32,-10.32,8.54));
#6058 = VECTOR('',#6059,1.);
#6059 = DIRECTION('',(1.,0.,0.));
#6060 = PLANE('',#6061);
#6061 = AXIS2_PLACEMENT_3D('',#6062,#6063,#6064);
#6062 = CARTESIAN_POINT('',(-0.32,-10.4,8.46));
#6063 = DIRECTION('',(-1.735167508357E-18,0.707106781187,-0.707106781187
    ));
#6064 = DIRECTION('',(-1.,-1.226948711654E-18,1.226948711654E-18));
#6065 = ADVANCED_FACE('',(#6066),#6091,.T.);
#6066 = FACE_BOUND('',#6067,.T.);
#6067 = EDGE_LOOP('',(#6068,#6076,#6077,#6085));
#6068 = ORIENTED_EDGE('',*,*,#6069,.F.);
#6069 = EDGE_CURVE('',#4150,#6070,#6072,.T.);
#6070 = VERTEX_POINT('',#6071);
#6071 = CARTESIAN_POINT('',(0.16,-7.78,8.54));
#6072 = LINE('',#6073,#6074);
#6073 = CARTESIAN_POINT('',(0.16,-7.78,8.54));
#6074 = VECTOR('',#6075,1.);
#6075 = DIRECTION('',(-0.57735026919,0.57735026919,0.57735026919));
#6076 = ORIENTED_EDGE('',*,*,#4166,.T.);
#6077 = ORIENTED_EDGE('',*,*,#6078,.T.);
#6078 = EDGE_CURVE('',#4159,#6079,#6081,.T.);
#6079 = VERTEX_POINT('',#6080);
#6080 = CARTESIAN_POINT('',(0.16,-7.46,8.54));
#6081 = LINE('',#6082,#6083);
#6082 = CARTESIAN_POINT('',(5.333333333333E-02,-7.566666666667,
    8.646666666667));
#6083 = VECTOR('',#6084,1.);
#6084 = DIRECTION('',(-0.57735026919,-0.57735026919,0.57735026919));
#6085 = ORIENTED_EDGE('',*,*,#6086,.F.);
#6086 = EDGE_CURVE('',#6070,#6079,#6087,.T.);
#6087 = LINE('',#6088,#6089);
#6088 = CARTESIAN_POINT('',(0.16,-7.94,8.54));
#6089 = VECTOR('',#6090,1.);
#6090 = DIRECTION('',(0.,1.,0.));
#6091 = PLANE('',#6092);
#6092 = AXIS2_PLACEMENT_3D('',#6093,#6094,#6095);
#6093 = CARTESIAN_POINT('',(0.24,-7.94,8.46));
#6094 = DIRECTION('',(0.707106781187,-1.735167508357E-18,0.707106781187)
  );
#6095 = DIRECTION('',(1.226948711654E-18,1.,1.226948711654E-18));
#6096 = ADVANCED_FACE('',(#6097),#6115,.T.);
#6097 = FACE_BOUND('',#6098,.F.);
#6098 = EDGE_LOOP('',(#6099,#6107,#6108,#6109));
#6099 = ORIENTED_EDGE('',*,*,#6100,.F.);
#6100 = EDGE_CURVE('',#4183,#6101,#6103,.T.);
#6101 = VERTEX_POINT('',#6102);
#6102 = CARTESIAN_POINT('',(-0.16,-7.46,8.54));
#6103 = LINE('',#6104,#6105);
#6104 = CARTESIAN_POINT('',(-0.16,-7.46,8.54));
#6105 = VECTOR('',#6106,1.);
#6106 = DIRECTION('',(0.57735026919,-0.57735026919,0.57735026919));
#6107 = ORIENTED_EDGE('',*,*,#4190,.T.);
#6108 = ORIENTED_EDGE('',*,*,#6078,.T.);
#6109 = ORIENTED_EDGE('',*,*,#6110,.F.);
#6110 = EDGE_CURVE('',#6101,#6079,#6111,.T.);
#6111 = LINE('',#6112,#6113);
#6112 = CARTESIAN_POINT('',(-0.32,-7.46,8.54));
#6113 = VECTOR('',#6114,1.);
#6114 = DIRECTION('',(1.,0.,0.));
#6115 = PLANE('',#6116);
#6116 = AXIS2_PLACEMENT_3D('',#6117,#6118,#6119);
#6117 = CARTESIAN_POINT('',(-0.32,-7.38,8.46));
#6118 = DIRECTION('',(1.735167508357E-18,0.707106781187,0.707106781187)
  );
#6119 = DIRECTION('',(-1.,1.226948711654E-18,1.226948711654E-18));
#6120 = ADVANCED_FACE('',(#6121),#6139,.F.);
#6121 = FACE_BOUND('',#6122,.F.);
#6122 = EDGE_LOOP('',(#6123,#6131,#6132,#6133));
#6123 = ORIENTED_EDGE('',*,*,#6124,.F.);
#6124 = EDGE_CURVE('',#4205,#6125,#6127,.T.);
#6125 = VERTEX_POINT('',#6126);
#6126 = CARTESIAN_POINT('',(-0.16,-7.78,8.54));
#6127 = LINE('',#6128,#6129);
#6128 = CARTESIAN_POINT('',(-0.266666666667,-7.886666666667,
    8.433333333333));
#6129 = VECTOR('',#6130,1.);
#6130 = DIRECTION('',(0.57735026919,0.57735026919,0.57735026919));
#6131 = ORIENTED_EDGE('',*,*,#4214,.T.);
#6132 = ORIENTED_EDGE('',*,*,#6100,.T.);
#6133 = ORIENTED_EDGE('',*,*,#6134,.F.);
#6134 = EDGE_CURVE('',#6125,#6101,#6135,.T.);
#6135 = LINE('',#6136,#6137);
#6136 = CARTESIAN_POINT('',(-0.16,-7.94,8.54));
#6137 = VECTOR('',#6138,1.);
#6138 = DIRECTION('',(0.,1.,0.));
#6139 = PLANE('',#6140);
#6140 = AXIS2_PLACEMENT_3D('',#6141,#6142,#6143);
#6141 = CARTESIAN_POINT('',(-0.24,-7.94,8.46));
#6142 = DIRECTION('',(0.707106781187,1.735167508357E-18,-0.707106781187)
  );
#6143 = DIRECTION('',(-1.226948711654E-18,1.,1.226948711654E-18));
#6144 = ADVANCED_FACE('',(#6145),#6156,.F.);
#6145 = FACE_BOUND('',#6146,.T.);
#6146 = EDGE_LOOP('',(#6147,#6148,#6149,#6150));
#6147 = ORIENTED_EDGE('',*,*,#6124,.F.);
#6148 = ORIENTED_EDGE('',*,*,#4231,.T.);
#6149 = ORIENTED_EDGE('',*,*,#6069,.T.);
#6150 = ORIENTED_EDGE('',*,*,#6151,.F.);
#6151 = EDGE_CURVE('',#6125,#6070,#6152,.T.);
#6152 = LINE('',#6153,#6154);
#6153 = CARTESIAN_POINT('',(-0.32,-7.78,8.54));
#6154 = VECTOR('',#6155,1.);
#6155 = DIRECTION('',(1.,0.,0.));
#6156 = PLANE('',#6157);
#6157 = AXIS2_PLACEMENT_3D('',#6158,#6159,#6160);
#6158 = CARTESIAN_POINT('',(-0.32,-7.86,8.46));
#6159 = DIRECTION('',(-1.735167508357E-18,0.707106781187,-0.707106781187
    ));
#6160 = DIRECTION('',(-1.,-1.226948711654E-18,1.226948711654E-18));
#6161 = ADVANCED_FACE('',(#6162),#6187,.F.);
#6162 = FACE_BOUND('',#6163,.T.);
#6163 = EDGE_LOOP('',(#6164,#6172,#6173,#6181));
#6164 = ORIENTED_EDGE('',*,*,#6165,.F.);
#6165 = EDGE_CURVE('',#4255,#6166,#6168,.T.);
#6166 = VERTEX_POINT('',#6167);
#6167 = CARTESIAN_POINT('',(-0.16,-17.94,8.54));
#6168 = LINE('',#6169,#6170);
#6169 = CARTESIAN_POINT('',(-0.266666666667,-18.04666666666,
    8.433333333333));
#6170 = VECTOR('',#6171,1.);
#6171 = DIRECTION('',(0.57735026919,0.57735026919,0.57735026919));
#6172 = ORIENTED_EDGE('',*,*,#4262,.T.);
#6173 = ORIENTED_EDGE('',*,*,#6174,.T.);
#6174 = EDGE_CURVE('',#4246,#6175,#6177,.T.);
#6175 = VERTEX_POINT('',#6176);
#6176 = CARTESIAN_POINT('',(0.16,-17.94,8.54));
#6177 = LINE('',#6178,#6179);
#6178 = CARTESIAN_POINT('',(0.16,-17.94,8.54));
#6179 = VECTOR('',#6180,1.);
#6180 = DIRECTION('',(-0.57735026919,0.57735026919,0.57735026919));
#6181 = ORIENTED_EDGE('',*,*,#6182,.F.);
#6182 = EDGE_CURVE('',#6166,#6175,#6183,.T.);
#6183 = LINE('',#6184,#6185);
#6184 = CARTESIAN_POINT('',(-0.32,-17.94,8.54));
#6185 = VECTOR('',#6186,1.);
#6186 = DIRECTION('',(1.,0.,0.));
#6187 = PLANE('',#6188);
#6188 = AXIS2_PLACEMENT_3D('',#6189,#6190,#6191);
#6189 = CARTESIAN_POINT('',(-0.32,-18.02,8.46));
#6190 = DIRECTION('',(-1.735167508357E-18,0.707106781187,-0.707106781187
    ));
#6191 = DIRECTION('',(-1.,-1.226948711654E-18,1.226948711654E-18));
#6192 = ADVANCED_FACE('',(#6193),#6211,.T.);
#6193 = FACE_BOUND('',#6194,.T.);
#6194 = EDGE_LOOP('',(#6195,#6196,#6197,#6205));
#6195 = ORIENTED_EDGE('',*,*,#6174,.F.);
#6196 = ORIENTED_EDGE('',*,*,#4286,.T.);
#6197 = ORIENTED_EDGE('',*,*,#6198,.T.);
#6198 = EDGE_CURVE('',#4279,#6199,#6201,.T.);
#6199 = VERTEX_POINT('',#6200);
#6200 = CARTESIAN_POINT('',(0.16,-17.62,8.54));
#6201 = LINE('',#6202,#6203);
#6202 = CARTESIAN_POINT('',(5.333333333333E-02,-17.72666666666,
    8.646666666667));
#6203 = VECTOR('',#6204,1.);
#6204 = DIRECTION('',(-0.57735026919,-0.57735026919,0.57735026919));
#6205 = ORIENTED_EDGE('',*,*,#6206,.F.);
#6206 = EDGE_CURVE('',#6175,#6199,#6207,.T.);
#6207 = LINE('',#6208,#6209);
#6208 = CARTESIAN_POINT('',(0.16,-18.1,8.54));
#6209 = VECTOR('',#6210,1.);
#6210 = DIRECTION('',(0.,1.,0.));
#6211 = PLANE('',#6212);
#6212 = AXIS2_PLACEMENT_3D('',#6213,#6214,#6215);
#6213 = CARTESIAN_POINT('',(0.24,-18.1,8.46));
#6214 = DIRECTION('',(0.707106781187,-1.735167508357E-18,0.707106781187)
  );
#6215 = DIRECTION('',(1.226948711654E-18,1.,1.226948711654E-18));
#6216 = ADVANCED_FACE('',(#6217),#6235,.T.);
#6217 = FACE_BOUND('',#6218,.F.);
#6218 = EDGE_LOOP('',(#6219,#6227,#6228,#6229));
#6219 = ORIENTED_EDGE('',*,*,#6220,.F.);
#6220 = EDGE_CURVE('',#4303,#6221,#6223,.T.);
#6221 = VERTEX_POINT('',#6222);
#6222 = CARTESIAN_POINT('',(-0.16,-17.62,8.54));
#6223 = LINE('',#6224,#6225);
#6224 = CARTESIAN_POINT('',(-0.16,-17.62,8.54));
#6225 = VECTOR('',#6226,1.);
#6226 = DIRECTION('',(0.57735026919,-0.57735026919,0.57735026919));
#6227 = ORIENTED_EDGE('',*,*,#4310,.T.);
#6228 = ORIENTED_EDGE('',*,*,#6198,.T.);
#6229 = ORIENTED_EDGE('',*,*,#6230,.F.);
#6230 = EDGE_CURVE('',#6221,#6199,#6231,.T.);
#6231 = LINE('',#6232,#6233);
#6232 = CARTESIAN_POINT('',(-0.32,-17.62,8.54));
#6233 = VECTOR('',#6234,1.);
#6234 = DIRECTION('',(1.,0.,0.));
#6235 = PLANE('',#6236);
#6236 = AXIS2_PLACEMENT_3D('',#6237,#6238,#6239);
#6237 = CARTESIAN_POINT('',(-0.32,-17.54,8.46));
#6238 = DIRECTION('',(1.735167508357E-18,0.707106781187,0.707106781187)
  );
#6239 = DIRECTION('',(-1.,1.226948711654E-18,1.226948711654E-18));
#6240 = ADVANCED_FACE('',(#6241),#6252,.F.);
#6241 = FACE_BOUND('',#6242,.F.);
#6242 = EDGE_LOOP('',(#6243,#6244,#6245,#6246));
#6243 = ORIENTED_EDGE('',*,*,#6165,.F.);
#6244 = ORIENTED_EDGE('',*,*,#4327,.T.);
#6245 = ORIENTED_EDGE('',*,*,#6220,.T.);
#6246 = ORIENTED_EDGE('',*,*,#6247,.F.);
#6247 = EDGE_CURVE('',#6166,#6221,#6248,.T.);
#6248 = LINE('',#6249,#6250);
#6249 = CARTESIAN_POINT('',(-0.16,-18.1,8.54));
#6250 = VECTOR('',#6251,1.);
#6251 = DIRECTION('',(0.,1.,0.));
#6252 = PLANE('',#6253);
#6253 = AXIS2_PLACEMENT_3D('',#6254,#6255,#6256);
#6254 = CARTESIAN_POINT('',(-0.24,-18.1,8.46));
#6255 = DIRECTION('',(0.707106781187,1.735167508357E-18,-0.707106781187)
  );
#6256 = DIRECTION('',(-1.226948711654E-18,1.,1.226948711654E-18));
#6257 = ADVANCED_FACE('',(#6258),#6283,.T.);
#6258 = FACE_BOUND('',#6259,.T.);
#6259 = EDGE_LOOP('',(#6260,#6268,#6269,#6277));
#6260 = ORIENTED_EDGE('',*,*,#6261,.F.);
#6261 = EDGE_CURVE('',#4342,#6262,#6264,.T.);
#6262 = VERTEX_POINT('',#6263);
#6263 = CARTESIAN_POINT('',(0.16,-15.4,8.54));
#6264 = LINE('',#6265,#6266);
#6265 = CARTESIAN_POINT('',(0.16,-15.4,8.54));
#6266 = VECTOR('',#6267,1.);
#6267 = DIRECTION('',(-0.57735026919,0.57735026919,0.57735026919));
#6268 = ORIENTED_EDGE('',*,*,#4358,.T.);
#6269 = ORIENTED_EDGE('',*,*,#6270,.T.);
#6270 = EDGE_CURVE('',#4351,#6271,#6273,.T.);
#6271 = VERTEX_POINT('',#6272);
#6272 = CARTESIAN_POINT('',(0.16,-15.08,8.54));
#6273 = LINE('',#6274,#6275);
#6274 = CARTESIAN_POINT('',(5.333333333333E-02,-15.18666666666,
    8.646666666667));
#6275 = VECTOR('',#6276,1.);
#6276 = DIRECTION('',(-0.57735026919,-0.57735026919,0.57735026919));
#6277 = ORIENTED_EDGE('',*,*,#6278,.F.);
#6278 = EDGE_CURVE('',#6262,#6271,#6279,.T.);
#6279 = LINE('',#6280,#6281);
#6280 = CARTESIAN_POINT('',(0.16,-15.56,8.54));
#6281 = VECTOR('',#6282,1.);
#6282 = DIRECTION('',(0.,1.,0.));
#6283 = PLANE('',#6284);
#6284 = AXIS2_PLACEMENT_3D('',#6285,#6286,#6287);
#6285 = CARTESIAN_POINT('',(0.24,-15.56,8.46));
#6286 = DIRECTION('',(0.707106781187,-1.735167508357E-18,0.707106781187)
  );
#6287 = DIRECTION('',(1.226948711654E-18,1.,1.226948711654E-18));
#6288 = ADVANCED_FACE('',(#6289),#6307,.T.);
#6289 = FACE_BOUND('',#6290,.F.);
#6290 = EDGE_LOOP('',(#6291,#6299,#6300,#6301));
#6291 = ORIENTED_EDGE('',*,*,#6292,.F.);
#6292 = EDGE_CURVE('',#4375,#6293,#6295,.T.);
#6293 = VERTEX_POINT('',#6294);
#6294 = CARTESIAN_POINT('',(-0.16,-15.08,8.54));
#6295 = LINE('',#6296,#6297);
#6296 = CARTESIAN_POINT('',(-0.16,-15.08,8.54));
#6297 = VECTOR('',#6298,1.);
#6298 = DIRECTION('',(0.57735026919,-0.57735026919,0.57735026919));
#6299 = ORIENTED_EDGE('',*,*,#4382,.T.);
#6300 = ORIENTED_EDGE('',*,*,#6270,.T.);
#6301 = ORIENTED_EDGE('',*,*,#6302,.F.);
#6302 = EDGE_CURVE('',#6293,#6271,#6303,.T.);
#6303 = LINE('',#6304,#6305);
#6304 = CARTESIAN_POINT('',(-0.32,-15.08,8.54));
#6305 = VECTOR('',#6306,1.);
#6306 = DIRECTION('',(1.,0.,0.));
#6307 = PLANE('',#6308);
#6308 = AXIS2_PLACEMENT_3D('',#6309,#6310,#6311);
#6309 = CARTESIAN_POINT('',(-0.32,-15.,8.46));
#6310 = DIRECTION('',(1.735167508357E-18,0.707106781187,0.707106781187)
  );
#6311 = DIRECTION('',(-1.,1.226948711654E-18,1.226948711654E-18));
#6312 = ADVANCED_FACE('',(#6313),#6331,.F.);
#6313 = FACE_BOUND('',#6314,.F.);
#6314 = EDGE_LOOP('',(#6315,#6323,#6324,#6325));
#6315 = ORIENTED_EDGE('',*,*,#6316,.F.);
#6316 = EDGE_CURVE('',#4397,#6317,#6319,.T.);
#6317 = VERTEX_POINT('',#6318);
#6318 = CARTESIAN_POINT('',(-0.16,-15.4,8.54));
#6319 = LINE('',#6320,#6321);
#6320 = CARTESIAN_POINT('',(-0.266666666667,-15.50666666666,
    8.433333333333));
#6321 = VECTOR('',#6322,1.);
#6322 = DIRECTION('',(0.57735026919,0.57735026919,0.57735026919));
#6323 = ORIENTED_EDGE('',*,*,#4406,.T.);
#6324 = ORIENTED_EDGE('',*,*,#6292,.T.);
#6325 = ORIENTED_EDGE('',*,*,#6326,.F.);
#6326 = EDGE_CURVE('',#6317,#6293,#6327,.T.);
#6327 = LINE('',#6328,#6329);
#6328 = CARTESIAN_POINT('',(-0.16,-15.56,8.54));
#6329 = VECTOR('',#6330,1.);
#6330 = DIRECTION('',(0.,1.,0.));
#6331 = PLANE('',#6332);
#6332 = AXIS2_PLACEMENT_3D('',#6333,#6334,#6335);
#6333 = CARTESIAN_POINT('',(-0.24,-15.56,8.46));
#6334 = DIRECTION('',(0.707106781187,1.735167508357E-18,-0.707106781187)
  );
#6335 = DIRECTION('',(-1.226948711654E-18,1.,1.226948711654E-18));
#6336 = ADVANCED_FACE('',(#6337),#6348,.F.);
#6337 = FACE_BOUND('',#6338,.T.);
#6338 = EDGE_LOOP('',(#6339,#6340,#6341,#6342));
#6339 = ORIENTED_EDGE('',*,*,#6316,.F.);
#6340 = ORIENTED_EDGE('',*,*,#4423,.T.);
#6341 = ORIENTED_EDGE('',*,*,#6261,.T.);
#6342 = ORIENTED_EDGE('',*,*,#6343,.F.);
#6343 = EDGE_CURVE('',#6317,#6262,#6344,.T.);
#6344 = LINE('',#6345,#6346);
#6345 = CARTESIAN_POINT('',(-0.32,-15.4,8.54));
#6346 = VECTOR('',#6347,1.);
#6347 = DIRECTION('',(1.,0.,0.));
#6348 = PLANE('',#6349);
#6349 = AXIS2_PLACEMENT_3D('',#6350,#6351,#6352);
#6350 = CARTESIAN_POINT('',(-0.32,-15.48,8.46));
#6351 = DIRECTION('',(-1.735167508357E-18,0.707106781187,-0.707106781187
    ));
#6352 = DIRECTION('',(-1.,-1.226948711654E-18,1.226948711654E-18));
#6353 = ADVANCED_FACE('',(#6354),#6379,.T.);
#6354 = FACE_BOUND('',#6355,.T.);
#6355 = EDGE_LOOP('',(#6356,#6364,#6365,#6373));
#6356 = ORIENTED_EDGE('',*,*,#6357,.F.);
#6357 = EDGE_CURVE('',#4438,#6358,#6360,.T.);
#6358 = VERTEX_POINT('',#6359);
#6359 = CARTESIAN_POINT('',(0.16,-23.02,8.54));
#6360 = LINE('',#6361,#6362);
#6361 = CARTESIAN_POINT('',(0.16,-23.02,8.54));
#6362 = VECTOR('',#6363,1.);
#6363 = DIRECTION('',(-0.57735026919,0.57735026919,0.57735026919));
#6364 = ORIENTED_EDGE('',*,*,#4454,.T.);
#6365 = ORIENTED_EDGE('',*,*,#6366,.T.);
#6366 = EDGE_CURVE('',#4447,#6367,#6369,.T.);
#6367 = VERTEX_POINT('',#6368);
#6368 = CARTESIAN_POINT('',(0.16,-22.7,8.54));
#6369 = LINE('',#6370,#6371);
#6370 = CARTESIAN_POINT('',(5.333333333333E-02,-22.80666666666,
    8.646666666667));
#6371 = VECTOR('',#6372,1.);
#6372 = DIRECTION('',(-0.57735026919,-0.57735026919,0.57735026919));
#6373 = ORIENTED_EDGE('',*,*,#6374,.F.);
#6374 = EDGE_CURVE('',#6358,#6367,#6375,.T.);
#6375 = LINE('',#6376,#6377);
#6376 = CARTESIAN_POINT('',(0.16,-23.18,8.54));
#6377 = VECTOR('',#6378,1.);
#6378 = DIRECTION('',(0.,1.,0.));
#6379 = PLANE('',#6380);
#6380 = AXIS2_PLACEMENT_3D('',#6381,#6382,#6383);
#6381 = CARTESIAN_POINT('',(0.24,-23.18,8.46));
#6382 = DIRECTION('',(0.707106781187,-1.735167508357E-18,0.707106781187)
  );
#6383 = DIRECTION('',(1.226948711654E-18,1.,1.226948711654E-18));
#6384 = ADVANCED_FACE('',(#6385),#6403,.T.);
#6385 = FACE_BOUND('',#6386,.F.);
#6386 = EDGE_LOOP('',(#6387,#6395,#6396,#6397));
#6387 = ORIENTED_EDGE('',*,*,#6388,.F.);
#6388 = EDGE_CURVE('',#4471,#6389,#6391,.T.);
#6389 = VERTEX_POINT('',#6390);
#6390 = CARTESIAN_POINT('',(-0.16,-22.7,8.54));
#6391 = LINE('',#6392,#6393);
#6392 = CARTESIAN_POINT('',(-0.16,-22.7,8.54));
#6393 = VECTOR('',#6394,1.);
#6394 = DIRECTION('',(0.57735026919,-0.57735026919,0.57735026919));
#6395 = ORIENTED_EDGE('',*,*,#4478,.T.);
#6396 = ORIENTED_EDGE('',*,*,#6366,.T.);
#6397 = ORIENTED_EDGE('',*,*,#6398,.F.);
#6398 = EDGE_CURVE('',#6389,#6367,#6399,.T.);
#6399 = LINE('',#6400,#6401);
#6400 = CARTESIAN_POINT('',(-0.32,-22.7,8.54));
#6401 = VECTOR('',#6402,1.);
#6402 = DIRECTION('',(1.,0.,0.));
#6403 = PLANE('',#6404);
#6404 = AXIS2_PLACEMENT_3D('',#6405,#6406,#6407);
#6405 = CARTESIAN_POINT('',(-0.32,-22.62,8.46));
#6406 = DIRECTION('',(1.735167508357E-18,0.707106781187,0.707106781187)
  );
#6407 = DIRECTION('',(-1.,1.226948711654E-18,1.226948711654E-18));
#6408 = ADVANCED_FACE('',(#6409),#6427,.F.);
#6409 = FACE_BOUND('',#6410,.F.);
#6410 = EDGE_LOOP('',(#6411,#6419,#6420,#6421));
#6411 = ORIENTED_EDGE('',*,*,#6412,.F.);
#6412 = EDGE_CURVE('',#4493,#6413,#6415,.T.);
#6413 = VERTEX_POINT('',#6414);
#6414 = CARTESIAN_POINT('',(-0.16,-23.02,8.54));
#6415 = LINE('',#6416,#6417);
#6416 = CARTESIAN_POINT('',(-0.266666666667,-23.12666666666,
    8.433333333333));
#6417 = VECTOR('',#6418,1.);
#6418 = DIRECTION('',(0.57735026919,0.57735026919,0.57735026919));
#6419 = ORIENTED_EDGE('',*,*,#4502,.T.);
#6420 = ORIENTED_EDGE('',*,*,#6388,.T.);
#6421 = ORIENTED_EDGE('',*,*,#6422,.F.);
#6422 = EDGE_CURVE('',#6413,#6389,#6423,.T.);
#6423 = LINE('',#6424,#6425);
#6424 = CARTESIAN_POINT('',(-0.16,-23.18,8.54));
#6425 = VECTOR('',#6426,1.);
#6426 = DIRECTION('',(0.,1.,0.));
#6427 = PLANE('',#6428);
#6428 = AXIS2_PLACEMENT_3D('',#6429,#6430,#6431);
#6429 = CARTESIAN_POINT('',(-0.24,-23.18,8.46));
#6430 = DIRECTION('',(0.707106781187,1.735167508357E-18,-0.707106781187)
  );
#6431 = DIRECTION('',(-1.226948711654E-18,1.,1.226948711654E-18));
#6432 = ADVANCED_FACE('',(#6433),#6444,.F.);
#6433 = FACE_BOUND('',#6434,.T.);
#6434 = EDGE_LOOP('',(#6435,#6436,#6437,#6438));
#6435 = ORIENTED_EDGE('',*,*,#6412,.F.);
#6436 = ORIENTED_EDGE('',*,*,#4519,.T.);
#6437 = ORIENTED_EDGE('',*,*,#6357,.T.);
#6438 = ORIENTED_EDGE('',*,*,#6439,.F.);
#6439 = EDGE_CURVE('',#6413,#6358,#6440,.T.);
#6440 = LINE('',#6441,#6442);
#6441 = CARTESIAN_POINT('',(-0.32,-23.02,8.54));
#6442 = VECTOR('',#6443,1.);
#6443 = DIRECTION('',(1.,0.,0.));
#6444 = PLANE('',#6445);
#6445 = AXIS2_PLACEMENT_3D('',#6446,#6447,#6448);
#6446 = CARTESIAN_POINT('',(-0.32,-23.1,8.46));
#6447 = DIRECTION('',(-1.735167508357E-18,0.707106781187,-0.707106781187
    ));
#6448 = DIRECTION('',(-1.,-1.226948711654E-18,1.226948711654E-18));
#6449 = ADVANCED_FACE('',(#6450),#6475,.F.);
#6450 = FACE_BOUND('',#6451,.T.);
#6451 = EDGE_LOOP('',(#6452,#6460,#6461,#6469));
#6452 = ORIENTED_EDGE('',*,*,#6453,.F.);
#6453 = EDGE_CURVE('',#4543,#6454,#6456,.T.);
#6454 = VERTEX_POINT('',#6455);
#6455 = CARTESIAN_POINT('',(-0.16,-20.48,8.54));
#6456 = LINE('',#6457,#6458);
#6457 = CARTESIAN_POINT('',(-0.266666666667,-20.58666666666,
    8.433333333333));
#6458 = VECTOR('',#6459,1.);
#6459 = DIRECTION('',(0.57735026919,0.57735026919,0.57735026919));
#6460 = ORIENTED_EDGE('',*,*,#4550,.T.);
#6461 = ORIENTED_EDGE('',*,*,#6462,.T.);
#6462 = EDGE_CURVE('',#4534,#6463,#6465,.T.);
#6463 = VERTEX_POINT('',#6464);
#6464 = CARTESIAN_POINT('',(0.16,-20.48,8.54));
#6465 = LINE('',#6466,#6467);
#6466 = CARTESIAN_POINT('',(0.16,-20.48,8.54));
#6467 = VECTOR('',#6468,1.);
#6468 = DIRECTION('',(-0.57735026919,0.57735026919,0.57735026919));
#6469 = ORIENTED_EDGE('',*,*,#6470,.F.);
#6470 = EDGE_CURVE('',#6454,#6463,#6471,.T.);
#6471 = LINE('',#6472,#6473);
#6472 = CARTESIAN_POINT('',(-0.32,-20.48,8.54));
#6473 = VECTOR('',#6474,1.);
#6474 = DIRECTION('',(1.,0.,0.));
#6475 = PLANE('',#6476);
#6476 = AXIS2_PLACEMENT_3D('',#6477,#6478,#6479);
#6477 = CARTESIAN_POINT('',(-0.32,-20.56,8.46));
#6478 = DIRECTION('',(-1.735167508357E-18,0.707106781187,-0.707106781187
    ));
#6479 = DIRECTION('',(-1.,-1.226948711654E-18,1.226948711654E-18));
#6480 = ADVANCED_FACE('',(#6481),#6499,.T.);
#6481 = FACE_BOUND('',#6482,.T.);
#6482 = EDGE_LOOP('',(#6483,#6484,#6485,#6493));
#6483 = ORIENTED_EDGE('',*,*,#6462,.F.);
#6484 = ORIENTED_EDGE('',*,*,#4574,.T.);
#6485 = ORIENTED_EDGE('',*,*,#6486,.T.);
#6486 = EDGE_CURVE('',#4567,#6487,#6489,.T.);
#6487 = VERTEX_POINT('',#6488);
#6488 = CARTESIAN_POINT('',(0.16,-20.16,8.54));
#6489 = LINE('',#6490,#6491);
#6490 = CARTESIAN_POINT('',(5.333333333333E-02,-20.26666666666,
    8.646666666667));
#6491 = VECTOR('',#6492,1.);
#6492 = DIRECTION('',(-0.57735026919,-0.57735026919,0.57735026919));
#6493 = ORIENTED_EDGE('',*,*,#6494,.F.);
#6494 = EDGE_CURVE('',#6463,#6487,#6495,.T.);
#6495 = LINE('',#6496,#6497);
#6496 = CARTESIAN_POINT('',(0.16,-20.64,8.54));
#6497 = VECTOR('',#6498,1.);
#6498 = DIRECTION('',(0.,1.,0.));
#6499 = PLANE('',#6500);
#6500 = AXIS2_PLACEMENT_3D('',#6501,#6502,#6503);
#6501 = CARTESIAN_POINT('',(0.24,-20.64,8.46));
#6502 = DIRECTION('',(0.707106781187,-1.735167508357E-18,0.707106781187)
  );
#6503 = DIRECTION('',(1.226948711654E-18,1.,1.226948711654E-18));
#6504 = ADVANCED_FACE('',(#6505),#6523,.T.);
#6505 = FACE_BOUND('',#6506,.F.);
#6506 = EDGE_LOOP('',(#6507,#6515,#6516,#6517));
#6507 = ORIENTED_EDGE('',*,*,#6508,.F.);
#6508 = EDGE_CURVE('',#4591,#6509,#6511,.T.);
#6509 = VERTEX_POINT('',#6510);
#6510 = CARTESIAN_POINT('',(-0.16,-20.16,8.54));
#6511 = LINE('',#6512,#6513);
#6512 = CARTESIAN_POINT('',(-0.16,-20.16,8.54));
#6513 = VECTOR('',#6514,1.);
#6514 = DIRECTION('',(0.57735026919,-0.57735026919,0.57735026919));
#6515 = ORIENTED_EDGE('',*,*,#4598,.T.);
#6516 = ORIENTED_EDGE('',*,*,#6486,.T.);
#6517 = ORIENTED_EDGE('',*,*,#6518,.F.);
#6518 = EDGE_CURVE('',#6509,#6487,#6519,.T.);
#6519 = LINE('',#6520,#6521);
#6520 = CARTESIAN_POINT('',(-0.32,-20.16,8.54));
#6521 = VECTOR('',#6522,1.);
#6522 = DIRECTION('',(1.,0.,0.));
#6523 = PLANE('',#6524);
#6524 = AXIS2_PLACEMENT_3D('',#6525,#6526,#6527);
#6525 = CARTESIAN_POINT('',(-0.32,-20.08,8.46));
#6526 = DIRECTION('',(1.735167508357E-18,0.707106781187,0.707106781187)
  );
#6527 = DIRECTION('',(-1.,1.226948711654E-18,1.226948711654E-18));
#6528 = ADVANCED_FACE('',(#6529),#6540,.F.);
#6529 = FACE_BOUND('',#6530,.F.);
#6530 = EDGE_LOOP('',(#6531,#6532,#6533,#6534));
#6531 = ORIENTED_EDGE('',*,*,#6453,.F.);
#6532 = ORIENTED_EDGE('',*,*,#4615,.T.);
#6533 = ORIENTED_EDGE('',*,*,#6508,.T.);
#6534 = ORIENTED_EDGE('',*,*,#6535,.F.);
#6535 = EDGE_CURVE('',#6454,#6509,#6536,.T.);
#6536 = LINE('',#6537,#6538);
#6537 = CARTESIAN_POINT('',(-0.16,-20.64,8.54));
#6538 = VECTOR('',#6539,1.);
#6539 = DIRECTION('',(0.,1.,0.));
#6540 = PLANE('',#6541);
#6541 = AXIS2_PLACEMENT_3D('',#6542,#6543,#6544);
#6542 = CARTESIAN_POINT('',(-0.24,-20.64,8.46));
#6543 = DIRECTION('',(0.707106781187,1.735167508357E-18,-0.707106781187)
  );
#6544 = DIRECTION('',(-1.226948711654E-18,1.,1.226948711654E-18));
#6545 = ADVANCED_FACE('',(#6546),#6571,.F.);
#6546 = FACE_BOUND('',#6547,.T.);
#6547 = EDGE_LOOP('',(#6548,#6556,#6557,#6565));
#6548 = ORIENTED_EDGE('',*,*,#6549,.F.);
#6549 = EDGE_CURVE('',#4639,#6550,#6552,.T.);
#6550 = VERTEX_POINT('',#6551);
#6551 = CARTESIAN_POINT('',(-0.16,-0.16,8.54));
#6552 = LINE('',#6553,#6554);
#6553 = CARTESIAN_POINT('',(-0.266666666667,-0.266666666667,
    8.433333333333));
#6554 = VECTOR('',#6555,1.);
#6555 = DIRECTION('',(0.57735026919,0.57735026919,0.57735026919));
#6556 = ORIENTED_EDGE('',*,*,#4646,.T.);
#6557 = ORIENTED_EDGE('',*,*,#6558,.T.);
#6558 = EDGE_CURVE('',#4630,#6559,#6561,.T.);
#6559 = VERTEX_POINT('',#6560);
#6560 = CARTESIAN_POINT('',(0.16,-0.16,8.54));
#6561 = LINE('',#6562,#6563);
#6562 = CARTESIAN_POINT('',(0.16,-0.16,8.54));
#6563 = VECTOR('',#6564,1.);
#6564 = DIRECTION('',(-0.57735026919,0.57735026919,0.57735026919));
#6565 = ORIENTED_EDGE('',*,*,#6566,.F.);
#6566 = EDGE_CURVE('',#6550,#6559,#6567,.T.);
#6567 = LINE('',#6568,#6569);
#6568 = CARTESIAN_POINT('',(-0.32,-0.16,8.54));
#6569 = VECTOR('',#6570,1.);
#6570 = DIRECTION('',(1.,0.,0.));
#6571 = PLANE('',#6572);
#6572 = AXIS2_PLACEMENT_3D('',#6573,#6574,#6575);
#6573 = CARTESIAN_POINT('',(-0.32,-0.24,8.46));
#6574 = DIRECTION('',(-1.735167508357E-18,0.707106781187,-0.707106781187
    ));
#6575 = DIRECTION('',(-1.,-1.226948711654E-18,1.226948711654E-18));
#6576 = ADVANCED_FACE('',(#6577),#6595,.T.);
#6577 = FACE_BOUND('',#6578,.T.);
#6578 = EDGE_LOOP('',(#6579,#6580,#6581,#6589));
#6579 = ORIENTED_EDGE('',*,*,#6558,.F.);
#6580 = ORIENTED_EDGE('',*,*,#4670,.T.);
#6581 = ORIENTED_EDGE('',*,*,#6582,.T.);
#6582 = EDGE_CURVE('',#4663,#6583,#6585,.T.);
#6583 = VERTEX_POINT('',#6584);
#6584 = CARTESIAN_POINT('',(0.16,0.16,8.54));
#6585 = LINE('',#6586,#6587);
#6586 = CARTESIAN_POINT('',(5.333333333333E-02,5.333333333333E-02,
    8.646666666667));
#6587 = VECTOR('',#6588,1.);
#6588 = DIRECTION('',(-0.57735026919,-0.57735026919,0.57735026919));
#6589 = ORIENTED_EDGE('',*,*,#6590,.F.);
#6590 = EDGE_CURVE('',#6559,#6583,#6591,.T.);
#6591 = LINE('',#6592,#6593);
#6592 = CARTESIAN_POINT('',(0.16,-0.32,8.54));
#6593 = VECTOR('',#6594,1.);
#6594 = DIRECTION('',(0.,1.,0.));
#6595 = PLANE('',#6596);
#6596 = AXIS2_PLACEMENT_3D('',#6597,#6598,#6599);
#6597 = CARTESIAN_POINT('',(0.24,-0.32,8.46));
#6598 = DIRECTION('',(0.707106781187,-1.735167508357E-18,0.707106781187)
  );
#6599 = DIRECTION('',(1.226948711654E-18,1.,1.226948711654E-18));
#6600 = ADVANCED_FACE('',(#6601),#6619,.T.);
#6601 = FACE_BOUND('',#6602,.F.);
#6602 = EDGE_LOOP('',(#6603,#6611,#6612,#6613));
#6603 = ORIENTED_EDGE('',*,*,#6604,.F.);
#6604 = EDGE_CURVE('',#4687,#6605,#6607,.T.);
#6605 = VERTEX_POINT('',#6606);
#6606 = CARTESIAN_POINT('',(-0.16,0.16,8.54));
#6607 = LINE('',#6608,#6609);
#6608 = CARTESIAN_POINT('',(-0.16,0.16,8.54));
#6609 = VECTOR('',#6610,1.);
#6610 = DIRECTION('',(0.57735026919,-0.57735026919,0.57735026919));
#6611 = ORIENTED_EDGE('',*,*,#4694,.T.);
#6612 = ORIENTED_EDGE('',*,*,#6582,.T.);
#6613 = ORIENTED_EDGE('',*,*,#6614,.F.);
#6614 = EDGE_CURVE('',#6605,#6583,#6615,.T.);
#6615 = LINE('',#6616,#6617);
#6616 = CARTESIAN_POINT('',(-0.32,0.16,8.54));
#6617 = VECTOR('',#6618,1.);
#6618 = DIRECTION('',(1.,0.,0.));
#6619 = PLANE('',#6620);
#6620 = AXIS2_PLACEMENT_3D('',#6621,#6622,#6623);
#6621 = CARTESIAN_POINT('',(-0.32,0.24,8.46));
#6622 = DIRECTION('',(1.735167508357E-18,0.707106781187,0.707106781187)
  );
#6623 = DIRECTION('',(-1.,1.226948711654E-18,1.226948711654E-18));
#6624 = ADVANCED_FACE('',(#6625),#6636,.F.);
#6625 = FACE_BOUND('',#6626,.F.);
#6626 = EDGE_LOOP('',(#6627,#6628,#6629,#6630));
#6627 = ORIENTED_EDGE('',*,*,#6549,.F.);
#6628 = ORIENTED_EDGE('',*,*,#4711,.T.);
#6629 = ORIENTED_EDGE('',*,*,#6604,.T.);
#6630 = ORIENTED_EDGE('',*,*,#6631,.F.);
#6631 = EDGE_CURVE('',#6550,#6605,#6632,.T.);
#6632 = LINE('',#6633,#6634);
#6633 = CARTESIAN_POINT('',(-0.16,-0.32,8.54));
#6634 = VECTOR('',#6635,1.);
#6635 = DIRECTION('',(0.,1.,0.));
#6636 = PLANE('',#6637);
#6637 = AXIS2_PLACEMENT_3D('',#6638,#6639,#6640);
#6638 = CARTESIAN_POINT('',(-0.24,-0.32,8.46));
#6639 = DIRECTION('',(0.707106781187,1.735167508357E-18,-0.707106781187)
  );
#6640 = DIRECTION('',(-1.226948711654E-18,1.,1.226948711654E-18));
#6641 = ADVANCED_FACE('',(#6642),#6667,.T.);
#6642 = FACE_BOUND('',#6643,.T.);
#6643 = EDGE_LOOP('',(#6644,#6652,#6653,#6661));
#6644 = ORIENTED_EDGE('',*,*,#6645,.F.);
#6645 = EDGE_CURVE('',#4726,#6646,#6648,.T.);
#6646 = VERTEX_POINT('',#6647);
#6647 = CARTESIAN_POINT('',(0.16,-2.7,8.54));
#6648 = LINE('',#6649,#6650);
#6649 = CARTESIAN_POINT('',(0.16,-2.7,8.54));
#6650 = VECTOR('',#6651,1.);
#6651 = DIRECTION('',(-0.57735026919,0.57735026919,0.57735026919));
#6652 = ORIENTED_EDGE('',*,*,#4742,.T.);
#6653 = ORIENTED_EDGE('',*,*,#6654,.T.);
#6654 = EDGE_CURVE('',#4735,#6655,#6657,.T.);
#6655 = VERTEX_POINT('',#6656);
#6656 = CARTESIAN_POINT('',(0.16,-2.38,8.54));
#6657 = LINE('',#6658,#6659);
#6658 = CARTESIAN_POINT('',(5.333333333333E-02,-2.486666666667,
    8.646666666667));
#6659 = VECTOR('',#6660,1.);
#6660 = DIRECTION('',(-0.57735026919,-0.57735026919,0.57735026919));
#6661 = ORIENTED_EDGE('',*,*,#6662,.F.);
#6662 = EDGE_CURVE('',#6646,#6655,#6663,.T.);
#6663 = LINE('',#6664,#6665);
#6664 = CARTESIAN_POINT('',(0.16,-2.86,8.54));
#6665 = VECTOR('',#6666,1.);
#6666 = DIRECTION('',(0.,1.,0.));
#6667 = PLANE('',#6668);
#6668 = AXIS2_PLACEMENT_3D('',#6669,#6670,#6671);
#6669 = CARTESIAN_POINT('',(0.24,-2.86,8.46));
#6670 = DIRECTION('',(0.707106781187,-1.735167508357E-18,0.707106781187)
  );
#6671 = DIRECTION('',(1.226948711654E-18,1.,1.226948711654E-18));
#6672 = ADVANCED_FACE('',(#6673),#6691,.T.);
#6673 = FACE_BOUND('',#6674,.F.);
#6674 = EDGE_LOOP('',(#6675,#6683,#6684,#6685));
#6675 = ORIENTED_EDGE('',*,*,#6676,.F.);
#6676 = EDGE_CURVE('',#4759,#6677,#6679,.T.);
#6677 = VERTEX_POINT('',#6678);
#6678 = CARTESIAN_POINT('',(-0.16,-2.38,8.54));
#6679 = LINE('',#6680,#6681);
#6680 = CARTESIAN_POINT('',(-0.16,-2.38,8.54));
#6681 = VECTOR('',#6682,1.);
#6682 = DIRECTION('',(0.57735026919,-0.57735026919,0.57735026919));
#6683 = ORIENTED_EDGE('',*,*,#4766,.T.);
#6684 = ORIENTED_EDGE('',*,*,#6654,.T.);
#6685 = ORIENTED_EDGE('',*,*,#6686,.F.);
#6686 = EDGE_CURVE('',#6677,#6655,#6687,.T.);
#6687 = LINE('',#6688,#6689);
#6688 = CARTESIAN_POINT('',(-0.32,-2.38,8.54));
#6689 = VECTOR('',#6690,1.);
#6690 = DIRECTION('',(1.,0.,0.));
#6691 = PLANE('',#6692);
#6692 = AXIS2_PLACEMENT_3D('',#6693,#6694,#6695);
#6693 = CARTESIAN_POINT('',(-0.32,-2.3,8.46));
#6694 = DIRECTION('',(1.735167508357E-18,0.707106781187,0.707106781187)
  );
#6695 = DIRECTION('',(-1.,1.226948711654E-18,1.226948711654E-18));
#6696 = ADVANCED_FACE('',(#6697),#6715,.F.);
#6697 = FACE_BOUND('',#6698,.F.);
#6698 = EDGE_LOOP('',(#6699,#6707,#6708,#6709));
#6699 = ORIENTED_EDGE('',*,*,#6700,.F.);
#6700 = EDGE_CURVE('',#4781,#6701,#6703,.T.);
#6701 = VERTEX_POINT('',#6702);
#6702 = CARTESIAN_POINT('',(-0.16,-2.7,8.54));
#6703 = LINE('',#6704,#6705);
#6704 = CARTESIAN_POINT('',(-0.266666666667,-2.806666666667,
    8.433333333333));
#6705 = VECTOR('',#6706,1.);
#6706 = DIRECTION('',(0.57735026919,0.57735026919,0.57735026919));
#6707 = ORIENTED_EDGE('',*,*,#4790,.T.);
#6708 = ORIENTED_EDGE('',*,*,#6676,.T.);
#6709 = ORIENTED_EDGE('',*,*,#6710,.F.);
#6710 = EDGE_CURVE('',#6701,#6677,#6711,.T.);
#6711 = LINE('',#6712,#6713);
#6712 = CARTESIAN_POINT('',(-0.16,-2.86,8.54));
#6713 = VECTOR('',#6714,1.);
#6714 = DIRECTION('',(0.,1.,0.));
#6715 = PLANE('',#6716);
#6716 = AXIS2_PLACEMENT_3D('',#6717,#6718,#6719);
#6717 = CARTESIAN_POINT('',(-0.24,-2.86,8.46));
#6718 = DIRECTION('',(0.707106781187,1.735167508357E-18,-0.707106781187)
  );
#6719 = DIRECTION('',(-1.226948711654E-18,1.,1.226948711654E-18));
#6720 = ADVANCED_FACE('',(#6721),#6732,.F.);
#6721 = FACE_BOUND('',#6722,.T.);
#6722 = EDGE_LOOP('',(#6723,#6724,#6725,#6726));
#6723 = ORIENTED_EDGE('',*,*,#6700,.F.);
#6724 = ORIENTED_EDGE('',*,*,#4807,.T.);
#6725 = ORIENTED_EDGE('',*,*,#6645,.T.);
#6726 = ORIENTED_EDGE('',*,*,#6727,.F.);
#6727 = EDGE_CURVE('',#6701,#6646,#6728,.T.);
#6728 = LINE('',#6729,#6730);
#6729 = CARTESIAN_POINT('',(-0.32,-2.7,8.54));
#6730 = VECTOR('',#6731,1.);
#6731 = DIRECTION('',(1.,0.,0.));
#6732 = PLANE('',#6733);
#6733 = AXIS2_PLACEMENT_3D('',#6734,#6735,#6736);
#6734 = CARTESIAN_POINT('',(-0.32,-2.78,8.46));
#6735 = DIRECTION('',(-1.735167508357E-18,0.707106781187,-0.707106781187
    ));
#6736 = DIRECTION('',(-1.,-1.226948711654E-18,1.226948711654E-18));
#6737 = ADVANCED_FACE('',(#6738),#6763,.T.);
#6738 = FACE_BOUND('',#6739,.T.);
#6739 = EDGE_LOOP('',(#6740,#6748,#6749,#6757));
#6740 = ORIENTED_EDGE('',*,*,#6741,.F.);
#6741 = EDGE_CURVE('',#4822,#6742,#6744,.T.);
#6742 = VERTEX_POINT('',#6743);
#6743 = CARTESIAN_POINT('',(0.16,-5.24,8.54));
#6744 = LINE('',#6745,#6746);
#6745 = CARTESIAN_POINT('',(0.16,-5.24,8.54));
#6746 = VECTOR('',#6747,1.);
#6747 = DIRECTION('',(-0.57735026919,0.57735026919,0.57735026919));
#6748 = ORIENTED_EDGE('',*,*,#4838,.T.);
#6749 = ORIENTED_EDGE('',*,*,#6750,.T.);
#6750 = EDGE_CURVE('',#4831,#6751,#6753,.T.);
#6751 = VERTEX_POINT('',#6752);
#6752 = CARTESIAN_POINT('',(0.16,-4.92,8.54));
#6753 = LINE('',#6754,#6755);
#6754 = CARTESIAN_POINT('',(5.333333333333E-02,-5.026666666667,
    8.646666666667));
#6755 = VECTOR('',#6756,1.);
#6756 = DIRECTION('',(-0.57735026919,-0.57735026919,0.57735026919));
#6757 = ORIENTED_EDGE('',*,*,#6758,.F.);
#6758 = EDGE_CURVE('',#6742,#6751,#6759,.T.);
#6759 = LINE('',#6760,#6761);
#6760 = CARTESIAN_POINT('',(0.16,-5.4,8.54));
#6761 = VECTOR('',#6762,1.);
#6762 = DIRECTION('',(0.,1.,0.));
#6763 = PLANE('',#6764);
#6764 = AXIS2_PLACEMENT_3D('',#6765,#6766,#6767);
#6765 = CARTESIAN_POINT('',(0.24,-5.4,8.46));
#6766 = DIRECTION('',(0.707106781187,-1.735167508357E-18,0.707106781187)
  );
#6767 = DIRECTION('',(1.226948711654E-18,1.,1.226948711654E-18));
#6768 = ADVANCED_FACE('',(#6769),#6787,.T.);
#6769 = FACE_BOUND('',#6770,.F.);
#6770 = EDGE_LOOP('',(#6771,#6779,#6780,#6781));
#6771 = ORIENTED_EDGE('',*,*,#6772,.F.);
#6772 = EDGE_CURVE('',#4855,#6773,#6775,.T.);
#6773 = VERTEX_POINT('',#6774);
#6774 = CARTESIAN_POINT('',(-0.16,-4.92,8.54));
#6775 = LINE('',#6776,#6777);
#6776 = CARTESIAN_POINT('',(-0.16,-4.92,8.54));
#6777 = VECTOR('',#6778,1.);
#6778 = DIRECTION('',(0.57735026919,-0.57735026919,0.57735026919));
#6779 = ORIENTED_EDGE('',*,*,#4862,.T.);
#6780 = ORIENTED_EDGE('',*,*,#6750,.T.);
#6781 = ORIENTED_EDGE('',*,*,#6782,.F.);
#6782 = EDGE_CURVE('',#6773,#6751,#6783,.T.);
#6783 = LINE('',#6784,#6785);
#6784 = CARTESIAN_POINT('',(-0.32,-4.92,8.54));
#6785 = VECTOR('',#6786,1.);
#6786 = DIRECTION('',(1.,0.,0.));
#6787 = PLANE('',#6788);
#6788 = AXIS2_PLACEMENT_3D('',#6789,#6790,#6791);
#6789 = CARTESIAN_POINT('',(-0.32,-4.84,8.46));
#6790 = DIRECTION('',(1.735167508357E-18,0.707106781187,0.707106781187)
  );
#6791 = DIRECTION('',(-1.,1.226948711654E-18,1.226948711654E-18));
#6792 = ADVANCED_FACE('',(#6793),#6811,.F.);
#6793 = FACE_BOUND('',#6794,.F.);
#6794 = EDGE_LOOP('',(#6795,#6803,#6804,#6805));
#6795 = ORIENTED_EDGE('',*,*,#6796,.F.);
#6796 = EDGE_CURVE('',#4877,#6797,#6799,.T.);
#6797 = VERTEX_POINT('',#6798);
#6798 = CARTESIAN_POINT('',(-0.16,-5.24,8.54));
#6799 = LINE('',#6800,#6801);
#6800 = CARTESIAN_POINT('',(-0.266666666667,-5.346666666667,
    8.433333333333));
#6801 = VECTOR('',#6802,1.);
#6802 = DIRECTION('',(0.57735026919,0.57735026919,0.57735026919));
#6803 = ORIENTED_EDGE('',*,*,#4886,.T.);
#6804 = ORIENTED_EDGE('',*,*,#6772,.T.);
#6805 = ORIENTED_EDGE('',*,*,#6806,.F.);
#6806 = EDGE_CURVE('',#6797,#6773,#6807,.T.);
#6807 = LINE('',#6808,#6809);
#6808 = CARTESIAN_POINT('',(-0.16,-5.4,8.54));
#6809 = VECTOR('',#6810,1.);
#6810 = DIRECTION('',(0.,1.,0.));
#6811 = PLANE('',#6812);
#6812 = AXIS2_PLACEMENT_3D('',#6813,#6814,#6815);
#6813 = CARTESIAN_POINT('',(-0.24,-5.4,8.46));
#6814 = DIRECTION('',(0.707106781187,1.735167508357E-18,-0.707106781187)
  );
#6815 = DIRECTION('',(-1.226948711654E-18,1.,1.226948711654E-18));
#6816 = ADVANCED_FACE('',(#6817),#6828,.F.);
#6817 = FACE_BOUND('',#6818,.T.);
#6818 = EDGE_LOOP('',(#6819,#6820,#6821,#6822));
#6819 = ORIENTED_EDGE('',*,*,#6796,.F.);
#6820 = ORIENTED_EDGE('',*,*,#4903,.T.);
#6821 = ORIENTED_EDGE('',*,*,#6741,.T.);
#6822 = ORIENTED_EDGE('',*,*,#6823,.F.);
#6823 = EDGE_CURVE('',#6797,#6742,#6824,.T.);
#6824 = LINE('',#6825,#6826);
#6825 = CARTESIAN_POINT('',(-0.32,-5.24,8.54));
#6826 = VECTOR('',#6827,1.);
#6827 = DIRECTION('',(1.,0.,0.));
#6828 = PLANE('',#6829);
#6829 = AXIS2_PLACEMENT_3D('',#6830,#6831,#6832);
#6830 = CARTESIAN_POINT('',(-0.32,-5.32,8.46));
#6831 = DIRECTION('',(-1.735167508357E-18,0.707106781187,-0.707106781187
    ));
#6832 = DIRECTION('',(-1.,-1.226948711654E-18,1.226948711654E-18));
#6833 = ADVANCED_FACE('',(#6834),#6840,.F.);
#6834 = FACE_BOUND('',#6835,.F.);
#6835 = EDGE_LOOP('',(#6836,#6837,#6838,#6839));
#6836 = ORIENTED_EDGE('',*,*,#4958,.F.);
#6837 = ORIENTED_EDGE('',*,*,#4982,.F.);
#6838 = ORIENTED_EDGE('',*,*,#4999,.T.);
#6839 = ORIENTED_EDGE('',*,*,#4934,.T.);
#6840 = PLANE('',#6841);
#6841 = AXIS2_PLACEMENT_3D('',#6842,#6843,#6844);
#6842 = CARTESIAN_POINT('',(-0.32,-13.02,-3.));
#6843 = DIRECTION('',(0.,0.,1.));
#6844 = DIRECTION('',(1.,0.,-0.));
#6845 = ADVANCED_FACE('',(#6846),#6852,.F.);
#6846 = FACE_BOUND('',#6847,.F.);
#6847 = EDGE_LOOP('',(#6848,#6849,#6850,#6851));
#6848 = ORIENTED_EDGE('',*,*,#5054,.F.);
#6849 = ORIENTED_EDGE('',*,*,#5078,.F.);
#6850 = ORIENTED_EDGE('',*,*,#5095,.T.);
#6851 = ORIENTED_EDGE('',*,*,#5030,.T.);
#6852 = PLANE('',#6853);
#6853 = AXIS2_PLACEMENT_3D('',#6854,#6855,#6856);
#6854 = CARTESIAN_POINT('',(-0.32,-10.48,-3.));
#6855 = DIRECTION('',(0.,0.,1.));
#6856 = DIRECTION('',(1.,0.,-0.));
#6857 = ADVANCED_FACE('',(#6858),#6864,.F.);
#6858 = FACE_BOUND('',#6859,.F.);
#6859 = EDGE_LOOP('',(#6860,#6861,#6862,#6863));
#6860 = ORIENTED_EDGE('',*,*,#5150,.F.);
#6861 = ORIENTED_EDGE('',*,*,#5174,.F.);
#6862 = ORIENTED_EDGE('',*,*,#5191,.T.);
#6863 = ORIENTED_EDGE('',*,*,#5126,.T.);
#6864 = PLANE('',#6865);
#6865 = AXIS2_PLACEMENT_3D('',#6866,#6867,#6868);
#6866 = CARTESIAN_POINT('',(-0.32,-7.94,-3.));
#6867 = DIRECTION('',(0.,0.,1.));
#6868 = DIRECTION('',(1.,0.,-0.));
#6869 = ADVANCED_FACE('',(#6870),#6876,.F.);
#6870 = FACE_BOUND('',#6871,.F.);
#6871 = EDGE_LOOP('',(#6872,#6873,#6874,#6875));
#6872 = ORIENTED_EDGE('',*,*,#5270,.F.);
#6873 = ORIENTED_EDGE('',*,*,#5287,.F.);
#6874 = ORIENTED_EDGE('',*,*,#5222,.T.);
#6875 = ORIENTED_EDGE('',*,*,#5246,.T.);
#6876 = PLANE('',#6877);
#6877 = AXIS2_PLACEMENT_3D('',#6878,#6879,#6880);
#6878 = CARTESIAN_POINT('',(-0.32,-18.1,-3.));
#6879 = DIRECTION('',(0.,0.,1.));
#6880 = DIRECTION('',(1.,0.,-0.));
#6881 = ADVANCED_FACE('',(#6882),#6888,.F.);
#6882 = FACE_BOUND('',#6883,.F.);
#6883 = EDGE_LOOP('',(#6884,#6885,#6886,#6887));
#6884 = ORIENTED_EDGE('',*,*,#5342,.F.);
#6885 = ORIENTED_EDGE('',*,*,#5366,.F.);
#6886 = ORIENTED_EDGE('',*,*,#5383,.T.);
#6887 = ORIENTED_EDGE('',*,*,#5318,.T.);
#6888 = PLANE('',#6889);
#6889 = AXIS2_PLACEMENT_3D('',#6890,#6891,#6892);
#6890 = CARTESIAN_POINT('',(-0.32,-15.56,-3.));
#6891 = DIRECTION('',(0.,0.,1.));
#6892 = DIRECTION('',(1.,0.,-0.));
#6893 = ADVANCED_FACE('',(#6894),#6900,.F.);
#6894 = FACE_BOUND('',#6895,.F.);
#6895 = EDGE_LOOP('',(#6896,#6897,#6898,#6899));
#6896 = ORIENTED_EDGE('',*,*,#5438,.F.);
#6897 = ORIENTED_EDGE('',*,*,#5462,.F.);
#6898 = ORIENTED_EDGE('',*,*,#5479,.T.);
#6899 = ORIENTED_EDGE('',*,*,#5414,.T.);
#6900 = PLANE('',#6901);
#6901 = AXIS2_PLACEMENT_3D('',#6902,#6903,#6904);
#6902 = CARTESIAN_POINT('',(-0.32,-23.18,-3.));
#6903 = DIRECTION('',(0.,0.,1.));
#6904 = DIRECTION('',(1.,0.,-0.));
#6905 = ADVANCED_FACE('',(#6906),#6912,.F.);
#6906 = FACE_BOUND('',#6907,.F.);
#6907 = EDGE_LOOP('',(#6908,#6909,#6910,#6911));
#6908 = ORIENTED_EDGE('',*,*,#5558,.F.);
#6909 = ORIENTED_EDGE('',*,*,#5575,.F.);
#6910 = ORIENTED_EDGE('',*,*,#5510,.T.);
#6911 = ORIENTED_EDGE('',*,*,#5534,.T.);
#6912 = PLANE('',#6913);
#6913 = AXIS2_PLACEMENT_3D('',#6914,#6915,#6916);
#6914 = CARTESIAN_POINT('',(-0.32,-20.64,-3.));
#6915 = DIRECTION('',(0.,0.,1.));
#6916 = DIRECTION('',(1.,0.,-0.));
#6917 = ADVANCED_FACE('',(#6918),#6924,.F.);
#6918 = FACE_BOUND('',#6919,.F.);
#6919 = EDGE_LOOP('',(#6920,#6921,#6922,#6923));
#6920 = ORIENTED_EDGE('',*,*,#5654,.F.);
#6921 = ORIENTED_EDGE('',*,*,#5671,.F.);
#6922 = ORIENTED_EDGE('',*,*,#5606,.T.);
#6923 = ORIENTED_EDGE('',*,*,#5630,.T.);
#6924 = PLANE('',#6925);
#6925 = AXIS2_PLACEMENT_3D('',#6926,#6927,#6928);
#6926 = CARTESIAN_POINT('',(-0.32,-0.32,-3.));
#6927 = DIRECTION('',(0.,0.,1.));
#6928 = DIRECTION('',(1.,0.,-0.));
#6929 = ADVANCED_FACE('',(#6930),#6936,.F.);
#6930 = FACE_BOUND('',#6931,.F.);
#6931 = EDGE_LOOP('',(#6932,#6933,#6934,#6935));
#6932 = ORIENTED_EDGE('',*,*,#5726,.F.);
#6933 = ORIENTED_EDGE('',*,*,#5750,.F.);
#6934 = ORIENTED_EDGE('',*,*,#5767,.T.);
#6935 = ORIENTED_EDGE('',*,*,#5702,.T.);
#6936 = PLANE('',#6937);
#6937 = AXIS2_PLACEMENT_3D('',#6938,#6939,#6940);
#6938 = CARTESIAN_POINT('',(-0.32,-2.86,-3.));
#6939 = DIRECTION('',(0.,0.,1.));
#6940 = DIRECTION('',(1.,0.,-0.));
#6941 = ADVANCED_FACE('',(#6942),#6948,.F.);
#6942 = FACE_BOUND('',#6943,.F.);
#6943 = EDGE_LOOP('',(#6944,#6945,#6946,#6947));
#6944 = ORIENTED_EDGE('',*,*,#5822,.F.);
#6945 = ORIENTED_EDGE('',*,*,#5846,.F.);
#6946 = ORIENTED_EDGE('',*,*,#5863,.T.);
#6947 = ORIENTED_EDGE('',*,*,#5798,.T.);
#6948 = PLANE('',#6949);
#6949 = AXIS2_PLACEMENT_3D('',#6950,#6951,#6952);
#6950 = CARTESIAN_POINT('',(-0.32,-5.4,-3.));
#6951 = DIRECTION('',(0.,0.,1.));
#6952 = DIRECTION('',(1.,0.,-0.));
#6953 = ADVANCED_FACE('',(#6954),#6960,.T.);
#6954 = FACE_BOUND('',#6955,.T.);
#6955 = EDGE_LOOP('',(#6956,#6957,#6958,#6959));
#6956 = ORIENTED_EDGE('',*,*,#5942,.F.);
#6957 = ORIENTED_EDGE('',*,*,#5959,.T.);
#6958 = ORIENTED_EDGE('',*,*,#5894,.T.);
#6959 = ORIENTED_EDGE('',*,*,#5918,.F.);
#6960 = PLANE('',#6961);
#6961 = AXIS2_PLACEMENT_3D('',#6962,#6963,#6964);
#6962 = CARTESIAN_POINT('',(-0.32,-13.02,8.54));
#6963 = DIRECTION('',(0.,0.,1.));
#6964 = DIRECTION('',(1.,0.,-0.));
#6965 = ADVANCED_FACE('',(#6966),#6972,.T.);
#6966 = FACE_BOUND('',#6967,.T.);
#6967 = EDGE_LOOP('',(#6968,#6969,#6970,#6971));
#6968 = ORIENTED_EDGE('',*,*,#6038,.F.);
#6969 = ORIENTED_EDGE('',*,*,#6055,.T.);
#6970 = ORIENTED_EDGE('',*,*,#5990,.T.);
#6971 = ORIENTED_EDGE('',*,*,#6014,.F.);
#6972 = PLANE('',#6973);
#6973 = AXIS2_PLACEMENT_3D('',#6974,#6975,#6976);
#6974 = CARTESIAN_POINT('',(-0.32,-10.48,8.54));
#6975 = DIRECTION('',(0.,0.,1.));
#6976 = DIRECTION('',(1.,0.,-0.));
#6977 = ADVANCED_FACE('',(#6978),#6984,.T.);
#6978 = FACE_BOUND('',#6979,.T.);
#6979 = EDGE_LOOP('',(#6980,#6981,#6982,#6983));
#6980 = ORIENTED_EDGE('',*,*,#6134,.F.);
#6981 = ORIENTED_EDGE('',*,*,#6151,.T.);
#6982 = ORIENTED_EDGE('',*,*,#6086,.T.);
#6983 = ORIENTED_EDGE('',*,*,#6110,.F.);
#6984 = PLANE('',#6985);
#6985 = AXIS2_PLACEMENT_3D('',#6986,#6987,#6988);
#6986 = CARTESIAN_POINT('',(-0.32,-7.94,8.54));
#6987 = DIRECTION('',(0.,0.,1.));
#6988 = DIRECTION('',(1.,0.,-0.));
#6989 = ADVANCED_FACE('',(#6990),#6996,.T.);
#6990 = FACE_BOUND('',#6991,.T.);
#6991 = EDGE_LOOP('',(#6992,#6993,#6994,#6995));
#6992 = ORIENTED_EDGE('',*,*,#6247,.F.);
#6993 = ORIENTED_EDGE('',*,*,#6182,.T.);
#6994 = ORIENTED_EDGE('',*,*,#6206,.T.);
#6995 = ORIENTED_EDGE('',*,*,#6230,.F.);
#6996 = PLANE('',#6997);
#6997 = AXIS2_PLACEMENT_3D('',#6998,#6999,#7000);
#6998 = CARTESIAN_POINT('',(-0.32,-18.1,8.54));
#6999 = DIRECTION('',(0.,0.,1.));
#7000 = DIRECTION('',(1.,0.,-0.));
#7001 = ADVANCED_FACE('',(#7002),#7008,.T.);
#7002 = FACE_BOUND('',#7003,.T.);
#7003 = EDGE_LOOP('',(#7004,#7005,#7006,#7007));
#7004 = ORIENTED_EDGE('',*,*,#6326,.F.);
#7005 = ORIENTED_EDGE('',*,*,#6343,.T.);
#7006 = ORIENTED_EDGE('',*,*,#6278,.T.);
#7007 = ORIENTED_EDGE('',*,*,#6302,.F.);
#7008 = PLANE('',#7009);
#7009 = AXIS2_PLACEMENT_3D('',#7010,#7011,#7012);
#7010 = CARTESIAN_POINT('',(-0.32,-15.56,8.54));
#7011 = DIRECTION('',(0.,0.,1.));
#7012 = DIRECTION('',(1.,0.,-0.));
#7013 = ADVANCED_FACE('',(#7014),#7020,.T.);
#7014 = FACE_BOUND('',#7015,.T.);
#7015 = EDGE_LOOP('',(#7016,#7017,#7018,#7019));
#7016 = ORIENTED_EDGE('',*,*,#6422,.F.);
#7017 = ORIENTED_EDGE('',*,*,#6439,.T.);
#7018 = ORIENTED_EDGE('',*,*,#6374,.T.);
#7019 = ORIENTED_EDGE('',*,*,#6398,.F.);
#7020 = PLANE('',#7021);
#7021 = AXIS2_PLACEMENT_3D('',#7022,#7023,#7024);
#7022 = CARTESIAN_POINT('',(-0.32,-23.18,8.54));
#7023 = DIRECTION('',(0.,0.,1.));
#7024 = DIRECTION('',(1.,0.,-0.));
#7025 = ADVANCED_FACE('',(#7026),#7032,.T.);
#7026 = FACE_BOUND('',#7027,.T.);
#7027 = EDGE_LOOP('',(#7028,#7029,#7030,#7031));
#7028 = ORIENTED_EDGE('',*,*,#6535,.F.);
#7029 = ORIENTED_EDGE('',*,*,#6470,.T.);
#7030 = ORIENTED_EDGE('',*,*,#6494,.T.);
#7031 = ORIENTED_EDGE('',*,*,#6518,.F.);
#7032 = PLANE('',#7033);
#7033 = AXIS2_PLACEMENT_3D('',#7034,#7035,#7036);
#7034 = CARTESIAN_POINT('',(-0.32,-20.64,8.54));
#7035 = DIRECTION('',(0.,0.,1.));
#7036 = DIRECTION('',(1.,0.,-0.));
#7037 = ADVANCED_FACE('',(#7038),#7044,.T.);
#7038 = FACE_BOUND('',#7039,.T.);
#7039 = EDGE_LOOP('',(#7040,#7041,#7042,#7043));
#7040 = ORIENTED_EDGE('',*,*,#6631,.F.);
#7041 = ORIENTED_EDGE('',*,*,#6566,.T.);
#7042 = ORIENTED_EDGE('',*,*,#6590,.T.);
#7043 = ORIENTED_EDGE('',*,*,#6614,.F.);
#7044 = PLANE('',#7045);
#7045 = AXIS2_PLACEMENT_3D('',#7046,#7047,#7048);
#7046 = CARTESIAN_POINT('',(-0.32,-0.32,8.54));
#7047 = DIRECTION('',(0.,0.,1.));
#7048 = DIRECTION('',(1.,0.,-0.));
#7049 = ADVANCED_FACE('',(#7050),#7056,.T.);
#7050 = FACE_BOUND('',#7051,.T.);
#7051 = EDGE_LOOP('',(#7052,#7053,#7054,#7055));
#7052 = ORIENTED_EDGE('',*,*,#6710,.F.);
#7053 = ORIENTED_EDGE('',*,*,#6727,.T.);
#7054 = ORIENTED_EDGE('',*,*,#6662,.T.);
#7055 = ORIENTED_EDGE('',*,*,#6686,.F.);
#7056 = PLANE('',#7057);
#7057 = AXIS2_PLACEMENT_3D('',#7058,#7059,#7060);
#7058 = CARTESIAN_POINT('',(-0.32,-2.86,8.54));
#7059 = DIRECTION('',(0.,0.,1.));
#7060 = DIRECTION('',(1.,0.,-0.));
#7061 = ADVANCED_FACE('',(#7062),#7068,.T.);
#7062 = FACE_BOUND('',#7063,.T.);
#7063 = EDGE_LOOP('',(#7064,#7065,#7066,#7067));
#7064 = ORIENTED_EDGE('',*,*,#6806,.F.);
#7065 = ORIENTED_EDGE('',*,*,#6823,.T.);
#7066 = ORIENTED_EDGE('',*,*,#6758,.T.);
#7067 = ORIENTED_EDGE('',*,*,#6782,.F.);
#7068 = PLANE('',#7069);
#7069 = AXIS2_PLACEMENT_3D('',#7070,#7071,#7072);
#7070 = CARTESIAN_POINT('',(-0.32,-5.4,8.54));
#7071 = DIRECTION('',(0.,0.,1.));
#7072 = DIRECTION('',(1.,0.,-0.));
#7073 = ( GEOMETRIC_REPRESENTATION_CONTEXT(3) 
GLOBAL_UNCERTAINTY_ASSIGNED_CONTEXT((#7077)) 
GLOBAL_UNIT_ASSIGNED_CONTEXT((#7074,#7075,#7076)) REPRESENTATION_CONTEXT
('Context #1','3D Context with UNIT and UNCERTAINTY') );
#7074 = ( LENGTH_UNIT() NAMED_UNIT(*) SI_UNIT(.MILLI.,.METRE.) );
#7075 = ( NAMED_UNIT(*) PLANE_ANGLE_UNIT() SI_UNIT($,.RADIAN.) );
#7076 = ( NAMED_UNIT(*) SI_UNIT($,.STERADIAN.) SOLID_ANGLE_UNIT() );
#7077 = UNCERTAINTY_MEASURE_WITH_UNIT(LENGTH_MEASURE(1.E-07),#7074,
  'distance_accuracy_value','confusion accuracy');
#7078 = CONTEXT_DEPENDENT_SHAPE_REPRESENTATION(#7079,#7081);
#7079 = ( REPRESENTATION_RELATIONSHIP('','',#248,#10) 
REPRESENTATION_RELATIONSHIP_WITH_TRANSFORMATION(#7080) 
SHAPE_REPRESENTATION_RELATIONSHIP() );
#7080 = ITEM_DEFINED_TRANSFORMATION('','',#11,#15);
#7081 = PRODUCT_DEFINITION_SHAPE('Placement','Placement of an item',
  #7082);
#7082 = NEXT_ASSEMBLY_USAGE_OCCURRENCE('1321','J2','',#5,#243,$);
#7083 = PRODUCT_RELATED_PRODUCT_CATEGORY('part',$,(#245));
#7084 = CONTEXT_DEPENDENT_SHAPE_REPRESENTATION(#7085,#7087);
#7085 = ( REPRESENTATION_RELATIONSHIP('','',#248,#10) 
REPRESENTATION_RELATIONSHIP_WITH_TRANSFORMATION(#7086) 
SHAPE_REPRESENTATION_RELATIONSHIP() );
#7086 = ITEM_DEFINED_TRANSFORMATION('','',#11,#19);
#7087 = PRODUCT_DEFINITION_SHAPE('Placement','Placement of an item',
  #7088);
#7088 = NEXT_ASSEMBLY_USAGE_OCCURRENCE('1322','J1','',#5,#243,$);
#7089 = SHAPE_DEFINITION_REPRESENTATION(#7090,#7096);
#7090 = PRODUCT_DEFINITION_SHAPE('','',#7091);
#7091 = PRODUCT_DEFINITION('design','',#7092,#7095);
#7092 = PRODUCT_DEFINITION_FORMATION('','',#7093);
#7093 = PRODUCT('R_0805_2012Metric','R_0805_2012Metric','',(#7094));
#7094 = PRODUCT_CONTEXT('',#2,'mechanical');
#7095 = PRODUCT_DEFINITION_CONTEXT('part definition',#2,'design');
#7096 = ADVANCED_BREP_SHAPE_REPRESENTATION('',(#11,#7097),#7887);
#7097 = MANIFOLD_SOLID_BREP('',#7098);
#7098 = CLOSED_SHELL('',(#7099,#7139,#7222,#7247,#7272,#7339,#7356,#7373
    ,#7422,#7439,#7456,#7505,#7522,#7591,#7622,#7646,#7715,#7739,#7756,
    #7773,#7790,#7807,#7824,#7841,#7858,#7875));
#7099 = ADVANCED_FACE('',(#7100),#7134,.F.);
#7100 = FACE_BOUND('',#7101,.F.);
#7101 = EDGE_LOOP('',(#7102,#7112,#7120,#7128));
#7102 = ORIENTED_EDGE('',*,*,#7103,.F.);
#7103 = EDGE_CURVE('',#7104,#7106,#7108,.T.);
#7104 = VERTEX_POINT('',#7105);
#7105 = CARTESIAN_POINT('',(-1.,-0.6,4.5E-02));
#7106 = VERTEX_POINT('',#7107);
#7107 = CARTESIAN_POINT('',(-1.,-0.6,0.405));
#7108 = LINE('',#7109,#7110);
#7109 = CARTESIAN_POINT('',(-1.,-0.6,0.));
#7110 = VECTOR('',#7111,1.);
#7111 = DIRECTION('',(0.,0.,1.));
#7112 = ORIENTED_EDGE('',*,*,#7113,.T.);
#7113 = EDGE_CURVE('',#7104,#7114,#7116,.T.);
#7114 = VERTEX_POINT('',#7115);
#7115 = CARTESIAN_POINT('',(-1.,0.6,4.5E-02));
#7116 = LINE('',#7117,#7118);
#7117 = CARTESIAN_POINT('',(-1.,-0.6,4.5E-02));
#7118 = VECTOR('',#7119,1.);
#7119 = DIRECTION('',(0.,1.,0.));
#7120 = ORIENTED_EDGE('',*,*,#7121,.T.);
#7121 = EDGE_CURVE('',#7114,#7122,#7124,.T.);
#7122 = VERTEX_POINT('',#7123);
#7123 = CARTESIAN_POINT('',(-1.,0.6,0.405));
#7124 = LINE('',#7125,#7126);
#7125 = CARTESIAN_POINT('',(-1.,0.6,0.));
#7126 = VECTOR('',#7127,1.);
#7127 = DIRECTION('',(0.,0.,1.));
#7128 = ORIENTED_EDGE('',*,*,#7129,.F.);
#7129 = EDGE_CURVE('',#7106,#7122,#7130,.T.);
#7130 = LINE('',#7131,#7132);
#7131 = CARTESIAN_POINT('',(-1.,-0.6,0.405));
#7132 = VECTOR('',#7133,1.);
#7133 = DIRECTION('',(0.,1.,0.));
#7134 = PLANE('',#7135);
#7135 = AXIS2_PLACEMENT_3D('',#7136,#7137,#7138);
#7136 = CARTESIAN_POINT('',(-1.,-0.6,0.));
#7137 = DIRECTION('',(1.,0.,0.));
#7138 = DIRECTION('',(0.,0.,1.));
#7139 = ADVANCED_FACE('',(#7140),#7217,.F.);
#7140 = FACE_BOUND('',#7141,.F.);
#7141 = EDGE_LOOP('',(#7142,#7152,#7159,#7160,#7169,#7177,#7186,#7194,
    #7202,#7210));
#7142 = ORIENTED_EDGE('',*,*,#7143,.F.);
#7143 = EDGE_CURVE('',#7144,#7146,#7148,.T.);
#7144 = VERTEX_POINT('',#7145);
#7145 = CARTESIAN_POINT('',(-0.955,-0.6,-2.775557561563E-17));
#7146 = VERTEX_POINT('',#7147);
#7147 = CARTESIAN_POINT('',(-0.745,-0.6,-2.775557561563E-17));
#7148 = LINE('',#7149,#7150);
#7149 = CARTESIAN_POINT('',(-1.,-0.6,0.));
#7150 = VECTOR('',#7151,1.);
#7151 = DIRECTION('',(1.,0.,0.));
#7152 = ORIENTED_EDGE('',*,*,#7153,.F.);
#7153 = EDGE_CURVE('',#7104,#7144,#7154,.T.);
#7154 = CIRCLE('',#7155,4.5E-02);
#7155 = AXIS2_PLACEMENT_3D('',#7156,#7157,#7158);
#7156 = CARTESIAN_POINT('',(-0.955,-0.6,4.5E-02));
#7157 = DIRECTION('',(0.,-1.,0.));
#7158 = DIRECTION('',(0.,0.,1.));
#7159 = ORIENTED_EDGE('',*,*,#7103,.T.);
#7160 = ORIENTED_EDGE('',*,*,#7161,.T.);
#7161 = EDGE_CURVE('',#7106,#7162,#7164,.T.);
#7162 = VERTEX_POINT('',#7163);
#7163 = CARTESIAN_POINT('',(-0.955,-0.6,0.45));
#7164 = CIRCLE('',#7165,4.5E-02);
#7165 = AXIS2_PLACEMENT_3D('',#7166,#7167,#7168);
#7166 = CARTESIAN_POINT('',(-0.955,-0.6,0.405));
#7167 = DIRECTION('',(0.,1.,0.));
#7168 = DIRECTION('',(0.,-0.,1.));
#7169 = ORIENTED_EDGE('',*,*,#7170,.T.);
#7170 = EDGE_CURVE('',#7162,#7171,#7173,.T.);
#7171 = VERTEX_POINT('',#7172);
#7172 = CARTESIAN_POINT('',(-0.745,-0.6,0.45));
#7173 = LINE('',#7174,#7175);
#7174 = CARTESIAN_POINT('',(-1.,-0.6,0.45));
#7175 = VECTOR('',#7176,1.);
#7176 = DIRECTION('',(1.,0.,0.));
#7177 = ORIENTED_EDGE('',*,*,#7178,.F.);
#7178 = EDGE_CURVE('',#7179,#7171,#7181,.T.);
#7179 = VERTEX_POINT('',#7180);
#7180 = CARTESIAN_POINT('',(-0.7,-0.6,0.405));
#7181 = CIRCLE('',#7182,4.5E-02);
#7182 = AXIS2_PLACEMENT_3D('',#7183,#7184,#7185);
#7183 = CARTESIAN_POINT('',(-0.745,-0.6,0.405));
#7184 = DIRECTION('',(0.,-1.,0.));
#7185 = DIRECTION('',(0.,0.,1.));
#7186 = ORIENTED_EDGE('',*,*,#7187,.F.);
#7187 = EDGE_CURVE('',#7188,#7179,#7190,.T.);
#7188 = VERTEX_POINT('',#7189);
#7189 = CARTESIAN_POINT('',(-0.955,-0.6,0.405));
#7190 = LINE('',#7191,#7192);
#7191 = CARTESIAN_POINT('',(-0.955,-0.6,0.405));
#7192 = VECTOR('',#7193,1.);
#7193 = DIRECTION('',(1.,0.,0.));
#7194 = ORIENTED_EDGE('',*,*,#7195,.F.);
#7195 = EDGE_CURVE('',#7196,#7188,#7198,.T.);
#7196 = VERTEX_POINT('',#7197);
#7197 = CARTESIAN_POINT('',(-0.955,-0.6,4.5E-02));
#7198 = LINE('',#7199,#7200);
#7199 = CARTESIAN_POINT('',(-0.955,-0.6,4.5E-02));
#7200 = VECTOR('',#7201,1.);
#7201 = DIRECTION('',(0.,0.,1.));
#7202 = ORIENTED_EDGE('',*,*,#7203,.T.);
#7203 = EDGE_CURVE('',#7196,#7204,#7206,.T.);
#7204 = VERTEX_POINT('',#7205);
#7205 = CARTESIAN_POINT('',(-0.7,-0.6,4.5E-02));
#7206 = LINE('',#7207,#7208);
#7207 = CARTESIAN_POINT('',(-0.955,-0.6,4.5E-02));
#7208 = VECTOR('',#7209,1.);
#7209 = DIRECTION('',(1.,0.,0.));
#7210 = ORIENTED_EDGE('',*,*,#7211,.T.);
#7211 = EDGE_CURVE('',#7204,#7146,#7212,.T.);
#7212 = CIRCLE('',#7213,4.5E-02);
#7213 = AXIS2_PLACEMENT_3D('',#7214,#7215,#7216);
#7214 = CARTESIAN_POINT('',(-0.745,-0.6,4.5E-02));
#7215 = DIRECTION('',(0.,1.,0.));
#7216 = DIRECTION('',(0.,-0.,1.));
#7217 = PLANE('',#7218);
#7218 = AXIS2_PLACEMENT_3D('',#7219,#7220,#7221);
#7219 = CARTESIAN_POINT('',(-1.,-0.6,0.));
#7220 = DIRECTION('',(0.,1.,0.));
#7221 = DIRECTION('',(0.,-0.,1.));
#7222 = ADVANCED_FACE('',(#7223),#7242,.T.);
#7223 = FACE_BOUND('',#7224,.T.);
#7224 = EDGE_LOOP('',(#7225,#7226,#7235,#7241));
#7225 = ORIENTED_EDGE('',*,*,#7113,.T.);
#7226 = ORIENTED_EDGE('',*,*,#7227,.T.);
#7227 = EDGE_CURVE('',#7114,#7228,#7230,.T.);
#7228 = VERTEX_POINT('',#7229);
#7229 = CARTESIAN_POINT('',(-0.955,0.6,-2.775557561563E-17));
#7230 = CIRCLE('',#7231,4.5E-02);
#7231 = AXIS2_PLACEMENT_3D('',#7232,#7233,#7234);
#7232 = CARTESIAN_POINT('',(-0.955,0.6,4.5E-02));
#7233 = DIRECTION('',(0.,-1.,0.));
#7234 = DIRECTION('',(0.,0.,1.));
#7235 = ORIENTED_EDGE('',*,*,#7236,.F.);
#7236 = EDGE_CURVE('',#7144,#7228,#7237,.T.);
#7237 = LINE('',#7238,#7239);
#7238 = CARTESIAN_POINT('',(-0.955,-0.6,-2.775557561563E-17));
#7239 = VECTOR('',#7240,1.);
#7240 = DIRECTION('',(0.,1.,0.));
#7241 = ORIENTED_EDGE('',*,*,#7153,.F.);
#7242 = CYLINDRICAL_SURFACE('',#7243,4.5E-02);
#7243 = AXIS2_PLACEMENT_3D('',#7244,#7245,#7246);
#7244 = CARTESIAN_POINT('',(-0.955,-0.6,4.5E-02));
#7245 = DIRECTION('',(0.,1.,0.));
#7246 = DIRECTION('',(-1.,0.,0.));
#7247 = ADVANCED_FACE('',(#7248),#7267,.T.);
#7248 = FACE_BOUND('',#7249,.T.);
#7249 = EDGE_LOOP('',(#7250,#7251,#7259,#7266));
#7250 = ORIENTED_EDGE('',*,*,#7161,.T.);
#7251 = ORIENTED_EDGE('',*,*,#7252,.T.);
#7252 = EDGE_CURVE('',#7162,#7253,#7255,.T.);
#7253 = VERTEX_POINT('',#7254);
#7254 = CARTESIAN_POINT('',(-0.955,0.6,0.45));
#7255 = LINE('',#7256,#7257);
#7256 = CARTESIAN_POINT('',(-0.955,-0.6,0.45));
#7257 = VECTOR('',#7258,1.);
#7258 = DIRECTION('',(0.,1.,0.));
#7259 = ORIENTED_EDGE('',*,*,#7260,.F.);
#7260 = EDGE_CURVE('',#7122,#7253,#7261,.T.);
#7261 = CIRCLE('',#7262,4.5E-02);
#7262 = AXIS2_PLACEMENT_3D('',#7263,#7264,#7265);
#7263 = CARTESIAN_POINT('',(-0.955,0.6,0.405));
#7264 = DIRECTION('',(0.,1.,0.));
#7265 = DIRECTION('',(0.,-0.,1.));
#7266 = ORIENTED_EDGE('',*,*,#7129,.F.);
#7267 = CYLINDRICAL_SURFACE('',#7268,4.5E-02);
#7268 = AXIS2_PLACEMENT_3D('',#7269,#7270,#7271);
#7269 = CARTESIAN_POINT('',(-0.955,-0.6,0.405));
#7270 = DIRECTION('',(0.,1.,0.));
#7271 = DIRECTION('',(-1.,0.,0.));
#7272 = ADVANCED_FACE('',(#7273),#7334,.T.);
#7273 = FACE_BOUND('',#7274,.T.);
#7274 = EDGE_LOOP('',(#7275,#7283,#7284,#7285,#7286,#7294,#7303,#7311,
    #7319,#7327));
#7275 = ORIENTED_EDGE('',*,*,#7276,.F.);
#7276 = EDGE_CURVE('',#7228,#7277,#7279,.T.);
#7277 = VERTEX_POINT('',#7278);
#7278 = CARTESIAN_POINT('',(-0.745,0.6,-2.775557561563E-17));
#7279 = LINE('',#7280,#7281);
#7280 = CARTESIAN_POINT('',(-1.,0.6,0.));
#7281 = VECTOR('',#7282,1.);
#7282 = DIRECTION('',(1.,0.,0.));
#7283 = ORIENTED_EDGE('',*,*,#7227,.F.);
#7284 = ORIENTED_EDGE('',*,*,#7121,.T.);
#7285 = ORIENTED_EDGE('',*,*,#7260,.T.);
#7286 = ORIENTED_EDGE('',*,*,#7287,.T.);
#7287 = EDGE_CURVE('',#7253,#7288,#7290,.T.);
#7288 = VERTEX_POINT('',#7289);
#7289 = CARTESIAN_POINT('',(-0.745,0.6,0.45));
#7290 = LINE('',#7291,#7292);
#7291 = CARTESIAN_POINT('',(-1.,0.6,0.45));
#7292 = VECTOR('',#7293,1.);
#7293 = DIRECTION('',(1.,0.,0.));
#7294 = ORIENTED_EDGE('',*,*,#7295,.F.);
#7295 = EDGE_CURVE('',#7296,#7288,#7298,.T.);
#7296 = VERTEX_POINT('',#7297);
#7297 = CARTESIAN_POINT('',(-0.7,0.6,0.405));
#7298 = CIRCLE('',#7299,4.5E-02);
#7299 = AXIS2_PLACEMENT_3D('',#7300,#7301,#7302);
#7300 = CARTESIAN_POINT('',(-0.745,0.6,0.405));
#7301 = DIRECTION('',(0.,-1.,0.));
#7302 = DIRECTION('',(0.,0.,1.));
#7303 = ORIENTED_EDGE('',*,*,#7304,.F.);
#7304 = EDGE_CURVE('',#7305,#7296,#7307,.T.);
#7305 = VERTEX_POINT('',#7306);
#7306 = CARTESIAN_POINT('',(-0.955,0.6,0.405));
#7307 = LINE('',#7308,#7309);
#7308 = CARTESIAN_POINT('',(-0.955,0.6,0.405));
#7309 = VECTOR('',#7310,1.);
#7310 = DIRECTION('',(1.,0.,0.));
#7311 = ORIENTED_EDGE('',*,*,#7312,.F.);
#7312 = EDGE_CURVE('',#7313,#7305,#7315,.T.);
#7313 = VERTEX_POINT('',#7314);
#7314 = CARTESIAN_POINT('',(-0.955,0.6,4.5E-02));
#7315 = LINE('',#7316,#7317);
#7316 = CARTESIAN_POINT('',(-0.955,0.6,4.5E-02));
#7317 = VECTOR('',#7318,1.);
#7318 = DIRECTION('',(0.,0.,1.));
#7319 = ORIENTED_EDGE('',*,*,#7320,.T.);
#7320 = EDGE_CURVE('',#7313,#7321,#7323,.T.);
#7321 = VERTEX_POINT('',#7322);
#7322 = CARTESIAN_POINT('',(-0.7,0.6,4.5E-02));
#7323 = LINE('',#7324,#7325);
#7324 = CARTESIAN_POINT('',(-0.955,0.6,4.5E-02));
#7325 = VECTOR('',#7326,1.);
#7326 = DIRECTION('',(1.,0.,0.));
#7327 = ORIENTED_EDGE('',*,*,#7328,.T.);
#7328 = EDGE_CURVE('',#7321,#7277,#7329,.T.);
#7329 = CIRCLE('',#7330,4.5E-02);
#7330 = AXIS2_PLACEMENT_3D('',#7331,#7332,#7333);
#7331 = CARTESIAN_POINT('',(-0.745,0.6,4.5E-02));
#7332 = DIRECTION('',(0.,1.,0.));
#7333 = DIRECTION('',(0.,-0.,1.));
#7334 = PLANE('',#7335);
#7335 = AXIS2_PLACEMENT_3D('',#7336,#7337,#7338);
#7336 = CARTESIAN_POINT('',(-1.,0.6,0.));
#7337 = DIRECTION('',(0.,1.,0.));
#7338 = DIRECTION('',(0.,-0.,1.));
#7339 = ADVANCED_FACE('',(#7340),#7351,.F.);
#7340 = FACE_BOUND('',#7341,.F.);
#7341 = EDGE_LOOP('',(#7342,#7343,#7344,#7345));
#7342 = ORIENTED_EDGE('',*,*,#7276,.F.);
#7343 = ORIENTED_EDGE('',*,*,#7236,.F.);
#7344 = ORIENTED_EDGE('',*,*,#7143,.T.);
#7345 = ORIENTED_EDGE('',*,*,#7346,.T.);
#7346 = EDGE_CURVE('',#7146,#7277,#7347,.T.);
#7347 = LINE('',#7348,#7349);
#7348 = CARTESIAN_POINT('',(-0.745,-0.6,-2.775557561563E-17));
#7349 = VECTOR('',#7350,1.);
#7350 = DIRECTION('',(0.,1.,0.));
#7351 = PLANE('',#7352);
#7352 = AXIS2_PLACEMENT_3D('',#7353,#7354,#7355);
#7353 = CARTESIAN_POINT('',(-1.,-0.6,0.));
#7354 = DIRECTION('',(0.,0.,1.));
#7355 = DIRECTION('',(1.,0.,-0.));
#7356 = ADVANCED_FACE('',(#7357),#7368,.T.);
#7357 = FACE_BOUND('',#7358,.T.);
#7358 = EDGE_LOOP('',(#7359,#7360,#7361,#7362));
#7359 = ORIENTED_EDGE('',*,*,#7211,.T.);
#7360 = ORIENTED_EDGE('',*,*,#7346,.T.);
#7361 = ORIENTED_EDGE('',*,*,#7328,.F.);
#7362 = ORIENTED_EDGE('',*,*,#7363,.F.);
#7363 = EDGE_CURVE('',#7204,#7321,#7364,.T.);
#7364 = LINE('',#7365,#7366);
#7365 = CARTESIAN_POINT('',(-0.7,-0.6,4.5E-02));
#7366 = VECTOR('',#7367,1.);
#7367 = DIRECTION('',(0.,1.,0.));
#7368 = CYLINDRICAL_SURFACE('',#7369,4.5E-02);
#7369 = AXIS2_PLACEMENT_3D('',#7370,#7371,#7372);
#7370 = CARTESIAN_POINT('',(-0.745,-0.6,4.5E-02));
#7371 = DIRECTION('',(0.,1.,0.));
#7372 = DIRECTION('',(1.,0.,0.));
#7373 = ADVANCED_FACE('',(#7374),#7417,.F.);
#7374 = FACE_BOUND('',#7375,.F.);
#7375 = EDGE_LOOP('',(#7376,#7377,#7378,#7379,#7387,#7395,#7403,#7411));
#7376 = ORIENTED_EDGE('',*,*,#7203,.F.);
#7377 = ORIENTED_EDGE('',*,*,#7195,.T.);
#7378 = ORIENTED_EDGE('',*,*,#7187,.T.);
#7379 = ORIENTED_EDGE('',*,*,#7380,.T.);
#7380 = EDGE_CURVE('',#7179,#7381,#7383,.T.);
#7381 = VERTEX_POINT('',#7382);
#7382 = CARTESIAN_POINT('',(0.7,-0.6,0.405));
#7383 = LINE('',#7384,#7385);
#7384 = CARTESIAN_POINT('',(-0.7,-0.6,0.405));
#7385 = VECTOR('',#7386,1.);
#7386 = DIRECTION('',(1.,0.,0.));
#7387 = ORIENTED_EDGE('',*,*,#7388,.T.);
#7388 = EDGE_CURVE('',#7381,#7389,#7391,.T.);
#7389 = VERTEX_POINT('',#7390);
#7390 = CARTESIAN_POINT('',(0.955,-0.6,0.405));
#7391 = LINE('',#7392,#7393);
#7392 = CARTESIAN_POINT('',(-0.955,-0.6,0.405));
#7393 = VECTOR('',#7394,1.);
#7394 = DIRECTION('',(1.,0.,0.));
#7395 = ORIENTED_EDGE('',*,*,#7396,.F.);
#7396 = EDGE_CURVE('',#7397,#7389,#7399,.T.);
#7397 = VERTEX_POINT('',#7398);
#7398 = CARTESIAN_POINT('',(0.955,-0.6,4.5E-02));
#7399 = LINE('',#7400,#7401);
#7400 = CARTESIAN_POINT('',(0.955,-0.6,4.5E-02));
#7401 = VECTOR('',#7402,1.);
#7402 = DIRECTION('',(0.,0.,1.));
#7403 = ORIENTED_EDGE('',*,*,#7404,.F.);
#7404 = EDGE_CURVE('',#7405,#7397,#7407,.T.);
#7405 = VERTEX_POINT('',#7406);
#7406 = CARTESIAN_POINT('',(0.7,-0.6,4.5E-02));
#7407 = LINE('',#7408,#7409);
#7408 = CARTESIAN_POINT('',(-0.955,-0.6,4.5E-02));
#7409 = VECTOR('',#7410,1.);
#7410 = DIRECTION('',(1.,0.,0.));
#7411 = ORIENTED_EDGE('',*,*,#7412,.F.);
#7412 = EDGE_CURVE('',#7204,#7405,#7413,.T.);
#7413 = LINE('',#7414,#7415);
#7414 = CARTESIAN_POINT('',(-0.955,-0.6,4.5E-02));
#7415 = VECTOR('',#7416,1.);
#7416 = DIRECTION('',(1.,0.,0.));
#7417 = PLANE('',#7418);
#7418 = AXIS2_PLACEMENT_3D('',#7419,#7420,#7421);
#7419 = CARTESIAN_POINT('',(-0.955,-0.6,4.5E-02));
#7420 = DIRECTION('',(0.,1.,0.));
#7421 = DIRECTION('',(0.,-0.,1.));
#7422 = ADVANCED_FACE('',(#7423),#7434,.T.);
#7423 = FACE_BOUND('',#7424,.T.);
#7424 = EDGE_LOOP('',(#7425,#7426,#7427,#7428));
#7425 = ORIENTED_EDGE('',*,*,#7287,.F.);
#7426 = ORIENTED_EDGE('',*,*,#7252,.F.);
#7427 = ORIENTED_EDGE('',*,*,#7170,.T.);
#7428 = ORIENTED_EDGE('',*,*,#7429,.T.);
#7429 = EDGE_CURVE('',#7171,#7288,#7430,.T.);
#7430 = LINE('',#7431,#7432);
#7431 = CARTESIAN_POINT('',(-0.745,-0.6,0.45));
#7432 = VECTOR('',#7433,1.);
#7433 = DIRECTION('',(0.,1.,0.));
#7434 = PLANE('',#7435);
#7435 = AXIS2_PLACEMENT_3D('',#7436,#7437,#7438);
#7436 = CARTESIAN_POINT('',(-1.,-0.6,0.45));
#7437 = DIRECTION('',(0.,0.,1.));
#7438 = DIRECTION('',(1.,0.,-0.));
#7439 = ADVANCED_FACE('',(#7440),#7451,.T.);
#7440 = FACE_BOUND('',#7441,.T.);
#7441 = EDGE_LOOP('',(#7442,#7448,#7449,#7450));
#7442 = ORIENTED_EDGE('',*,*,#7443,.T.);
#7443 = EDGE_CURVE('',#7179,#7296,#7444,.T.);
#7444 = LINE('',#7445,#7446);
#7445 = CARTESIAN_POINT('',(-0.7,-0.6,0.405));
#7446 = VECTOR('',#7447,1.);
#7447 = DIRECTION('',(0.,1.,0.));
#7448 = ORIENTED_EDGE('',*,*,#7295,.T.);
#7449 = ORIENTED_EDGE('',*,*,#7429,.F.);
#7450 = ORIENTED_EDGE('',*,*,#7178,.F.);
#7451 = CYLINDRICAL_SURFACE('',#7452,4.5E-02);
#7452 = AXIS2_PLACEMENT_3D('',#7453,#7454,#7455);
#7453 = CARTESIAN_POINT('',(-0.745,-0.6,0.405));
#7454 = DIRECTION('',(0.,1.,0.));
#7455 = DIRECTION('',(1.,0.,0.));
#7456 = ADVANCED_FACE('',(#7457),#7500,.T.);
#7457 = FACE_BOUND('',#7458,.T.);
#7458 = EDGE_LOOP('',(#7459,#7460,#7461,#7462,#7470,#7478,#7486,#7494));
#7459 = ORIENTED_EDGE('',*,*,#7320,.F.);
#7460 = ORIENTED_EDGE('',*,*,#7312,.T.);
#7461 = ORIENTED_EDGE('',*,*,#7304,.T.);
#7462 = ORIENTED_EDGE('',*,*,#7463,.T.);
#7463 = EDGE_CURVE('',#7296,#7464,#7466,.T.);
#7464 = VERTEX_POINT('',#7465);
#7465 = CARTESIAN_POINT('',(0.7,0.6,0.405));
#7466 = LINE('',#7467,#7468);
#7467 = CARTESIAN_POINT('',(-0.7,0.6,0.405));
#7468 = VECTOR('',#7469,1.);
#7469 = DIRECTION('',(1.,0.,0.));
#7470 = ORIENTED_EDGE('',*,*,#7471,.T.);
#7471 = EDGE_CURVE('',#7464,#7472,#7474,.T.);
#7472 = VERTEX_POINT('',#7473);
#7473 = CARTESIAN_POINT('',(0.955,0.6,0.405));
#7474 = LINE('',#7475,#7476);
#7475 = CARTESIAN_POINT('',(-0.955,0.6,0.405));
#7476 = VECTOR('',#7477,1.);
#7477 = DIRECTION('',(1.,0.,0.));
#7478 = ORIENTED_EDGE('',*,*,#7479,.F.);
#7479 = EDGE_CURVE('',#7480,#7472,#7482,.T.);
#7480 = VERTEX_POINT('',#7481);
#7481 = CARTESIAN_POINT('',(0.955,0.6,4.5E-02));
#7482 = LINE('',#7483,#7484);
#7483 = CARTESIAN_POINT('',(0.955,0.6,4.5E-02));
#7484 = VECTOR('',#7485,1.);
#7485 = DIRECTION('',(0.,0.,1.));
#7486 = ORIENTED_EDGE('',*,*,#7487,.F.);
#7487 = EDGE_CURVE('',#7488,#7480,#7490,.T.);
#7488 = VERTEX_POINT('',#7489);
#7489 = CARTESIAN_POINT('',(0.7,0.6,4.5E-02));
#7490 = LINE('',#7491,#7492);
#7491 = CARTESIAN_POINT('',(-0.955,0.6,4.5E-02));
#7492 = VECTOR('',#7493,1.);
#7493 = DIRECTION('',(1.,0.,0.));
#7494 = ORIENTED_EDGE('',*,*,#7495,.F.);
#7495 = EDGE_CURVE('',#7321,#7488,#7496,.T.);
#7496 = LINE('',#7497,#7498);
#7497 = CARTESIAN_POINT('',(-0.955,0.6,4.5E-02));
#7498 = VECTOR('',#7499,1.);
#7499 = DIRECTION('',(1.,0.,0.));
#7500 = PLANE('',#7501);
#7501 = AXIS2_PLACEMENT_3D('',#7502,#7503,#7504);
#7502 = CARTESIAN_POINT('',(-0.955,0.6,4.5E-02));
#7503 = DIRECTION('',(0.,1.,0.));
#7504 = DIRECTION('',(0.,-0.,1.));
#7505 = ADVANCED_FACE('',(#7506),#7517,.F.);
#7506 = FACE_BOUND('',#7507,.F.);
#7507 = EDGE_LOOP('',(#7508,#7509,#7510,#7516));
#7508 = ORIENTED_EDGE('',*,*,#7363,.F.);
#7509 = ORIENTED_EDGE('',*,*,#7412,.T.);
#7510 = ORIENTED_EDGE('',*,*,#7511,.T.);
#7511 = EDGE_CURVE('',#7405,#7488,#7512,.T.);
#7512 = LINE('',#7513,#7514);
#7513 = CARTESIAN_POINT('',(0.7,-0.6,4.5E-02));
#7514 = VECTOR('',#7515,1.);
#7515 = DIRECTION('',(0.,1.,0.));
#7516 = ORIENTED_EDGE('',*,*,#7495,.F.);
#7517 = PLANE('',#7518);
#7518 = AXIS2_PLACEMENT_3D('',#7519,#7520,#7521);
#7519 = CARTESIAN_POINT('',(-0.955,-0.6,4.5E-02));
#7520 = DIRECTION('',(0.,0.,1.));
#7521 = DIRECTION('',(1.,0.,-0.));
#7522 = ADVANCED_FACE('',(#7523),#7586,.F.);
#7523 = FACE_BOUND('',#7524,.F.);
#7524 = EDGE_LOOP('',(#7525,#7535,#7542,#7543,#7544,#7545,#7554,#7562,
    #7571,#7579));
#7525 = ORIENTED_EDGE('',*,*,#7526,.F.);
#7526 = EDGE_CURVE('',#7527,#7529,#7531,.T.);
#7527 = VERTEX_POINT('',#7528);
#7528 = CARTESIAN_POINT('',(0.745,-0.6,-2.775557561563E-17));
#7529 = VERTEX_POINT('',#7530);
#7530 = CARTESIAN_POINT('',(0.955,-0.6,-2.775557561563E-17));
#7531 = LINE('',#7532,#7533);
#7532 = CARTESIAN_POINT('',(0.7,-0.6,0.));
#7533 = VECTOR('',#7534,1.);
#7534 = DIRECTION('',(1.,0.,0.));
#7535 = ORIENTED_EDGE('',*,*,#7536,.F.);
#7536 = EDGE_CURVE('',#7405,#7527,#7537,.T.);
#7537 = CIRCLE('',#7538,4.5E-02);
#7538 = AXIS2_PLACEMENT_3D('',#7539,#7540,#7541);
#7539 = CARTESIAN_POINT('',(0.745,-0.6,4.5E-02));
#7540 = DIRECTION('',(0.,-1.,0.));
#7541 = DIRECTION('',(0.,0.,1.));
#7542 = ORIENTED_EDGE('',*,*,#7404,.T.);
#7543 = ORIENTED_EDGE('',*,*,#7396,.T.);
#7544 = ORIENTED_EDGE('',*,*,#7388,.F.);
#7545 = ORIENTED_EDGE('',*,*,#7546,.T.);
#7546 = EDGE_CURVE('',#7381,#7547,#7549,.T.);
#7547 = VERTEX_POINT('',#7548);
#7548 = CARTESIAN_POINT('',(0.745,-0.6,0.45));
#7549 = CIRCLE('',#7550,4.5E-02);
#7550 = AXIS2_PLACEMENT_3D('',#7551,#7552,#7553);
#7551 = CARTESIAN_POINT('',(0.745,-0.6,0.405));
#7552 = DIRECTION('',(0.,1.,0.));
#7553 = DIRECTION('',(0.,-0.,1.));
#7554 = ORIENTED_EDGE('',*,*,#7555,.T.);
#7555 = EDGE_CURVE('',#7547,#7556,#7558,.T.);
#7556 = VERTEX_POINT('',#7557);
#7557 = CARTESIAN_POINT('',(0.955,-0.6,0.45));
#7558 = LINE('',#7559,#7560);
#7559 = CARTESIAN_POINT('',(0.7,-0.6,0.45));
#7560 = VECTOR('',#7561,1.);
#7561 = DIRECTION('',(1.,0.,0.));
#7562 = ORIENTED_EDGE('',*,*,#7563,.F.);
#7563 = EDGE_CURVE('',#7564,#7556,#7566,.T.);
#7564 = VERTEX_POINT('',#7565);
#7565 = CARTESIAN_POINT('',(1.,-0.6,0.405));
#7566 = CIRCLE('',#7567,4.5E-02);
#7567 = AXIS2_PLACEMENT_3D('',#7568,#7569,#7570);
#7568 = CARTESIAN_POINT('',(0.955,-0.6,0.405));
#7569 = DIRECTION('',(0.,-1.,0.));
#7570 = DIRECTION('',(0.,0.,1.));
#7571 = ORIENTED_EDGE('',*,*,#7572,.F.);
#7572 = EDGE_CURVE('',#7573,#7564,#7575,.T.);
#7573 = VERTEX_POINT('',#7574);
#7574 = CARTESIAN_POINT('',(1.,-0.6,4.5E-02));
#7575 = LINE('',#7576,#7577);
#7576 = CARTESIAN_POINT('',(1.,-0.6,0.));
#7577 = VECTOR('',#7578,1.);
#7578 = DIRECTION('',(0.,0.,1.));
#7579 = ORIENTED_EDGE('',*,*,#7580,.T.);
#7580 = EDGE_CURVE('',#7573,#7529,#7581,.T.);
#7581 = CIRCLE('',#7582,4.5E-02);
#7582 = AXIS2_PLACEMENT_3D('',#7583,#7584,#7585);
#7583 = CARTESIAN_POINT('',(0.955,-0.6,4.5E-02));
#7584 = DIRECTION('',(0.,1.,0.));
#7585 = DIRECTION('',(0.,-0.,1.));
#7586 = PLANE('',#7587);
#7587 = AXIS2_PLACEMENT_3D('',#7588,#7589,#7590);
#7588 = CARTESIAN_POINT('',(0.7,-0.6,0.));
#7589 = DIRECTION('',(0.,1.,0.));
#7590 = DIRECTION('',(0.,-0.,1.));
#7591 = ADVANCED_FACE('',(#7592),#7617,.F.);
#7592 = FACE_BOUND('',#7593,.F.);
#7593 = EDGE_LOOP('',(#7594,#7595,#7603,#7611));
#7594 = ORIENTED_EDGE('',*,*,#7380,.F.);
#7595 = ORIENTED_EDGE('',*,*,#7596,.T.);
#7596 = EDGE_CURVE('',#7179,#7597,#7599,.T.);
#7597 = VERTEX_POINT('',#7598);
#7598 = CARTESIAN_POINT('',(-0.7,-0.6,0.45));
#7599 = LINE('',#7600,#7601);
#7600 = CARTESIAN_POINT('',(-0.7,-0.6,0.405));
#7601 = VECTOR('',#7602,1.);
#7602 = DIRECTION('',(0.,0.,1.));
#7603 = ORIENTED_EDGE('',*,*,#7604,.T.);
#7604 = EDGE_CURVE('',#7597,#7605,#7607,.T.);
#7605 = VERTEX_POINT('',#7606);
#7606 = CARTESIAN_POINT('',(0.7,-0.6,0.45));
#7607 = LINE('',#7608,#7609);
#7608 = CARTESIAN_POINT('',(-0.7,-0.6,0.45));
#7609 = VECTOR('',#7610,1.);
#7610 = DIRECTION('',(1.,0.,0.));
#7611 = ORIENTED_EDGE('',*,*,#7612,.F.);
#7612 = EDGE_CURVE('',#7381,#7605,#7613,.T.);
#7613 = LINE('',#7614,#7615);
#7614 = CARTESIAN_POINT('',(0.7,-0.6,0.405));
#7615 = VECTOR('',#7616,1.);
#7616 = DIRECTION('',(0.,0.,1.));
#7617 = PLANE('',#7618);
#7618 = AXIS2_PLACEMENT_3D('',#7619,#7620,#7621);
#7619 = CARTESIAN_POINT('',(-0.7,-0.6,0.405));
#7620 = DIRECTION('',(0.,1.,0.));
#7621 = DIRECTION('',(0.,-0.,1.));
#7622 = ADVANCED_FACE('',(#7623),#7641,.F.);
#7623 = FACE_BOUND('',#7624,.F.);
#7624 = EDGE_LOOP('',(#7625,#7626,#7627,#7635));
#7625 = ORIENTED_EDGE('',*,*,#7596,.F.);
#7626 = ORIENTED_EDGE('',*,*,#7443,.T.);
#7627 = ORIENTED_EDGE('',*,*,#7628,.T.);
#7628 = EDGE_CURVE('',#7296,#7629,#7631,.T.);
#7629 = VERTEX_POINT('',#7630);
#7630 = CARTESIAN_POINT('',(-0.7,0.6,0.45));
#7631 = LINE('',#7632,#7633);
#7632 = CARTESIAN_POINT('',(-0.7,0.6,0.405));
#7633 = VECTOR('',#7634,1.);
#7634 = DIRECTION('',(0.,0.,1.));
#7635 = ORIENTED_EDGE('',*,*,#7636,.F.);
#7636 = EDGE_CURVE('',#7597,#7629,#7637,.T.);
#7637 = LINE('',#7638,#7639);
#7638 = CARTESIAN_POINT('',(-0.7,-0.6,0.45));
#7639 = VECTOR('',#7640,1.);
#7640 = DIRECTION('',(0.,1.,0.));
#7641 = PLANE('',#7642);
#7642 = AXIS2_PLACEMENT_3D('',#7643,#7644,#7645);
#7643 = CARTESIAN_POINT('',(-0.7,-0.6,0.405));
#7644 = DIRECTION('',(1.,0.,0.));
#7645 = DIRECTION('',(0.,0.,1.));
#7646 = ADVANCED_FACE('',(#7647),#7710,.T.);
#7647 = FACE_BOUND('',#7648,.T.);
#7648 = EDGE_LOOP('',(#7649,#7659,#7666,#7667,#7668,#7669,#7678,#7686,
    #7695,#7703));
#7649 = ORIENTED_EDGE('',*,*,#7650,.F.);
#7650 = EDGE_CURVE('',#7651,#7653,#7655,.T.);
#7651 = VERTEX_POINT('',#7652);
#7652 = CARTESIAN_POINT('',(0.745,0.6,-2.775557561563E-17));
#7653 = VERTEX_POINT('',#7654);
#7654 = CARTESIAN_POINT('',(0.955,0.6,-2.775557561563E-17));
#7655 = LINE('',#7656,#7657);
#7656 = CARTESIAN_POINT('',(0.7,0.6,0.));
#7657 = VECTOR('',#7658,1.);
#7658 = DIRECTION('',(1.,0.,0.));
#7659 = ORIENTED_EDGE('',*,*,#7660,.F.);
#7660 = EDGE_CURVE('',#7488,#7651,#7661,.T.);
#7661 = CIRCLE('',#7662,4.5E-02);
#7662 = AXIS2_PLACEMENT_3D('',#7663,#7664,#7665);
#7663 = CARTESIAN_POINT('',(0.745,0.6,4.5E-02));
#7664 = DIRECTION('',(0.,-1.,0.));
#7665 = DIRECTION('',(0.,0.,1.));
#7666 = ORIENTED_EDGE('',*,*,#7487,.T.);
#7667 = ORIENTED_EDGE('',*,*,#7479,.T.);
#7668 = ORIENTED_EDGE('',*,*,#7471,.F.);
#7669 = ORIENTED_EDGE('',*,*,#7670,.T.);
#7670 = EDGE_CURVE('',#7464,#7671,#7673,.T.);
#7671 = VERTEX_POINT('',#7672);
#7672 = CARTESIAN_POINT('',(0.745,0.6,0.45));
#7673 = CIRCLE('',#7674,4.5E-02);
#7674 = AXIS2_PLACEMENT_3D('',#7675,#7676,#7677);
#7675 = CARTESIAN_POINT('',(0.745,0.6,0.405));
#7676 = DIRECTION('',(0.,1.,0.));
#7677 = DIRECTION('',(0.,-0.,1.));
#7678 = ORIENTED_EDGE('',*,*,#7679,.T.);
#7679 = EDGE_CURVE('',#7671,#7680,#7682,.T.);
#7680 = VERTEX_POINT('',#7681);
#7681 = CARTESIAN_POINT('',(0.955,0.6,0.45));
#7682 = LINE('',#7683,#7684);
#7683 = CARTESIAN_POINT('',(0.7,0.6,0.45));
#7684 = VECTOR('',#7685,1.);
#7685 = DIRECTION('',(1.,0.,0.));
#7686 = ORIENTED_EDGE('',*,*,#7687,.F.);
#7687 = EDGE_CURVE('',#7688,#7680,#7690,.T.);
#7688 = VERTEX_POINT('',#7689);
#7689 = CARTESIAN_POINT('',(1.,0.6,0.405));
#7690 = CIRCLE('',#7691,4.5E-02);
#7691 = AXIS2_PLACEMENT_3D('',#7692,#7693,#7694);
#7692 = CARTESIAN_POINT('',(0.955,0.6,0.405));
#7693 = DIRECTION('',(0.,-1.,0.));
#7694 = DIRECTION('',(0.,0.,1.));
#7695 = ORIENTED_EDGE('',*,*,#7696,.F.);
#7696 = EDGE_CURVE('',#7697,#7688,#7699,.T.);
#7697 = VERTEX_POINT('',#7698);
#7698 = CARTESIAN_POINT('',(1.,0.6,4.5E-02));
#7699 = LINE('',#7700,#7701);
#7700 = CARTESIAN_POINT('',(1.,0.6,0.));
#7701 = VECTOR('',#7702,1.);
#7702 = DIRECTION('',(0.,0.,1.));
#7703 = ORIENTED_EDGE('',*,*,#7704,.T.);
#7704 = EDGE_CURVE('',#7697,#7653,#7705,.T.);
#7705 = CIRCLE('',#7706,4.5E-02);
#7706 = AXIS2_PLACEMENT_3D('',#7707,#7708,#7709);
#7707 = CARTESIAN_POINT('',(0.955,0.6,4.5E-02));
#7708 = DIRECTION('',(0.,1.,0.));
#7709 = DIRECTION('',(0.,-0.,1.));
#7710 = PLANE('',#7711);
#7711 = AXIS2_PLACEMENT_3D('',#7712,#7713,#7714);
#7712 = CARTESIAN_POINT('',(0.7,0.6,0.));
#7713 = DIRECTION('',(0.,1.,0.));
#7714 = DIRECTION('',(0.,-0.,1.));
#7715 = ADVANCED_FACE('',(#7716),#7734,.T.);
#7716 = FACE_BOUND('',#7717,.T.);
#7717 = EDGE_LOOP('',(#7718,#7719,#7720,#7728));
#7718 = ORIENTED_EDGE('',*,*,#7463,.F.);
#7719 = ORIENTED_EDGE('',*,*,#7628,.T.);
#7720 = ORIENTED_EDGE('',*,*,#7721,.T.);
#7721 = EDGE_CURVE('',#7629,#7722,#7724,.T.);
#7722 = VERTEX_POINT('',#7723);
#7723 = CARTESIAN_POINT('',(0.7,0.6,0.45));
#7724 = LINE('',#7725,#7726);
#7725 = CARTESIAN_POINT('',(-0.7,0.6,0.45));
#7726 = VECTOR('',#7727,1.);
#7727 = DIRECTION('',(1.,0.,0.));
#7728 = ORIENTED_EDGE('',*,*,#7729,.F.);
#7729 = EDGE_CURVE('',#7464,#7722,#7730,.T.);
#7730 = LINE('',#7731,#7732);
#7731 = CARTESIAN_POINT('',(0.7,0.6,0.405));
#7732 = VECTOR('',#7733,1.);
#7733 = DIRECTION('',(0.,0.,1.));
#7734 = PLANE('',#7735);
#7735 = AXIS2_PLACEMENT_3D('',#7736,#7737,#7738);
#7736 = CARTESIAN_POINT('',(-0.7,0.6,0.405));
#7737 = DIRECTION('',(0.,1.,0.));
#7738 = DIRECTION('',(0.,-0.,1.));
#7739 = ADVANCED_FACE('',(#7740),#7751,.T.);
#7740 = FACE_BOUND('',#7741,.T.);
#7741 = EDGE_LOOP('',(#7742,#7743,#7744,#7750));
#7742 = ORIENTED_EDGE('',*,*,#7511,.T.);
#7743 = ORIENTED_EDGE('',*,*,#7660,.T.);
#7744 = ORIENTED_EDGE('',*,*,#7745,.F.);
#7745 = EDGE_CURVE('',#7527,#7651,#7746,.T.);
#7746 = LINE('',#7747,#7748);
#7747 = CARTESIAN_POINT('',(0.745,-0.6,-2.775557561563E-17));
#7748 = VECTOR('',#7749,1.);
#7749 = DIRECTION('',(0.,1.,0.));
#7750 = ORIENTED_EDGE('',*,*,#7536,.F.);
#7751 = CYLINDRICAL_SURFACE('',#7752,4.5E-02);
#7752 = AXIS2_PLACEMENT_3D('',#7753,#7754,#7755);
#7753 = CARTESIAN_POINT('',(0.745,-0.6,4.5E-02));
#7754 = DIRECTION('',(0.,1.,0.));
#7755 = DIRECTION('',(-1.,0.,0.));
#7756 = ADVANCED_FACE('',(#7757),#7768,.F.);
#7757 = FACE_BOUND('',#7758,.F.);
#7758 = EDGE_LOOP('',(#7759,#7760,#7761,#7762));
#7759 = ORIENTED_EDGE('',*,*,#7650,.F.);
#7760 = ORIENTED_EDGE('',*,*,#7745,.F.);
#7761 = ORIENTED_EDGE('',*,*,#7526,.T.);
#7762 = ORIENTED_EDGE('',*,*,#7763,.T.);
#7763 = EDGE_CURVE('',#7529,#7653,#7764,.T.);
#7764 = LINE('',#7765,#7766);
#7765 = CARTESIAN_POINT('',(0.955,-0.6,-2.775557561563E-17));
#7766 = VECTOR('',#7767,1.);
#7767 = DIRECTION('',(0.,1.,0.));
#7768 = PLANE('',#7769);
#7769 = AXIS2_PLACEMENT_3D('',#7770,#7771,#7772);
#7770 = CARTESIAN_POINT('',(0.7,-0.6,0.));
#7771 = DIRECTION('',(0.,0.,1.));
#7772 = DIRECTION('',(1.,0.,-0.));
#7773 = ADVANCED_FACE('',(#7774),#7785,.T.);
#7774 = FACE_BOUND('',#7775,.T.);
#7775 = EDGE_LOOP('',(#7776,#7777,#7778,#7779));
#7776 = ORIENTED_EDGE('',*,*,#7580,.T.);
#7777 = ORIENTED_EDGE('',*,*,#7763,.T.);
#7778 = ORIENTED_EDGE('',*,*,#7704,.F.);
#7779 = ORIENTED_EDGE('',*,*,#7780,.F.);
#7780 = EDGE_CURVE('',#7573,#7697,#7781,.T.);
#7781 = LINE('',#7782,#7783);
#7782 = CARTESIAN_POINT('',(1.,-0.6,4.5E-02));
#7783 = VECTOR('',#7784,1.);
#7784 = DIRECTION('',(0.,1.,0.));
#7785 = CYLINDRICAL_SURFACE('',#7786,4.5E-02);
#7786 = AXIS2_PLACEMENT_3D('',#7787,#7788,#7789);
#7787 = CARTESIAN_POINT('',(0.955,-0.6,4.5E-02));
#7788 = DIRECTION('',(0.,1.,0.));
#7789 = DIRECTION('',(1.,0.,0.));
#7790 = ADVANCED_FACE('',(#7791),#7802,.T.);
#7791 = FACE_BOUND('',#7792,.T.);
#7792 = EDGE_LOOP('',(#7793,#7794,#7795,#7796));
#7793 = ORIENTED_EDGE('',*,*,#7572,.F.);
#7794 = ORIENTED_EDGE('',*,*,#7780,.T.);
#7795 = ORIENTED_EDGE('',*,*,#7696,.T.);
#7796 = ORIENTED_EDGE('',*,*,#7797,.F.);
#7797 = EDGE_CURVE('',#7564,#7688,#7798,.T.);
#7798 = LINE('',#7799,#7800);
#7799 = CARTESIAN_POINT('',(1.,-0.6,0.405));
#7800 = VECTOR('',#7801,1.);
#7801 = DIRECTION('',(0.,1.,0.));
#7802 = PLANE('',#7803);
#7803 = AXIS2_PLACEMENT_3D('',#7804,#7805,#7806);
#7804 = CARTESIAN_POINT('',(1.,-0.6,0.));
#7805 = DIRECTION('',(1.,0.,0.));
#7806 = DIRECTION('',(0.,0.,1.));
#7807 = ADVANCED_FACE('',(#7808),#7819,.T.);
#7808 = FACE_BOUND('',#7809,.T.);
#7809 = EDGE_LOOP('',(#7810,#7811,#7812,#7818));
#7810 = ORIENTED_EDGE('',*,*,#7797,.T.);
#7811 = ORIENTED_EDGE('',*,*,#7687,.T.);
#7812 = ORIENTED_EDGE('',*,*,#7813,.F.);
#7813 = EDGE_CURVE('',#7556,#7680,#7814,.T.);
#7814 = LINE('',#7815,#7816);
#7815 = CARTESIAN_POINT('',(0.955,-0.6,0.45));
#7816 = VECTOR('',#7817,1.);
#7817 = DIRECTION('',(0.,1.,0.));
#7818 = ORIENTED_EDGE('',*,*,#7563,.F.);
#7819 = CYLINDRICAL_SURFACE('',#7820,4.5E-02);
#7820 = AXIS2_PLACEMENT_3D('',#7821,#7822,#7823);
#7821 = CARTESIAN_POINT('',(0.955,-0.6,0.405));
#7822 = DIRECTION('',(0.,1.,0.));
#7823 = DIRECTION('',(1.,0.,0.));
#7824 = ADVANCED_FACE('',(#7825),#7836,.T.);
#7825 = FACE_BOUND('',#7826,.T.);
#7826 = EDGE_LOOP('',(#7827,#7828,#7834,#7835));
#7827 = ORIENTED_EDGE('',*,*,#7679,.F.);
#7828 = ORIENTED_EDGE('',*,*,#7829,.F.);
#7829 = EDGE_CURVE('',#7547,#7671,#7830,.T.);
#7830 = LINE('',#7831,#7832);
#7831 = CARTESIAN_POINT('',(0.745,-0.6,0.45));
#7832 = VECTOR('',#7833,1.);
#7833 = DIRECTION('',(0.,1.,0.));
#7834 = ORIENTED_EDGE('',*,*,#7555,.T.);
#7835 = ORIENTED_EDGE('',*,*,#7813,.T.);
#7836 = PLANE('',#7837);
#7837 = AXIS2_PLACEMENT_3D('',#7838,#7839,#7840);
#7838 = CARTESIAN_POINT('',(0.7,-0.6,0.45));
#7839 = DIRECTION('',(0.,0.,1.));
#7840 = DIRECTION('',(1.,0.,-0.));
#7841 = ADVANCED_FACE('',(#7842),#7853,.T.);
#7842 = FACE_BOUND('',#7843,.T.);
#7843 = EDGE_LOOP('',(#7844,#7845,#7846,#7847));
#7844 = ORIENTED_EDGE('',*,*,#7546,.T.);
#7845 = ORIENTED_EDGE('',*,*,#7829,.T.);
#7846 = ORIENTED_EDGE('',*,*,#7670,.F.);
#7847 = ORIENTED_EDGE('',*,*,#7848,.F.);
#7848 = EDGE_CURVE('',#7381,#7464,#7849,.T.);
#7849 = LINE('',#7850,#7851);
#7850 = CARTESIAN_POINT('',(0.7,-0.6,0.405));
#7851 = VECTOR('',#7852,1.);
#7852 = DIRECTION('',(0.,1.,0.));
#7853 = CYLINDRICAL_SURFACE('',#7854,4.5E-02);
#7854 = AXIS2_PLACEMENT_3D('',#7855,#7856,#7857);
#7855 = CARTESIAN_POINT('',(0.745,-0.6,0.405));
#7856 = DIRECTION('',(0.,1.,0.));
#7857 = DIRECTION('',(-1.,0.,0.));
#7858 = ADVANCED_FACE('',(#7859),#7870,.T.);
#7859 = FACE_BOUND('',#7860,.T.);
#7860 = EDGE_LOOP('',(#7861,#7862,#7863,#7864));
#7861 = ORIENTED_EDGE('',*,*,#7612,.F.);
#7862 = ORIENTED_EDGE('',*,*,#7848,.T.);
#7863 = ORIENTED_EDGE('',*,*,#7729,.T.);
#7864 = ORIENTED_EDGE('',*,*,#7865,.F.);
#7865 = EDGE_CURVE('',#7605,#7722,#7866,.T.);
#7866 = LINE('',#7867,#7868);
#7867 = CARTESIAN_POINT('',(0.7,-0.6,0.45));
#7868 = VECTOR('',#7869,1.);
#7869 = DIRECTION('',(0.,1.,0.));
#7870 = PLANE('',#7871);
#7871 = AXIS2_PLACEMENT_3D('',#7872,#7873,#7874);
#7872 = CARTESIAN_POINT('',(0.7,-0.6,0.405));
#7873 = DIRECTION('',(1.,0.,0.));
#7874 = DIRECTION('',(0.,0.,1.));
#7875 = ADVANCED_FACE('',(#7876),#7882,.T.);
#7876 = FACE_BOUND('',#7877,.T.);
#7877 = EDGE_LOOP('',(#7878,#7879,#7880,#7881));
#7878 = ORIENTED_EDGE('',*,*,#7636,.F.);
#7879 = ORIENTED_EDGE('',*,*,#7604,.T.);
#7880 = ORIENTED_EDGE('',*,*,#7865,.T.);
#7881 = ORIENTED_EDGE('',*,*,#7721,.F.);
#7882 = PLANE('',#7883);
#7883 = AXIS2_PLACEMENT_3D('',#7884,#7885,#7886);
#7884 = CARTESIAN_POINT('',(-0.7,-0.6,0.45));
#7885 = DIRECTION('',(0.,0.,1.));
#7886 = DIRECTION('',(1.,0.,-0.));
#7887 = ( GEOMETRIC_REPRESENTATION_CONTEXT(3) 
GLOBAL_UNCERTAINTY_ASSIGNED_CONTEXT((#7891)) 
GLOBAL_UNIT_ASSIGNED_CONTEXT((#7888,#7889,#7890)) REPRESENTATION_CONTEXT
('Context #1','3D Context with UNIT and UNCERTAINTY') );
#7888 = ( LENGTH_UNIT() NAMED_UNIT(*) SI_UNIT(.MILLI.,.METRE.) );
#7889 = ( NAMED_UNIT(*) PLANE_ANGLE_UNIT() SI_UNIT($,.RADIAN.) );
#7890 = ( NAMED_UNIT(*) SI_UNIT($,.STERADIAN.) SOLID_ANGLE_UNIT() );
#7891 = UNCERTAINTY_MEASURE_WITH_UNIT(LENGTH_MEASURE(1.E-07),#7888,
  'distance_accuracy_value','confusion accuracy');
#7892 = CONTEXT_DEPENDENT_SHAPE_REPRESENTATION(#7893,#7895);
#7893 = ( REPRESENTATION_RELATIONSHIP('','',#7096,#10) 
REPRESENTATION_RELATIONSHIP_WITH_TRANSFORMATION(#7894) 
SHAPE_REPRESENTATION_RELATIONSHIP() );
#7894 = ITEM_DEFINED_TRANSFORMATION('','',#11,#23);
#7895 = PRODUCT_DEFINITION_SHAPE('Placement','Placement of an item',
  #7896);
#7896 = NEXT_ASSEMBLY_USAGE_OCCURRENCE('1323','R16','',#5,#7091,$);
#7897 = PRODUCT_RELATED_PRODUCT_CATEGORY('part',$,(#7093));
#7898 = CONTEXT_DEPENDENT_SHAPE_REPRESENTATION(#7899,#7901);
#7899 = ( REPRESENTATION_RELATIONSHIP('','',#7096,#10) 
REPRESENTATION_RELATIONSHIP_WITH_TRANSFORMATION(#7900) 
SHAPE_REPRESENTATION_RELATIONSHIP() );
#7900 = ITEM_DEFINED_TRANSFORMATION('','',#11,#27);
#7901 = PRODUCT_DEFINITION_SHAPE('Placement','Placement of an item',
  #7902);
#7902 = NEXT_ASSEMBLY_USAGE_OCCURRENCE('1324','R22','',#5,#7091,$);
#7903 = CONTEXT_DEPENDENT_SHAPE_REPRESENTATION(#7904,#7906);
#7904 = ( REPRESENTATION_RELATIONSHIP('','',#7096,#10) 
REPRESENTATION_RELATIONSHIP_WITH_TRANSFORMATION(#7905) 
SHAPE_REPRESENTATION_RELATIONSHIP() );
#7905 = ITEM_DEFINED_TRANSFORMATION('','',#11,#31);
#7906 = PRODUCT_DEFINITION_SHAPE('Placement','Placement of an item',
  #7907);
#7907 = NEXT_ASSEMBLY_USAGE_OCCURRENCE('1325','R29','',#5,#7091,$);
#7908 = CONTEXT_DEPENDENT_SHAPE_REPRESENTATION(#7909,#7911);
#7909 = ( REPRESENTATION_RELATIONSHIP('','',#7096,#10) 
REPRESENTATION_RELATIONSHIP_WITH_TRANSFORMATION(#7910) 
SHAPE_REPRESENTATION_RELATIONSHIP() );
#7910 = ITEM_DEFINED_TRANSFORMATION('','',#11,#35);
#7911 = PRODUCT_DEFINITION_SHAPE('Placement','Placement of an item',
  #7912);
#7912 = NEXT_ASSEMBLY_USAGE_OCCURRENCE('1326','R13','',#5,#7091,$);
#7913 = CONTEXT_DEPENDENT_SHAPE_REPRESENTATION(#7914,#7916);
#7914 = ( REPRESENTATION_RELATIONSHIP('','',#7096,#10) 
REPRESENTATION_RELATIONSHIP_WITH_TRANSFORMATION(#7915) 
SHAPE_REPRESENTATION_RELATIONSHIP() );
#7915 = ITEM_DEFINED_TRANSFORMATION('','',#11,#39);
#7916 = PRODUCT_DEFINITION_SHAPE('Placement','Placement of an item',
  #7917);
#7917 = NEXT_ASSEMBLY_USAGE_OCCURRENCE('1327','R10','',#5,#7091,$);
#7918 = CONTEXT_DEPENDENT_SHAPE_REPRESENTATION(#7919,#7921);
#7919 = ( REPRESENTATION_RELATIONSHIP('','',#7096,#10) 
REPRESENTATION_RELATIONSHIP_WITH_TRANSFORMATION(#7920) 
SHAPE_REPRESENTATION_RELATIONSHIP() );
#7920 = ITEM_DEFINED_TRANSFORMATION('','',#11,#43);
#7921 = PRODUCT_DEFINITION_SHAPE('Placement','Placement of an item',
  #7922);
#7922 = NEXT_ASSEMBLY_USAGE_OCCURRENCE('1328','R1','',#5,#7091,$);
#7923 = CONTEXT_DEPENDENT_SHAPE_REPRESENTATION(#7924,#7926);
#7924 = ( REPRESENTATION_RELATIONSHIP('','',#7096,#10) 
REPRESENTATION_RELATIONSHIP_WITH_TRANSFORMATION(#7925) 
SHAPE_REPRESENTATION_RELATIONSHIP() );
#7925 = ITEM_DEFINED_TRANSFORMATION('','',#11,#47);
#7926 = PRODUCT_DEFINITION_SHAPE('Placement','Placement of an item',
  #7927);
#7927 = NEXT_ASSEMBLY_USAGE_OCCURRENCE('1329','R7','',#5,#7091,$);
#7928 = CONTEXT_DEPENDENT_SHAPE_REPRESENTATION(#7929,#7931);
#7929 = ( REPRESENTATION_RELATIONSHIP('','',#7096,#10) 
REPRESENTATION_RELATIONSHIP_WITH_TRANSFORMATION(#7930) 
SHAPE_REPRESENTATION_RELATIONSHIP() );
#7930 = ITEM_DEFINED_TRANSFORMATION('','',#11,#51);
#7931 = PRODUCT_DEFINITION_SHAPE('Placement','Placement of an item',
  #7932);
#7932 = NEXT_ASSEMBLY_USAGE_OCCURRENCE('1330','R32','',#5,#7091,$);
#7933 = SHAPE_DEFINITION_REPRESENTATION(#7934,#7940);
#7934 = PRODUCT_DEFINITION_SHAPE('','',#7935);
#7935 = PRODUCT_DEFINITION('design','',#7936,#7939);
#7936 = PRODUCT_DEFINITION_FORMATION('','',#7937);
#7937 = PRODUCT('C_0805_2012Metric','C_0805_2012Metric','',(#7938));
#7938 = PRODUCT_CONTEXT('',#2,'mechanical');
#7939 = PRODUCT_DEFINITION_CONTEXT('part definition',#2,'design');
#7940 = ADVANCED_BREP_SHAPE_REPRESENTATION('',(#11,#7941),#8795);
#7941 = MANIFOLD_SOLID_BREP('',#7942);
#7942 = CLOSED_SHELL('',(#7943,#8019,#8050,#8075,#8100,#8124,#8148,#8173
    ,#8198,#8215,#8301,#8333,#8357,#8382,#8406,#8431,#8455,#8480,#8497,
    #8583,#8614,#8639,#8664,#8688,#8712,#8737,#8762,#8779));
#7943 = ADVANCED_FACE('',(#7944),#8014,.F.);
#7944 = FACE_BOUND('',#7945,.F.);
#7945 = EDGE_LOOP('',(#7946,#7956,#7965,#7973,#7982,#7990,#7999,#8007));
#7946 = ORIENTED_EDGE('',*,*,#7947,.F.);
#7947 = EDGE_CURVE('',#7948,#7950,#7952,.T.);
#7948 = VERTEX_POINT('',#7949);
#7949 = CARTESIAN_POINT('',(-1.,-0.625,4.E-02));
#7950 = VERTEX_POINT('',#7951);
#7951 = CARTESIAN_POINT('',(-1.,-0.625,1.21));
#7952 = LINE('',#7953,#7954);
#7953 = CARTESIAN_POINT('',(-1.,-0.625,0.));
#7954 = VECTOR('',#7955,1.);
#7955 = DIRECTION('',(0.,0.,1.));
#7956 = ORIENTED_EDGE('',*,*,#7957,.T.);
#7957 = EDGE_CURVE('',#7948,#7958,#7960,.T.);
#7958 = VERTEX_POINT('',#7959);
#7959 = CARTESIAN_POINT('',(-1.,-0.585,0.));
#7960 = CIRCLE('',#7961,4.E-02);
#7961 = AXIS2_PLACEMENT_3D('',#7962,#7963,#7964);
#7962 = CARTESIAN_POINT('',(-1.,-0.585,4.E-02));
#7963 = DIRECTION('',(1.,0.,-0.));
#7964 = DIRECTION('',(0.,0.,1.));
#7965 = ORIENTED_EDGE('',*,*,#7966,.T.);
#7966 = EDGE_CURVE('',#7958,#7967,#7969,.T.);
#7967 = VERTEX_POINT('',#7968);
#7968 = CARTESIAN_POINT('',(-1.,0.585,0.));
#7969 = LINE('',#7970,#7971);
#7970 = CARTESIAN_POINT('',(-1.,-0.625,0.));
#7971 = VECTOR('',#7972,1.);
#7972 = DIRECTION('',(0.,1.,0.));
#7973 = ORIENTED_EDGE('',*,*,#7974,.F.);
#7974 = EDGE_CURVE('',#7975,#7967,#7977,.T.);
#7975 = VERTEX_POINT('',#7976);
#7976 = CARTESIAN_POINT('',(-1.,0.625,4.E-02));
#7977 = CIRCLE('',#7978,4.E-02);
#7978 = AXIS2_PLACEMENT_3D('',#7979,#7980,#7981);
#7979 = CARTESIAN_POINT('',(-1.,0.585,4.E-02));
#7980 = DIRECTION('',(-1.,0.,0.));
#7981 = DIRECTION('',(0.,0.,1.));
#7982 = ORIENTED_EDGE('',*,*,#7983,.T.);
#7983 = EDGE_CURVE('',#7975,#7984,#7986,.T.);
#7984 = VERTEX_POINT('',#7985);
#7985 = CARTESIAN_POINT('',(-1.,0.625,1.21));
#7986 = LINE('',#7987,#7988);
#7987 = CARTESIAN_POINT('',(-1.,0.625,0.));
#7988 = VECTOR('',#7989,1.);
#7989 = DIRECTION('',(0.,0.,1.));
#7990 = ORIENTED_EDGE('',*,*,#7991,.T.);
#7991 = EDGE_CURVE('',#7984,#7992,#7994,.T.);
#7992 = VERTEX_POINT('',#7993);
#7993 = CARTESIAN_POINT('',(-1.,0.585,1.25));
#7994 = CIRCLE('',#7995,4.E-02);
#7995 = AXIS2_PLACEMENT_3D('',#7996,#7997,#7998);
#7996 = CARTESIAN_POINT('',(-1.,0.585,1.21));
#7997 = DIRECTION('',(1.,0.,-0.));
#7998 = DIRECTION('',(0.,0.,1.));
#7999 = ORIENTED_EDGE('',*,*,#8000,.F.);
#8000 = EDGE_CURVE('',#8001,#7992,#8003,.T.);
#8001 = VERTEX_POINT('',#8002);
#8002 = CARTESIAN_POINT('',(-1.,-0.585,1.25));
#8003 = LINE('',#8004,#8005);
#8004 = CARTESIAN_POINT('',(-1.,-0.625,1.25));
#8005 = VECTOR('',#8006,1.);
#8006 = DIRECTION('',(0.,1.,0.));
#8007 = ORIENTED_EDGE('',*,*,#8008,.F.);
#8008 = EDGE_CURVE('',#7950,#8001,#8009,.T.);
#8009 = CIRCLE('',#8010,4.E-02);
#8010 = AXIS2_PLACEMENT_3D('',#8011,#8012,#8013);
#8011 = CARTESIAN_POINT('',(-1.,-0.585,1.21));
#8012 = DIRECTION('',(-1.,0.,0.));
#8013 = DIRECTION('',(0.,0.,1.));
#8014 = PLANE('',#8015);
#8015 = AXIS2_PLACEMENT_3D('',#8016,#8017,#8018);
#8016 = CARTESIAN_POINT('',(-1.,-0.625,0.));
#8017 = DIRECTION('',(1.,0.,0.));
#8018 = DIRECTION('',(0.,0.,1.));
#8019 = ADVANCED_FACE('',(#8020),#8045,.F.);
#8020 = FACE_BOUND('',#8021,.F.);
#8021 = EDGE_LOOP('',(#8022,#8032,#8038,#8039));
#8022 = ORIENTED_EDGE('',*,*,#8023,.F.);
#8023 = EDGE_CURVE('',#8024,#8026,#8028,.T.);
#8024 = VERTEX_POINT('',#8025);
#8025 = CARTESIAN_POINT('',(-0.6,-0.625,4.E-02));
#8026 = VERTEX_POINT('',#8027);
#8027 = CARTESIAN_POINT('',(-0.6,-0.625,1.21));
#8028 = LINE('',#8029,#8030);
#8029 = CARTESIAN_POINT('',(-0.6,-0.625,0.));
#8030 = VECTOR('',#8031,1.);
#8031 = DIRECTION('',(0.,0.,1.));
#8032 = ORIENTED_EDGE('',*,*,#8033,.F.);
#8033 = EDGE_CURVE('',#7948,#8024,#8034,.T.);
#8034 = LINE('',#8035,#8036);
#8035 = CARTESIAN_POINT('',(-1.,-0.625,4.E-02));
#8036 = VECTOR('',#8037,1.);
#8037 = DIRECTION('',(1.,0.,0.));
#8038 = ORIENTED_EDGE('',*,*,#7947,.T.);
#8039 = ORIENTED_EDGE('',*,*,#8040,.T.);
#8040 = EDGE_CURVE('',#7950,#8026,#8041,.T.);
#8041 = LINE('',#8042,#8043);
#8042 = CARTESIAN_POINT('',(-1.,-0.625,1.21));
#8043 = VECTOR('',#8044,1.);
#8044 = DIRECTION('',(1.,0.,0.));
#8045 = PLANE('',#8046);
#8046 = AXIS2_PLACEMENT_3D('',#8047,#8048,#8049);
#8047 = CARTESIAN_POINT('',(-1.,-0.625,0.));
#8048 = DIRECTION('',(0.,1.,0.));
#8049 = DIRECTION('',(0.,-0.,1.));
#8050 = ADVANCED_FACE('',(#8051),#8070,.T.);
#8051 = FACE_BOUND('',#8052,.T.);
#8052 = EDGE_LOOP('',(#8053,#8054,#8062,#8069));
#8053 = ORIENTED_EDGE('',*,*,#7957,.T.);
#8054 = ORIENTED_EDGE('',*,*,#8055,.T.);
#8055 = EDGE_CURVE('',#7958,#8056,#8058,.T.);
#8056 = VERTEX_POINT('',#8057);
#8057 = CARTESIAN_POINT('',(-0.6,-0.585,0.));
#8058 = LINE('',#8059,#8060);
#8059 = CARTESIAN_POINT('',(-1.,-0.585,0.));
#8060 = VECTOR('',#8061,1.);
#8061 = DIRECTION('',(1.,0.,0.));
#8062 = ORIENTED_EDGE('',*,*,#8063,.F.);
#8063 = EDGE_CURVE('',#8024,#8056,#8064,.T.);
#8064 = CIRCLE('',#8065,4.E-02);
#8065 = AXIS2_PLACEMENT_3D('',#8066,#8067,#8068);
#8066 = CARTESIAN_POINT('',(-0.6,-0.585,4.E-02));
#8067 = DIRECTION('',(1.,0.,-0.));
#8068 = DIRECTION('',(0.,0.,1.));
#8069 = ORIENTED_EDGE('',*,*,#8033,.F.);
#8070 = CYLINDRICAL_SURFACE('',#8071,4.E-02);
#8071 = AXIS2_PLACEMENT_3D('',#8072,#8073,#8074);
#8072 = CARTESIAN_POINT('',(-1.,-0.585,4.E-02));
#8073 = DIRECTION('',(1.,0.,0.));
#8074 = DIRECTION('',(0.,-1.,0.));
#8075 = ADVANCED_FACE('',(#8076),#8095,.T.);
#8076 = FACE_BOUND('',#8077,.T.);
#8077 = EDGE_LOOP('',(#8078,#8079,#8088,#8094));
#8078 = ORIENTED_EDGE('',*,*,#8040,.T.);
#8079 = ORIENTED_EDGE('',*,*,#8080,.T.);
#8080 = EDGE_CURVE('',#8026,#8081,#8083,.T.);
#8081 = VERTEX_POINT('',#8082);
#8082 = CARTESIAN_POINT('',(-0.6,-0.585,1.25));
#8083 = CIRCLE('',#8084,4.E-02);
#8084 = AXIS2_PLACEMENT_3D('',#8085,#8086,#8087);
#8085 = CARTESIAN_POINT('',(-0.6,-0.585,1.21));
#8086 = DIRECTION('',(-1.,0.,0.));
#8087 = DIRECTION('',(0.,0.,1.));
#8088 = ORIENTED_EDGE('',*,*,#8089,.F.);
#8089 = EDGE_CURVE('',#8001,#8081,#8090,.T.);
#8090 = LINE('',#8091,#8092);
#8091 = CARTESIAN_POINT('',(-1.,-0.585,1.25));
#8092 = VECTOR('',#8093,1.);
#8093 = DIRECTION('',(1.,0.,0.));
#8094 = ORIENTED_EDGE('',*,*,#8008,.F.);
#8095 = CYLINDRICAL_SURFACE('',#8096,4.E-02);
#8096 = AXIS2_PLACEMENT_3D('',#8097,#8098,#8099);
#8097 = CARTESIAN_POINT('',(-1.,-0.585,1.21));
#8098 = DIRECTION('',(1.,0.,0.));
#8099 = DIRECTION('',(0.,-1.,0.));
#8100 = ADVANCED_FACE('',(#8101),#8119,.F.);
#8101 = FACE_BOUND('',#8102,.F.);
#8102 = EDGE_LOOP('',(#8103,#8104,#8105,#8113));
#8103 = ORIENTED_EDGE('',*,*,#7966,.F.);
#8104 = ORIENTED_EDGE('',*,*,#8055,.T.);
#8105 = ORIENTED_EDGE('',*,*,#8106,.T.);
#8106 = EDGE_CURVE('',#8056,#8107,#8109,.T.);
#8107 = VERTEX_POINT('',#8108);
#8108 = CARTESIAN_POINT('',(-0.6,0.585,0.));
#8109 = LINE('',#8110,#8111);
#8110 = CARTESIAN_POINT('',(-0.6,-0.625,0.));
#8111 = VECTOR('',#8112,1.);
#8112 = DIRECTION('',(0.,1.,0.));
#8113 = ORIENTED_EDGE('',*,*,#8114,.F.);
#8114 = EDGE_CURVE('',#7967,#8107,#8115,.T.);
#8115 = LINE('',#8116,#8117);
#8116 = CARTESIAN_POINT('',(-1.,0.585,0.));
#8117 = VECTOR('',#8118,1.);
#8118 = DIRECTION('',(1.,0.,0.));
#8119 = PLANE('',#8120);
#8120 = AXIS2_PLACEMENT_3D('',#8121,#8122,#8123);
#8121 = CARTESIAN_POINT('',(-1.,-0.625,0.));
#8122 = DIRECTION('',(0.,0.,1.));
#8123 = DIRECTION('',(1.,0.,-0.));
#8124 = ADVANCED_FACE('',(#8125),#8143,.T.);
#8125 = FACE_BOUND('',#8126,.T.);
#8126 = EDGE_LOOP('',(#8127,#8128,#8129,#8137));
#8127 = ORIENTED_EDGE('',*,*,#8000,.F.);
#8128 = ORIENTED_EDGE('',*,*,#8089,.T.);
#8129 = ORIENTED_EDGE('',*,*,#8130,.T.);
#8130 = EDGE_CURVE('',#8081,#8131,#8133,.T.);
#8131 = VERTEX_POINT('',#8132);
#8132 = CARTESIAN_POINT('',(-0.6,0.585,1.25));
#8133 = LINE('',#8134,#8135);
#8134 = CARTESIAN_POINT('',(-0.6,-0.625,1.25));
#8135 = VECTOR('',#8136,1.);
#8136 = DIRECTION('',(0.,1.,0.));
#8137 = ORIENTED_EDGE('',*,*,#8138,.F.);
#8138 = EDGE_CURVE('',#7992,#8131,#8139,.T.);
#8139 = LINE('',#8140,#8141);
#8140 = CARTESIAN_POINT('',(-1.,0.585,1.25));
#8141 = VECTOR('',#8142,1.);
#8142 = DIRECTION('',(1.,0.,0.));
#8143 = PLANE('',#8144);
#8144 = AXIS2_PLACEMENT_3D('',#8145,#8146,#8147);
#8145 = CARTESIAN_POINT('',(-1.,-0.625,1.25));
#8146 = DIRECTION('',(0.,0.,1.));
#8147 = DIRECTION('',(1.,0.,-0.));
#8148 = ADVANCED_FACE('',(#8149),#8168,.T.);
#8149 = FACE_BOUND('',#8150,.T.);
#8150 = EDGE_LOOP('',(#8151,#8159,#8166,#8167));
#8151 = ORIENTED_EDGE('',*,*,#8152,.T.);
#8152 = EDGE_CURVE('',#7975,#8153,#8155,.T.);
#8153 = VERTEX_POINT('',#8154);
#8154 = CARTESIAN_POINT('',(-0.6,0.625,4.E-02));
#8155 = LINE('',#8156,#8157);
#8156 = CARTESIAN_POINT('',(-1.,0.625,4.E-02));
#8157 = VECTOR('',#8158,1.);
#8158 = DIRECTION('',(1.,0.,0.));
#8159 = ORIENTED_EDGE('',*,*,#8160,.T.);
#8160 = EDGE_CURVE('',#8153,#8107,#8161,.T.);
#8161 = CIRCLE('',#8162,4.E-02);
#8162 = AXIS2_PLACEMENT_3D('',#8163,#8164,#8165);
#8163 = CARTESIAN_POINT('',(-0.6,0.585,4.E-02));
#8164 = DIRECTION('',(-1.,0.,0.));
#8165 = DIRECTION('',(0.,0.,1.));
#8166 = ORIENTED_EDGE('',*,*,#8114,.F.);
#8167 = ORIENTED_EDGE('',*,*,#7974,.F.);
#8168 = CYLINDRICAL_SURFACE('',#8169,4.E-02);
#8169 = AXIS2_PLACEMENT_3D('',#8170,#8171,#8172);
#8170 = CARTESIAN_POINT('',(-1.,0.585,4.E-02));
#8171 = DIRECTION('',(1.,0.,0.));
#8172 = DIRECTION('',(-0.,1.,0.));
#8173 = ADVANCED_FACE('',(#8174),#8193,.T.);
#8174 = FACE_BOUND('',#8175,.T.);
#8175 = EDGE_LOOP('',(#8176,#8177,#8178,#8187));
#8176 = ORIENTED_EDGE('',*,*,#7991,.T.);
#8177 = ORIENTED_EDGE('',*,*,#8138,.T.);
#8178 = ORIENTED_EDGE('',*,*,#8179,.F.);
#8179 = EDGE_CURVE('',#8180,#8131,#8182,.T.);
#8180 = VERTEX_POINT('',#8181);
#8181 = CARTESIAN_POINT('',(-0.6,0.625,1.21));
#8182 = CIRCLE('',#8183,4.E-02);
#8183 = AXIS2_PLACEMENT_3D('',#8184,#8185,#8186);
#8184 = CARTESIAN_POINT('',(-0.6,0.585,1.21));
#8185 = DIRECTION('',(1.,0.,-0.));
#8186 = DIRECTION('',(0.,0.,1.));
#8187 = ORIENTED_EDGE('',*,*,#8188,.F.);
#8188 = EDGE_CURVE('',#7984,#8180,#8189,.T.);
#8189 = LINE('',#8190,#8191);
#8190 = CARTESIAN_POINT('',(-1.,0.625,1.21));
#8191 = VECTOR('',#8192,1.);
#8192 = DIRECTION('',(1.,0.,0.));
#8193 = CYLINDRICAL_SURFACE('',#8194,4.E-02);
#8194 = AXIS2_PLACEMENT_3D('',#8195,#8196,#8197);
#8195 = CARTESIAN_POINT('',(-1.,0.585,1.21));
#8196 = DIRECTION('',(1.,0.,0.));
#8197 = DIRECTION('',(-0.,1.,0.));
#8198 = ADVANCED_FACE('',(#8199),#8210,.T.);
#8199 = FACE_BOUND('',#8200,.T.);
#8200 = EDGE_LOOP('',(#8201,#8207,#8208,#8209));
#8201 = ORIENTED_EDGE('',*,*,#8202,.F.);
#8202 = EDGE_CURVE('',#8153,#8180,#8203,.T.);
#8203 = LINE('',#8204,#8205);
#8204 = CARTESIAN_POINT('',(-0.6,0.625,0.));
#8205 = VECTOR('',#8206,1.);
#8206 = DIRECTION('',(0.,0.,1.));
#8207 = ORIENTED_EDGE('',*,*,#8152,.F.);
#8208 = ORIENTED_EDGE('',*,*,#7983,.T.);
#8209 = ORIENTED_EDGE('',*,*,#8188,.T.);
#8210 = PLANE('',#8211);
#8211 = AXIS2_PLACEMENT_3D('',#8212,#8213,#8214);
#8212 = CARTESIAN_POINT('',(-1.,0.625,0.));
#8213 = DIRECTION('',(0.,1.,0.));
#8214 = DIRECTION('',(0.,-0.,1.));
#8215 = ADVANCED_FACE('',(#8216,#8226),#8296,.T.);
#8216 = FACE_BOUND('',#8217,.T.);
#8217 = EDGE_LOOP('',(#8218,#8219,#8220,#8221,#8222,#8223,#8224,#8225));
#8218 = ORIENTED_EDGE('',*,*,#8023,.F.);
#8219 = ORIENTED_EDGE('',*,*,#8063,.T.);
#8220 = ORIENTED_EDGE('',*,*,#8106,.T.);
#8221 = ORIENTED_EDGE('',*,*,#8160,.F.);
#8222 = ORIENTED_EDGE('',*,*,#8202,.T.);
#8223 = ORIENTED_EDGE('',*,*,#8179,.T.);
#8224 = ORIENTED_EDGE('',*,*,#8130,.F.);
#8225 = ORIENTED_EDGE('',*,*,#8080,.F.);
#8226 = FACE_BOUND('',#8227,.T.);
#8227 = EDGE_LOOP('',(#8228,#8239,#8247,#8256,#8264,#8273,#8281,#8290));
#8228 = ORIENTED_EDGE('',*,*,#8229,.F.);
#8229 = EDGE_CURVE('',#8230,#8232,#8234,.T.);
#8230 = VERTEX_POINT('',#8231);
#8231 = CARTESIAN_POINT('',(-0.6,-0.585,8.E-02));
#8232 = VERTEX_POINT('',#8233);
#8233 = CARTESIAN_POINT('',(-0.6,-0.545,4.E-02));
#8234 = CIRCLE('',#8235,4.E-02);
#8235 = AXIS2_PLACEMENT_3D('',#8236,#8237,#8238);
#8236 = CARTESIAN_POINT('',(-0.6,-0.545,8.E-02));
#8237 = DIRECTION('',(1.,0.,-0.));
#8238 = DIRECTION('',(0.,0.,1.));
#8239 = ORIENTED_EDGE('',*,*,#8240,.T.);
#8240 = EDGE_CURVE('',#8230,#8241,#8243,.T.);
#8241 = VERTEX_POINT('',#8242);
#8242 = CARTESIAN_POINT('',(-0.6,-0.585,1.17));
#8243 = LINE('',#8244,#8245);
#8244 = CARTESIAN_POINT('',(-0.6,-0.585,4.E-02));
#8245 = VECTOR('',#8246,1.);
#8246 = DIRECTION('',(0.,0.,1.));
#8247 = ORIENTED_EDGE('',*,*,#8248,.T.);
#8248 = EDGE_CURVE('',#8241,#8249,#8251,.T.);
#8249 = VERTEX_POINT('',#8250);
#8250 = CARTESIAN_POINT('',(-0.6,-0.545,1.21));
#8251 = CIRCLE('',#8252,4.E-02);
#8252 = AXIS2_PLACEMENT_3D('',#8253,#8254,#8255);
#8253 = CARTESIAN_POINT('',(-0.6,-0.545,1.17));
#8254 = DIRECTION('',(-1.,0.,0.));
#8255 = DIRECTION('',(0.,0.,1.));
#8256 = ORIENTED_EDGE('',*,*,#8257,.T.);
#8257 = EDGE_CURVE('',#8249,#8258,#8260,.T.);
#8258 = VERTEX_POINT('',#8259);
#8259 = CARTESIAN_POINT('',(-0.6,0.545,1.21));
#8260 = LINE('',#8261,#8262);
#8261 = CARTESIAN_POINT('',(-0.6,-0.585,1.21));
#8262 = VECTOR('',#8263,1.);
#8263 = DIRECTION('',(0.,1.,0.));
#8264 = ORIENTED_EDGE('',*,*,#8265,.F.);
#8265 = EDGE_CURVE('',#8266,#8258,#8268,.T.);
#8266 = VERTEX_POINT('',#8267);
#8267 = CARTESIAN_POINT('',(-0.6,0.585,1.17));
#8268 = CIRCLE('',#8269,4.E-02);
#8269 = AXIS2_PLACEMENT_3D('',#8270,#8271,#8272);
#8270 = CARTESIAN_POINT('',(-0.6,0.545,1.17));
#8271 = DIRECTION('',(1.,0.,-0.));
#8272 = DIRECTION('',(0.,0.,1.));
#8273 = ORIENTED_EDGE('',*,*,#8274,.F.);
#8274 = EDGE_CURVE('',#8275,#8266,#8277,.T.);
#8275 = VERTEX_POINT('',#8276);
#8276 = CARTESIAN_POINT('',(-0.6,0.585,8.E-02));
#8277 = LINE('',#8278,#8279);
#8278 = CARTESIAN_POINT('',(-0.6,0.585,4.E-02));
#8279 = VECTOR('',#8280,1.);
#8280 = DIRECTION('',(0.,0.,1.));
#8281 = ORIENTED_EDGE('',*,*,#8282,.T.);
#8282 = EDGE_CURVE('',#8275,#8283,#8285,.T.);
#8283 = VERTEX_POINT('',#8284);
#8284 = CARTESIAN_POINT('',(-0.6,0.545,4.E-02));
#8285 = CIRCLE('',#8286,4.E-02);
#8286 = AXIS2_PLACEMENT_3D('',#8287,#8288,#8289);
#8287 = CARTESIAN_POINT('',(-0.6,0.545,8.E-02));
#8288 = DIRECTION('',(-1.,0.,0.));
#8289 = DIRECTION('',(0.,0.,1.));
#8290 = ORIENTED_EDGE('',*,*,#8291,.F.);
#8291 = EDGE_CURVE('',#8232,#8283,#8292,.T.);
#8292 = LINE('',#8293,#8294);
#8293 = CARTESIAN_POINT('',(-0.6,-0.585,4.E-02));
#8294 = VECTOR('',#8295,1.);
#8295 = DIRECTION('',(0.,1.,0.));
#8296 = PLANE('',#8297);
#8297 = AXIS2_PLACEMENT_3D('',#8298,#8299,#8300);
#8298 = CARTESIAN_POINT('',(-0.6,-0.625,0.));
#8299 = DIRECTION('',(1.,0.,0.));
#8300 = DIRECTION('',(0.,0.,1.));
#8301 = ADVANCED_FACE('',(#8302),#8328,.T.);
#8302 = FACE_BOUND('',#8303,.T.);
#8303 = EDGE_LOOP('',(#8304,#8305,#8313,#8322));
#8304 = ORIENTED_EDGE('',*,*,#8229,.T.);
#8305 = ORIENTED_EDGE('',*,*,#8306,.T.);
#8306 = EDGE_CURVE('',#8232,#8307,#8309,.T.);
#8307 = VERTEX_POINT('',#8308);
#8308 = CARTESIAN_POINT('',(0.6,-0.545,4.E-02));
#8309 = LINE('',#8310,#8311);
#8310 = CARTESIAN_POINT('',(-0.6,-0.545,4.E-02));
#8311 = VECTOR('',#8312,1.);
#8312 = DIRECTION('',(1.,0.,0.));
#8313 = ORIENTED_EDGE('',*,*,#8314,.F.);
#8314 = EDGE_CURVE('',#8315,#8307,#8317,.T.);
#8315 = VERTEX_POINT('',#8316);
#8316 = CARTESIAN_POINT('',(0.6,-0.585,8.E-02));
#8317 = CIRCLE('',#8318,4.E-02);
#8318 = AXIS2_PLACEMENT_3D('',#8319,#8320,#8321);
#8319 = CARTESIAN_POINT('',(0.6,-0.545,8.E-02));
#8320 = DIRECTION('',(1.,0.,-0.));
#8321 = DIRECTION('',(0.,0.,1.));
#8322 = ORIENTED_EDGE('',*,*,#8323,.F.);
#8323 = EDGE_CURVE('',#8230,#8315,#8324,.T.);
#8324 = LINE('',#8325,#8326);
#8325 = CARTESIAN_POINT('',(-0.6,-0.585,8.E-02));
#8326 = VECTOR('',#8327,1.);
#8327 = DIRECTION('',(1.,0.,0.));
#8328 = CYLINDRICAL_SURFACE('',#8329,4.E-02);
#8329 = AXIS2_PLACEMENT_3D('',#8330,#8331,#8332);
#8330 = CARTESIAN_POINT('',(-0.6,-0.545,8.E-02));
#8331 = DIRECTION('',(1.,0.,0.));
#8332 = DIRECTION('',(0.,-1.,0.));
#8333 = ADVANCED_FACE('',(#8334),#8352,.F.);
#8334 = FACE_BOUND('',#8335,.F.);
#8335 = EDGE_LOOP('',(#8336,#8337,#8338,#8346));
#8336 = ORIENTED_EDGE('',*,*,#8291,.F.);
#8337 = ORIENTED_EDGE('',*,*,#8306,.T.);
#8338 = ORIENTED_EDGE('',*,*,#8339,.T.);
#8339 = EDGE_CURVE('',#8307,#8340,#8342,.T.);
#8340 = VERTEX_POINT('',#8341);
#8341 = CARTESIAN_POINT('',(0.6,0.545,4.E-02));
#8342 = LINE('',#8343,#8344);
#8343 = CARTESIAN_POINT('',(0.6,-0.585,4.E-02));
#8344 = VECTOR('',#8345,1.);
#8345 = DIRECTION('',(0.,1.,0.));
#8346 = ORIENTED_EDGE('',*,*,#8347,.F.);
#8347 = EDGE_CURVE('',#8283,#8340,#8348,.T.);
#8348 = LINE('',#8349,#8350);
#8349 = CARTESIAN_POINT('',(-0.6,0.545,4.E-02));
#8350 = VECTOR('',#8351,1.);
#8351 = DIRECTION('',(1.,0.,0.));
#8352 = PLANE('',#8353);
#8353 = AXIS2_PLACEMENT_3D('',#8354,#8355,#8356);
#8354 = CARTESIAN_POINT('',(-0.6,-0.585,4.E-02));
#8355 = DIRECTION('',(0.,0.,1.));
#8356 = DIRECTION('',(1.,0.,-0.));
#8357 = ADVANCED_FACE('',(#8358),#8377,.T.);
#8358 = FACE_BOUND('',#8359,.T.);
#8359 = EDGE_LOOP('',(#8360,#8368,#8375,#8376));
#8360 = ORIENTED_EDGE('',*,*,#8361,.T.);
#8361 = EDGE_CURVE('',#8275,#8362,#8364,.T.);
#8362 = VERTEX_POINT('',#8363);
#8363 = CARTESIAN_POINT('',(0.6,0.585,8.E-02));
#8364 = LINE('',#8365,#8366);
#8365 = CARTESIAN_POINT('',(-0.6,0.585,8.E-02));
#8366 = VECTOR('',#8367,1.);
#8367 = DIRECTION('',(1.,0.,0.));
#8368 = ORIENTED_EDGE('',*,*,#8369,.T.);
#8369 = EDGE_CURVE('',#8362,#8340,#8370,.T.);
#8370 = CIRCLE('',#8371,4.E-02);
#8371 = AXIS2_PLACEMENT_3D('',#8372,#8373,#8374);
#8372 = CARTESIAN_POINT('',(0.6,0.545,8.E-02));
#8373 = DIRECTION('',(-1.,0.,0.));
#8374 = DIRECTION('',(0.,0.,1.));
#8375 = ORIENTED_EDGE('',*,*,#8347,.F.);
#8376 = ORIENTED_EDGE('',*,*,#8282,.F.);
#8377 = CYLINDRICAL_SURFACE('',#8378,4.E-02);
#8378 = AXIS2_PLACEMENT_3D('',#8379,#8380,#8381);
#8379 = CARTESIAN_POINT('',(-0.6,0.545,8.E-02));
#8380 = DIRECTION('',(1.,0.,0.));
#8381 = DIRECTION('',(-0.,1.,0.));
#8382 = ADVANCED_FACE('',(#8383),#8401,.T.);
#8383 = FACE_BOUND('',#8384,.T.);
#8384 = EDGE_LOOP('',(#8385,#8393,#8394,#8395));
#8385 = ORIENTED_EDGE('',*,*,#8386,.F.);
#8386 = EDGE_CURVE('',#8362,#8387,#8389,.T.);
#8387 = VERTEX_POINT('',#8388);
#8388 = CARTESIAN_POINT('',(0.6,0.585,1.17));
#8389 = LINE('',#8390,#8391);
#8390 = CARTESIAN_POINT('',(0.6,0.585,4.E-02));
#8391 = VECTOR('',#8392,1.);
#8392 = DIRECTION('',(0.,0.,1.));
#8393 = ORIENTED_EDGE('',*,*,#8361,.F.);
#8394 = ORIENTED_EDGE('',*,*,#8274,.T.);
#8395 = ORIENTED_EDGE('',*,*,#8396,.T.);
#8396 = EDGE_CURVE('',#8266,#8387,#8397,.T.);
#8397 = LINE('',#8398,#8399);
#8398 = CARTESIAN_POINT('',(-0.6,0.585,1.17));
#8399 = VECTOR('',#8400,1.);
#8400 = DIRECTION('',(1.,0.,0.));
#8401 = PLANE('',#8402);
#8402 = AXIS2_PLACEMENT_3D('',#8403,#8404,#8405);
#8403 = CARTESIAN_POINT('',(-0.6,0.585,4.E-02));
#8404 = DIRECTION('',(0.,1.,0.));
#8405 = DIRECTION('',(0.,-0.,1.));
#8406 = ADVANCED_FACE('',(#8407),#8426,.T.);
#8407 = FACE_BOUND('',#8408,.T.);
#8408 = EDGE_LOOP('',(#8409,#8410,#8418,#8425));
#8409 = ORIENTED_EDGE('',*,*,#8265,.T.);
#8410 = ORIENTED_EDGE('',*,*,#8411,.T.);
#8411 = EDGE_CURVE('',#8258,#8412,#8414,.T.);
#8412 = VERTEX_POINT('',#8413);
#8413 = CARTESIAN_POINT('',(0.6,0.545,1.21));
#8414 = LINE('',#8415,#8416);
#8415 = CARTESIAN_POINT('',(-0.6,0.545,1.21));
#8416 = VECTOR('',#8417,1.);
#8417 = DIRECTION('',(1.,0.,0.));
#8418 = ORIENTED_EDGE('',*,*,#8419,.F.);
#8419 = EDGE_CURVE('',#8387,#8412,#8420,.T.);
#8420 = CIRCLE('',#8421,4.E-02);
#8421 = AXIS2_PLACEMENT_3D('',#8422,#8423,#8424);
#8422 = CARTESIAN_POINT('',(0.6,0.545,1.17));
#8423 = DIRECTION('',(1.,0.,-0.));
#8424 = DIRECTION('',(0.,0.,1.));
#8425 = ORIENTED_EDGE('',*,*,#8396,.F.);
#8426 = CYLINDRICAL_SURFACE('',#8427,4.E-02);
#8427 = AXIS2_PLACEMENT_3D('',#8428,#8429,#8430);
#8428 = CARTESIAN_POINT('',(-0.6,0.545,1.17));
#8429 = DIRECTION('',(1.,0.,0.));
#8430 = DIRECTION('',(-0.,1.,0.));
#8431 = ADVANCED_FACE('',(#8432),#8450,.T.);
#8432 = FACE_BOUND('',#8433,.T.);
#8433 = EDGE_LOOP('',(#8434,#8435,#8443,#8449));
#8434 = ORIENTED_EDGE('',*,*,#8257,.F.);
#8435 = ORIENTED_EDGE('',*,*,#8436,.T.);
#8436 = EDGE_CURVE('',#8249,#8437,#8439,.T.);
#8437 = VERTEX_POINT('',#8438);
#8438 = CARTESIAN_POINT('',(0.6,-0.545,1.21));
#8439 = LINE('',#8440,#8441);
#8440 = CARTESIAN_POINT('',(-0.6,-0.545,1.21));
#8441 = VECTOR('',#8442,1.);
#8442 = DIRECTION('',(1.,0.,0.));
#8443 = ORIENTED_EDGE('',*,*,#8444,.T.);
#8444 = EDGE_CURVE('',#8437,#8412,#8445,.T.);
#8445 = LINE('',#8446,#8447);
#8446 = CARTESIAN_POINT('',(0.6,-0.585,1.21));
#8447 = VECTOR('',#8448,1.);
#8448 = DIRECTION('',(0.,1.,0.));
#8449 = ORIENTED_EDGE('',*,*,#8411,.F.);
#8450 = PLANE('',#8451);
#8451 = AXIS2_PLACEMENT_3D('',#8452,#8453,#8454);
#8452 = CARTESIAN_POINT('',(-0.6,-0.585,1.21));
#8453 = DIRECTION('',(0.,0.,1.));
#8454 = DIRECTION('',(1.,0.,-0.));
#8455 = ADVANCED_FACE('',(#8456),#8475,.T.);
#8456 = FACE_BOUND('',#8457,.T.);
#8457 = EDGE_LOOP('',(#8458,#8466,#8473,#8474));
#8458 = ORIENTED_EDGE('',*,*,#8459,.T.);
#8459 = EDGE_CURVE('',#8241,#8460,#8462,.T.);
#8460 = VERTEX_POINT('',#8461);
#8461 = CARTESIAN_POINT('',(0.6,-0.585,1.17));
#8462 = LINE('',#8463,#8464);
#8463 = CARTESIAN_POINT('',(-0.6,-0.585,1.17));
#8464 = VECTOR('',#8465,1.);
#8465 = DIRECTION('',(1.,0.,0.));
#8466 = ORIENTED_EDGE('',*,*,#8467,.T.);
#8467 = EDGE_CURVE('',#8460,#8437,#8468,.T.);
#8468 = CIRCLE('',#8469,4.E-02);
#8469 = AXIS2_PLACEMENT_3D('',#8470,#8471,#8472);
#8470 = CARTESIAN_POINT('',(0.6,-0.545,1.17));
#8471 = DIRECTION('',(-1.,0.,0.));
#8472 = DIRECTION('',(0.,0.,1.));
#8473 = ORIENTED_EDGE('',*,*,#8436,.F.);
#8474 = ORIENTED_EDGE('',*,*,#8248,.F.);
#8475 = CYLINDRICAL_SURFACE('',#8476,4.E-02);
#8476 = AXIS2_PLACEMENT_3D('',#8477,#8478,#8479);
#8477 = CARTESIAN_POINT('',(-0.6,-0.545,1.17));
#8478 = DIRECTION('',(1.,0.,0.));
#8479 = DIRECTION('',(0.,-1.,0.));
#8480 = ADVANCED_FACE('',(#8481),#8492,.F.);
#8481 = FACE_BOUND('',#8482,.F.);
#8482 = EDGE_LOOP('',(#8483,#8489,#8490,#8491));
#8483 = ORIENTED_EDGE('',*,*,#8484,.F.);
#8484 = EDGE_CURVE('',#8315,#8460,#8485,.T.);
#8485 = LINE('',#8486,#8487);
#8486 = CARTESIAN_POINT('',(0.6,-0.585,4.E-02));
#8487 = VECTOR('',#8488,1.);
#8488 = DIRECTION('',(0.,0.,1.));
#8489 = ORIENTED_EDGE('',*,*,#8323,.F.);
#8490 = ORIENTED_EDGE('',*,*,#8240,.T.);
#8491 = ORIENTED_EDGE('',*,*,#8459,.T.);
#8492 = PLANE('',#8493);
#8493 = AXIS2_PLACEMENT_3D('',#8494,#8495,#8496);
#8494 = CARTESIAN_POINT('',(-0.6,-0.585,4.E-02));
#8495 = DIRECTION('',(0.,1.,0.));
#8496 = DIRECTION('',(0.,-0.,1.));
#8497 = ADVANCED_FACE('',(#8498,#8568),#8578,.F.);
#8498 = FACE_BOUND('',#8499,.F.);
#8499 = EDGE_LOOP('',(#8500,#8510,#8519,#8527,#8536,#8544,#8553,#8561));
#8500 = ORIENTED_EDGE('',*,*,#8501,.F.);
#8501 = EDGE_CURVE('',#8502,#8504,#8506,.T.);
#8502 = VERTEX_POINT('',#8503);
#8503 = CARTESIAN_POINT('',(0.6,-0.625,4.E-02));
#8504 = VERTEX_POINT('',#8505);
#8505 = CARTESIAN_POINT('',(0.6,-0.625,1.21));
#8506 = LINE('',#8507,#8508);
#8507 = CARTESIAN_POINT('',(0.6,-0.625,0.));
#8508 = VECTOR('',#8509,1.);
#8509 = DIRECTION('',(0.,0.,1.));
#8510 = ORIENTED_EDGE('',*,*,#8511,.T.);
#8511 = EDGE_CURVE('',#8502,#8512,#8514,.T.);
#8512 = VERTEX_POINT('',#8513);
#8513 = CARTESIAN_POINT('',(0.6,-0.585,0.));
#8514 = CIRCLE('',#8515,4.E-02);
#8515 = AXIS2_PLACEMENT_3D('',#8516,#8517,#8518);
#8516 = CARTESIAN_POINT('',(0.6,-0.585,4.E-02));
#8517 = DIRECTION('',(1.,0.,-0.));
#8518 = DIRECTION('',(0.,0.,1.));
#8519 = ORIENTED_EDGE('',*,*,#8520,.T.);
#8520 = EDGE_CURVE('',#8512,#8521,#8523,.T.);
#8521 = VERTEX_POINT('',#8522);
#8522 = CARTESIAN_POINT('',(0.6,0.585,0.));
#8523 = LINE('',#8524,#8525);
#8524 = CARTESIAN_POINT('',(0.6,-0.625,0.));
#8525 = VECTOR('',#8526,1.);
#8526 = DIRECTION('',(0.,1.,0.));
#8527 = ORIENTED_EDGE('',*,*,#8528,.F.);
#8528 = EDGE_CURVE('',#8529,#8521,#8531,.T.);
#8529 = VERTEX_POINT('',#8530);
#8530 = CARTESIAN_POINT('',(0.6,0.625,4.E-02));
#8531 = CIRCLE('',#8532,4.E-02);
#8532 = AXIS2_PLACEMENT_3D('',#8533,#8534,#8535);
#8533 = CARTESIAN_POINT('',(0.6,0.585,4.E-02));
#8534 = DIRECTION('',(-1.,0.,0.));
#8535 = DIRECTION('',(0.,0.,1.));
#8536 = ORIENTED_EDGE('',*,*,#8537,.T.);
#8537 = EDGE_CURVE('',#8529,#8538,#8540,.T.);
#8538 = VERTEX_POINT('',#8539);
#8539 = CARTESIAN_POINT('',(0.6,0.625,1.21));
#8540 = LINE('',#8541,#8542);
#8541 = CARTESIAN_POINT('',(0.6,0.625,0.));
#8542 = VECTOR('',#8543,1.);
#8543 = DIRECTION('',(0.,0.,1.));
#8544 = ORIENTED_EDGE('',*,*,#8545,.T.);
#8545 = EDGE_CURVE('',#8538,#8546,#8548,.T.);
#8546 = VERTEX_POINT('',#8547);
#8547 = CARTESIAN_POINT('',(0.6,0.585,1.25));
#8548 = CIRCLE('',#8549,4.E-02);
#8549 = AXIS2_PLACEMENT_3D('',#8550,#8551,#8552);
#8550 = CARTESIAN_POINT('',(0.6,0.585,1.21));
#8551 = DIRECTION('',(1.,0.,-0.));
#8552 = DIRECTION('',(0.,0.,1.));
#8553 = ORIENTED_EDGE('',*,*,#8554,.F.);
#8554 = EDGE_CURVE('',#8555,#8546,#8557,.T.);
#8555 = VERTEX_POINT('',#8556);
#8556 = CARTESIAN_POINT('',(0.6,-0.585,1.25));
#8557 = LINE('',#8558,#8559);
#8558 = CARTESIAN_POINT('',(0.6,-0.625,1.25));
#8559 = VECTOR('',#8560,1.);
#8560 = DIRECTION('',(0.,1.,0.));
#8561 = ORIENTED_EDGE('',*,*,#8562,.F.);
#8562 = EDGE_CURVE('',#8504,#8555,#8563,.T.);
#8563 = CIRCLE('',#8564,4.E-02);
#8564 = AXIS2_PLACEMENT_3D('',#8565,#8566,#8567);
#8565 = CARTESIAN_POINT('',(0.6,-0.585,1.21));
#8566 = DIRECTION('',(-1.,0.,0.));
#8567 = DIRECTION('',(0.,0.,1.));
#8568 = FACE_BOUND('',#8569,.F.);
#8569 = EDGE_LOOP('',(#8570,#8571,#8572,#8573,#8574,#8575,#8576,#8577));
#8570 = ORIENTED_EDGE('',*,*,#8314,.F.);
#8571 = ORIENTED_EDGE('',*,*,#8484,.T.);
#8572 = ORIENTED_EDGE('',*,*,#8467,.T.);
#8573 = ORIENTED_EDGE('',*,*,#8444,.T.);
#8574 = ORIENTED_EDGE('',*,*,#8419,.F.);
#8575 = ORIENTED_EDGE('',*,*,#8386,.F.);
#8576 = ORIENTED_EDGE('',*,*,#8369,.T.);
#8577 = ORIENTED_EDGE('',*,*,#8339,.F.);
#8578 = PLANE('',#8579);
#8579 = AXIS2_PLACEMENT_3D('',#8580,#8581,#8582);
#8580 = CARTESIAN_POINT('',(0.6,-0.625,0.));
#8581 = DIRECTION('',(1.,0.,0.));
#8582 = DIRECTION('',(0.,0.,1.));
#8583 = ADVANCED_FACE('',(#8584),#8609,.F.);
#8584 = FACE_BOUND('',#8585,.F.);
#8585 = EDGE_LOOP('',(#8586,#8596,#8602,#8603));
#8586 = ORIENTED_EDGE('',*,*,#8587,.F.);
#8587 = EDGE_CURVE('',#8588,#8590,#8592,.T.);
#8588 = VERTEX_POINT('',#8589);
#8589 = CARTESIAN_POINT('',(1.,-0.625,4.E-02));
#8590 = VERTEX_POINT('',#8591);
#8591 = CARTESIAN_POINT('',(1.,-0.625,1.21));
#8592 = LINE('',#8593,#8594);
#8593 = CARTESIAN_POINT('',(1.,-0.625,0.));
#8594 = VECTOR('',#8595,1.);
#8595 = DIRECTION('',(0.,0.,1.));
#8596 = ORIENTED_EDGE('',*,*,#8597,.F.);
#8597 = EDGE_CURVE('',#8502,#8588,#8598,.T.);
#8598 = LINE('',#8599,#8600);
#8599 = CARTESIAN_POINT('',(0.6,-0.625,4.E-02));
#8600 = VECTOR('',#8601,1.);
#8601 = DIRECTION('',(1.,0.,0.));
#8602 = ORIENTED_EDGE('',*,*,#8501,.T.);
#8603 = ORIENTED_EDGE('',*,*,#8604,.T.);
#8604 = EDGE_CURVE('',#8504,#8590,#8605,.T.);
#8605 = LINE('',#8606,#8607);
#8606 = CARTESIAN_POINT('',(0.6,-0.625,1.21));
#8607 = VECTOR('',#8608,1.);
#8608 = DIRECTION('',(1.,0.,0.));
#8609 = PLANE('',#8610);
#8610 = AXIS2_PLACEMENT_3D('',#8611,#8612,#8613);
#8611 = CARTESIAN_POINT('',(0.6,-0.625,0.));
#8612 = DIRECTION('',(0.,1.,0.));
#8613 = DIRECTION('',(0.,-0.,1.));
#8614 = ADVANCED_FACE('',(#8615),#8634,.T.);
#8615 = FACE_BOUND('',#8616,.T.);
#8616 = EDGE_LOOP('',(#8617,#8618,#8626,#8633));
#8617 = ORIENTED_EDGE('',*,*,#8511,.T.);
#8618 = ORIENTED_EDGE('',*,*,#8619,.T.);
#8619 = EDGE_CURVE('',#8512,#8620,#8622,.T.);
#8620 = VERTEX_POINT('',#8621);
#8621 = CARTESIAN_POINT('',(1.,-0.585,0.));
#8622 = LINE('',#8623,#8624);
#8623 = CARTESIAN_POINT('',(0.6,-0.585,0.));
#8624 = VECTOR('',#8625,1.);
#8625 = DIRECTION('',(1.,0.,0.));
#8626 = ORIENTED_EDGE('',*,*,#8627,.F.);
#8627 = EDGE_CURVE('',#8588,#8620,#8628,.T.);
#8628 = CIRCLE('',#8629,4.E-02);
#8629 = AXIS2_PLACEMENT_3D('',#8630,#8631,#8632);
#8630 = CARTESIAN_POINT('',(1.,-0.585,4.E-02));
#8631 = DIRECTION('',(1.,0.,-0.));
#8632 = DIRECTION('',(0.,0.,1.));
#8633 = ORIENTED_EDGE('',*,*,#8597,.F.);
#8634 = CYLINDRICAL_SURFACE('',#8635,4.E-02);
#8635 = AXIS2_PLACEMENT_3D('',#8636,#8637,#8638);
#8636 = CARTESIAN_POINT('',(0.6,-0.585,4.E-02));
#8637 = DIRECTION('',(1.,0.,0.));
#8638 = DIRECTION('',(0.,-1.,0.));
#8639 = ADVANCED_FACE('',(#8640),#8659,.T.);
#8640 = FACE_BOUND('',#8641,.T.);
#8641 = EDGE_LOOP('',(#8642,#8643,#8652,#8658));
#8642 = ORIENTED_EDGE('',*,*,#8604,.T.);
#8643 = ORIENTED_EDGE('',*,*,#8644,.T.);
#8644 = EDGE_CURVE('',#8590,#8645,#8647,.T.);
#8645 = VERTEX_POINT('',#8646);
#8646 = CARTESIAN_POINT('',(1.,-0.585,1.25));
#8647 = CIRCLE('',#8648,4.E-02);
#8648 = AXIS2_PLACEMENT_3D('',#8649,#8650,#8651);
#8649 = CARTESIAN_POINT('',(1.,-0.585,1.21));
#8650 = DIRECTION('',(-1.,0.,0.));
#8651 = DIRECTION('',(0.,0.,1.));
#8652 = ORIENTED_EDGE('',*,*,#8653,.F.);
#8653 = EDGE_CURVE('',#8555,#8645,#8654,.T.);
#8654 = LINE('',#8655,#8656);
#8655 = CARTESIAN_POINT('',(0.6,-0.585,1.25));
#8656 = VECTOR('',#8657,1.);
#8657 = DIRECTION('',(1.,0.,0.));
#8658 = ORIENTED_EDGE('',*,*,#8562,.F.);
#8659 = CYLINDRICAL_SURFACE('',#8660,4.E-02);
#8660 = AXIS2_PLACEMENT_3D('',#8661,#8662,#8663);
#8661 = CARTESIAN_POINT('',(0.6,-0.585,1.21));
#8662 = DIRECTION('',(1.,0.,0.));
#8663 = DIRECTION('',(0.,-1.,0.));
#8664 = ADVANCED_FACE('',(#8665),#8683,.F.);
#8665 = FACE_BOUND('',#8666,.F.);
#8666 = EDGE_LOOP('',(#8667,#8668,#8669,#8677));
#8667 = ORIENTED_EDGE('',*,*,#8520,.F.);
#8668 = ORIENTED_EDGE('',*,*,#8619,.T.);
#8669 = ORIENTED_EDGE('',*,*,#8670,.T.);
#8670 = EDGE_CURVE('',#8620,#8671,#8673,.T.);
#8671 = VERTEX_POINT('',#8672);
#8672 = CARTESIAN_POINT('',(1.,0.585,0.));
#8673 = LINE('',#8674,#8675);
#8674 = CARTESIAN_POINT('',(1.,-0.625,0.));
#8675 = VECTOR('',#8676,1.);
#8676 = DIRECTION('',(0.,1.,0.));
#8677 = ORIENTED_EDGE('',*,*,#8678,.F.);
#8678 = EDGE_CURVE('',#8521,#8671,#8679,.T.);
#8679 = LINE('',#8680,#8681);
#8680 = CARTESIAN_POINT('',(0.6,0.585,0.));
#8681 = VECTOR('',#8682,1.);
#8682 = DIRECTION('',(1.,0.,0.));
#8683 = PLANE('',#8684);
#8684 = AXIS2_PLACEMENT_3D('',#8685,#8686,#8687);
#8685 = CARTESIAN_POINT('',(0.6,-0.625,0.));
#8686 = DIRECTION('',(0.,0.,1.));
#8687 = DIRECTION('',(1.,0.,-0.));
#8688 = ADVANCED_FACE('',(#8689),#8707,.T.);
#8689 = FACE_BOUND('',#8690,.T.);
#8690 = EDGE_LOOP('',(#8691,#8692,#8693,#8701));
#8691 = ORIENTED_EDGE('',*,*,#8554,.F.);
#8692 = ORIENTED_EDGE('',*,*,#8653,.T.);
#8693 = ORIENTED_EDGE('',*,*,#8694,.T.);
#8694 = EDGE_CURVE('',#8645,#8695,#8697,.T.);
#8695 = VERTEX_POINT('',#8696);
#8696 = CARTESIAN_POINT('',(1.,0.585,1.25));
#8697 = LINE('',#8698,#8699);
#8698 = CARTESIAN_POINT('',(1.,-0.625,1.25));
#8699 = VECTOR('',#8700,1.);
#8700 = DIRECTION('',(0.,1.,0.));
#8701 = ORIENTED_EDGE('',*,*,#8702,.F.);
#8702 = EDGE_CURVE('',#8546,#8695,#8703,.T.);
#8703 = LINE('',#8704,#8705);
#8704 = CARTESIAN_POINT('',(0.6,0.585,1.25));
#8705 = VECTOR('',#8706,1.);
#8706 = DIRECTION('',(1.,0.,0.));
#8707 = PLANE('',#8708);
#8708 = AXIS2_PLACEMENT_3D('',#8709,#8710,#8711);
#8709 = CARTESIAN_POINT('',(0.6,-0.625,1.25));
#8710 = DIRECTION('',(0.,0.,1.));
#8711 = DIRECTION('',(1.,0.,-0.));
#8712 = ADVANCED_FACE('',(#8713),#8732,.T.);
#8713 = FACE_BOUND('',#8714,.T.);
#8714 = EDGE_LOOP('',(#8715,#8723,#8730,#8731));
#8715 = ORIENTED_EDGE('',*,*,#8716,.T.);
#8716 = EDGE_CURVE('',#8529,#8717,#8719,.T.);
#8717 = VERTEX_POINT('',#8718);
#8718 = CARTESIAN_POINT('',(1.,0.625,4.E-02));
#8719 = LINE('',#8720,#8721);
#8720 = CARTESIAN_POINT('',(0.6,0.625,4.E-02));
#8721 = VECTOR('',#8722,1.);
#8722 = DIRECTION('',(1.,0.,0.));
#8723 = ORIENTED_EDGE('',*,*,#8724,.T.);
#8724 = EDGE_CURVE('',#8717,#8671,#8725,.T.);
#8725 = CIRCLE('',#8726,4.E-02);
#8726 = AXIS2_PLACEMENT_3D('',#8727,#8728,#8729);
#8727 = CARTESIAN_POINT('',(1.,0.585,4.E-02));
#8728 = DIRECTION('',(-1.,0.,0.));
#8729 = DIRECTION('',(0.,0.,1.));
#8730 = ORIENTED_EDGE('',*,*,#8678,.F.);
#8731 = ORIENTED_EDGE('',*,*,#8528,.F.);
#8732 = CYLINDRICAL_SURFACE('',#8733,4.E-02);
#8733 = AXIS2_PLACEMENT_3D('',#8734,#8735,#8736);
#8734 = CARTESIAN_POINT('',(0.6,0.585,4.E-02));
#8735 = DIRECTION('',(1.,0.,0.));
#8736 = DIRECTION('',(-0.,1.,0.));
#8737 = ADVANCED_FACE('',(#8738),#8757,.T.);
#8738 = FACE_BOUND('',#8739,.T.);
#8739 = EDGE_LOOP('',(#8740,#8741,#8742,#8751));
#8740 = ORIENTED_EDGE('',*,*,#8545,.T.);
#8741 = ORIENTED_EDGE('',*,*,#8702,.T.);
#8742 = ORIENTED_EDGE('',*,*,#8743,.F.);
#8743 = EDGE_CURVE('',#8744,#8695,#8746,.T.);
#8744 = VERTEX_POINT('',#8745);
#8745 = CARTESIAN_POINT('',(1.,0.625,1.21));
#8746 = CIRCLE('',#8747,4.E-02);
#8747 = AXIS2_PLACEMENT_3D('',#8748,#8749,#8750);
#8748 = CARTESIAN_POINT('',(1.,0.585,1.21));
#8749 = DIRECTION('',(1.,0.,-0.));
#8750 = DIRECTION('',(0.,0.,1.));
#8751 = ORIENTED_EDGE('',*,*,#8752,.F.);
#8752 = EDGE_CURVE('',#8538,#8744,#8753,.T.);
#8753 = LINE('',#8754,#8755);
#8754 = CARTESIAN_POINT('',(0.6,0.625,1.21));
#8755 = VECTOR('',#8756,1.);
#8756 = DIRECTION('',(1.,0.,0.));
#8757 = CYLINDRICAL_SURFACE('',#8758,4.E-02);
#8758 = AXIS2_PLACEMENT_3D('',#8759,#8760,#8761);
#8759 = CARTESIAN_POINT('',(0.6,0.585,1.21));
#8760 = DIRECTION('',(1.,0.,0.));
#8761 = DIRECTION('',(-0.,1.,0.));
#8762 = ADVANCED_FACE('',(#8763),#8774,.T.);
#8763 = FACE_BOUND('',#8764,.T.);
#8764 = EDGE_LOOP('',(#8765,#8771,#8772,#8773));
#8765 = ORIENTED_EDGE('',*,*,#8766,.F.);
#8766 = EDGE_CURVE('',#8717,#8744,#8767,.T.);
#8767 = LINE('',#8768,#8769);
#8768 = CARTESIAN_POINT('',(1.,0.625,0.));
#8769 = VECTOR('',#8770,1.);
#8770 = DIRECTION('',(0.,0.,1.));
#8771 = ORIENTED_EDGE('',*,*,#8716,.F.);
#8772 = ORIENTED_EDGE('',*,*,#8537,.T.);
#8773 = ORIENTED_EDGE('',*,*,#8752,.T.);
#8774 = PLANE('',#8775);
#8775 = AXIS2_PLACEMENT_3D('',#8776,#8777,#8778);
#8776 = CARTESIAN_POINT('',(0.6,0.625,0.));
#8777 = DIRECTION('',(0.,1.,0.));
#8778 = DIRECTION('',(0.,-0.,1.));
#8779 = ADVANCED_FACE('',(#8780),#8790,.T.);
#8780 = FACE_BOUND('',#8781,.T.);
#8781 = EDGE_LOOP('',(#8782,#8783,#8784,#8785,#8786,#8787,#8788,#8789));
#8782 = ORIENTED_EDGE('',*,*,#8587,.F.);
#8783 = ORIENTED_EDGE('',*,*,#8627,.T.);
#8784 = ORIENTED_EDGE('',*,*,#8670,.T.);
#8785 = ORIENTED_EDGE('',*,*,#8724,.F.);
#8786 = ORIENTED_EDGE('',*,*,#8766,.T.);
#8787 = ORIENTED_EDGE('',*,*,#8743,.T.);
#8788 = ORIENTED_EDGE('',*,*,#8694,.F.);
#8789 = ORIENTED_EDGE('',*,*,#8644,.F.);
#8790 = PLANE('',#8791);
#8791 = AXIS2_PLACEMENT_3D('',#8792,#8793,#8794);
#8792 = CARTESIAN_POINT('',(1.,-0.625,0.));
#8793 = DIRECTION('',(1.,0.,0.));
#8794 = DIRECTION('',(0.,0.,1.));
#8795 = ( GEOMETRIC_REPRESENTATION_CONTEXT(3) 
GLOBAL_UNCERTAINTY_ASSIGNED_CONTEXT((#8799)) 
GLOBAL_UNIT_ASSIGNED_CONTEXT((#8796,#8797,#8798)) REPRESENTATION_CONTEXT
('Context #1','3D Context with UNIT and UNCERTAINTY') );
#8796 = ( LENGTH_UNIT() NAMED_UNIT(*) SI_UNIT(.MILLI.,.METRE.) );
#8797 = ( NAMED_UNIT(*) PLANE_ANGLE_UNIT() SI_UNIT($,.RADIAN.) );
#8798 = ( NAMED_UNIT(*) SI_UNIT($,.STERADIAN.) SOLID_ANGLE_UNIT() );
#8799 = UNCERTAINTY_MEASURE_WITH_UNIT(LENGTH_MEASURE(1.E-07),#8796,
  'distance_accuracy_value','confusion accuracy');
#8800 = CONTEXT_DEPENDENT_SHAPE_REPRESENTATION(#8801,#8803);
#8801 = ( REPRESENTATION_RELATIONSHIP('','',#7940,#10) 
REPRESENTATION_RELATIONSHIP_WITH_TRANSFORMATION(#8802) 
SHAPE_REPRESENTATION_RELATIONSHIP() );
#8802 = ITEM_DEFINED_TRANSFORMATION('','',#11,#55);
#8803 = PRODUCT_DEFINITION_SHAPE('Placement','Placement of an item',
  #8804);
#8804 = NEXT_ASSEMBLY_USAGE_OCCURRENCE('1331','C16','',#5,#7935,$);
#8805 = PRODUCT_RELATED_PRODUCT_CATEGORY('part',$,(#7937));
#8806 = CONTEXT_DEPENDENT_SHAPE_REPRESENTATION(#8807,#8809);
#8807 = ( REPRESENTATION_RELATIONSHIP('','',#7096,#10) 
REPRESENTATION_RELATIONSHIP_WITH_TRANSFORMATION(#8808) 
SHAPE_REPRESENTATION_RELATIONSHIP() );
#8808 = ITEM_DEFINED_TRANSFORMATION('','',#11,#59);
#8809 = PRODUCT_DEFINITION_SHAPE('Placement','Placement of an item',
  #8810);
#8810 = NEXT_ASSEMBLY_USAGE_OCCURRENCE('1332','R11','',#5,#7091,$);
#8811 = CONTEXT_DEPENDENT_SHAPE_REPRESENTATION(#8812,#8814);
#8812 = ( REPRESENTATION_RELATIONSHIP('','',#7940,#10) 
REPRESENTATION_RELATIONSHIP_WITH_TRANSFORMATION(#8813) 
SHAPE_REPRESENTATION_RELATIONSHIP() );
#8813 = ITEM_DEFINED_TRANSFORMATION('','',#11,#63);
#8814 = PRODUCT_DEFINITION_SHAPE('Placement','Placement of an item',
  #8815);
#8815 = NEXT_ASSEMBLY_USAGE_OCCURRENCE('1333','C14','',#5,#7935,$);
#8816 = CONTEXT_DEPENDENT_SHAPE_REPRESENTATION(#8817,#8819);
#8817 = ( REPRESENTATION_RELATIONSHIP('','',#7940,#10) 
REPRESENTATION_RELATIONSHIP_WITH_TRANSFORMATION(#8818) 
SHAPE_REPRESENTATION_RELATIONSHIP() );
#8818 = ITEM_DEFINED_TRANSFORMATION('','',#11,#67);
#8819 = PRODUCT_DEFINITION_SHAPE('Placement','Placement of an item',
  #8820);
#8820 = NEXT_ASSEMBLY_USAGE_OCCURRENCE('1334','C12','',#5,#7935,$);
#8821 = CONTEXT_DEPENDENT_SHAPE_REPRESENTATION(#8822,#8824);
#8822 = ( REPRESENTATION_RELATIONSHIP('','',#7096,#10) 
REPRESENTATION_RELATIONSHIP_WITH_TRANSFORMATION(#8823) 
SHAPE_REPRESENTATION_RELATIONSHIP() );
#8823 = ITEM_DEFINED_TRANSFORMATION('','',#11,#71);
#8824 = PRODUCT_DEFINITION_SHAPE('Placement','Placement of an item',
  #8825);
#8825 = NEXT_ASSEMBLY_USAGE_OCCURRENCE('1335','R8','',#5,#7091,$);
#8826 = CONTEXT_DEPENDENT_SHAPE_REPRESENTATION(#8827,#8829);
#8827 = ( REPRESENTATION_RELATIONSHIP('','',#7096,#10) 
REPRESENTATION_RELATIONSHIP_WITH_TRANSFORMATION(#8828) 
SHAPE_REPRESENTATION_RELATIONSHIP() );
#8828 = ITEM_DEFINED_TRANSFORMATION('','',#11,#75);
#8829 = PRODUCT_DEFINITION_SHAPE('Placement','Placement of an item',
  #8830);
#8830 = NEXT_ASSEMBLY_USAGE_OCCURRENCE('1336','R12','',#5,#7091,$);
#8831 = CONTEXT_DEPENDENT_SHAPE_REPRESENTATION(#8832,#8834);
#8832 = ( REPRESENTATION_RELATIONSHIP('','',#7096,#10) 
REPRESENTATION_RELATIONSHIP_WITH_TRANSFORMATION(#8833) 
SHAPE_REPRESENTATION_RELATIONSHIP() );
#8833 = ITEM_DEFINED_TRANSFORMATION('','',#11,#79);
#8834 = PRODUCT_DEFINITION_SHAPE('Placement','Placement of an item',
  #8835);
#8835 = NEXT_ASSEMBLY_USAGE_OCCURRENCE('1337','R33','',#5,#7091,$);
#8836 = CONTEXT_DEPENDENT_SHAPE_REPRESENTATION(#8837,#8839);
#8837 = ( REPRESENTATION_RELATIONSHIP('','',#7940,#10) 
REPRESENTATION_RELATIONSHIP_WITH_TRANSFORMATION(#8838) 
SHAPE_REPRESENTATION_RELATIONSHIP() );
#8838 = ITEM_DEFINED_TRANSFORMATION('','',#11,#83);
#8839 = PRODUCT_DEFINITION_SHAPE('Placement','Placement of an item',
  #8840);
#8840 = NEXT_ASSEMBLY_USAGE_OCCURRENCE('1338','C5','',#5,#7935,$);
#8841 = CONTEXT_DEPENDENT_SHAPE_REPRESENTATION(#8842,#8844);
#8842 = ( REPRESENTATION_RELATIONSHIP('','',#7940,#10) 
REPRESENTATION_RELATIONSHIP_WITH_TRANSFORMATION(#8843) 
SHAPE_REPRESENTATION_RELATIONSHIP() );
#8843 = ITEM_DEFINED_TRANSFORMATION('','',#11,#87);
#8844 = PRODUCT_DEFINITION_SHAPE('Placement','Placement of an item',
  #8845);
#8845 = NEXT_ASSEMBLY_USAGE_OCCURRENCE('1339','C9','',#5,#7935,$);
#8846 = CONTEXT_DEPENDENT_SHAPE_REPRESENTATION(#8847,#8849);
#8847 = ( REPRESENTATION_RELATIONSHIP('','',#7096,#10) 
REPRESENTATION_RELATIONSHIP_WITH_TRANSFORMATION(#8848) 
SHAPE_REPRESENTATION_RELATIONSHIP() );
#8848 = ITEM_DEFINED_TRANSFORMATION('','',#11,#91);
#8849 = PRODUCT_DEFINITION_SHAPE('Placement','Placement of an item',
  #8850);
#8850 = NEXT_ASSEMBLY_USAGE_OCCURRENCE('1340','R6','',#5,#7091,$);
#8851 = SHAPE_DEFINITION_REPRESENTATION(#8852,#8858);
#8852 = PRODUCT_DEFINITION_SHAPE('','',#8853);
#8853 = PRODUCT_DEFINITION('design','',#8854,#8857);
#8854 = PRODUCT_DEFINITION_FORMATION('','',#8855);
#8855 = PRODUCT('L_0805_2012Metric','L_0805_2012Metric','',(#8856));
#8856 = PRODUCT_CONTEXT('',#2,'mechanical');
#8857 = PRODUCT_DEFINITION_CONTEXT('part definition',#2,'design');
#8858 = ADVANCED_BREP_SHAPE_REPRESENTATION('',(#11,#8859),#9713);
#8859 = MANIFOLD_SOLID_BREP('',#8860);
#8860 = CLOSED_SHELL('',(#8861,#8937,#8968,#8993,#9018,#9042,#9066,#9091
    ,#9116,#9133,#9219,#9251,#9275,#9300,#9324,#9349,#9373,#9398,#9415,
    #9501,#9532,#9557,#9582,#9606,#9630,#9655,#9680,#9697));
#8861 = ADVANCED_FACE('',(#8862),#8932,.F.);
#8862 = FACE_BOUND('',#8863,.F.);
#8863 = EDGE_LOOP('',(#8864,#8874,#8883,#8891,#8900,#8908,#8917,#8925));
#8864 = ORIENTED_EDGE('',*,*,#8865,.F.);
#8865 = EDGE_CURVE('',#8866,#8868,#8870,.T.);
#8866 = VERTEX_POINT('',#8867);
#8867 = CARTESIAN_POINT('',(-1.,-0.625,4.E-02));
#8868 = VERTEX_POINT('',#8869);
#8869 = CARTESIAN_POINT('',(-1.,-0.625,1.21));
#8870 = LINE('',#8871,#8872);
#8871 = CARTESIAN_POINT('',(-1.,-0.625,0.));
#8872 = VECTOR('',#8873,1.);
#8873 = DIRECTION('',(0.,0.,1.));
#8874 = ORIENTED_EDGE('',*,*,#8875,.T.);
#8875 = EDGE_CURVE('',#8866,#8876,#8878,.T.);
#8876 = VERTEX_POINT('',#8877);
#8877 = CARTESIAN_POINT('',(-1.,-0.585,0.));
#8878 = CIRCLE('',#8879,4.E-02);
#8879 = AXIS2_PLACEMENT_3D('',#8880,#8881,#8882);
#8880 = CARTESIAN_POINT('',(-1.,-0.585,4.E-02));
#8881 = DIRECTION('',(1.,0.,-0.));
#8882 = DIRECTION('',(0.,0.,1.));
#8883 = ORIENTED_EDGE('',*,*,#8884,.T.);
#8884 = EDGE_CURVE('',#8876,#8885,#8887,.T.);
#8885 = VERTEX_POINT('',#8886);
#8886 = CARTESIAN_POINT('',(-1.,0.585,0.));
#8887 = LINE('',#8888,#8889);
#8888 = CARTESIAN_POINT('',(-1.,-0.625,0.));
#8889 = VECTOR('',#8890,1.);
#8890 = DIRECTION('',(0.,1.,0.));
#8891 = ORIENTED_EDGE('',*,*,#8892,.F.);
#8892 = EDGE_CURVE('',#8893,#8885,#8895,.T.);
#8893 = VERTEX_POINT('',#8894);
#8894 = CARTESIAN_POINT('',(-1.,0.625,4.E-02));
#8895 = CIRCLE('',#8896,4.E-02);
#8896 = AXIS2_PLACEMENT_3D('',#8897,#8898,#8899);
#8897 = CARTESIAN_POINT('',(-1.,0.585,4.E-02));
#8898 = DIRECTION('',(-1.,0.,0.));
#8899 = DIRECTION('',(0.,0.,1.));
#8900 = ORIENTED_EDGE('',*,*,#8901,.T.);
#8901 = EDGE_CURVE('',#8893,#8902,#8904,.T.);
#8902 = VERTEX_POINT('',#8903);
#8903 = CARTESIAN_POINT('',(-1.,0.625,1.21));
#8904 = LINE('',#8905,#8906);
#8905 = CARTESIAN_POINT('',(-1.,0.625,0.));
#8906 = VECTOR('',#8907,1.);
#8907 = DIRECTION('',(0.,0.,1.));
#8908 = ORIENTED_EDGE('',*,*,#8909,.T.);
#8909 = EDGE_CURVE('',#8902,#8910,#8912,.T.);
#8910 = VERTEX_POINT('',#8911);
#8911 = CARTESIAN_POINT('',(-1.,0.585,1.25));
#8912 = CIRCLE('',#8913,4.E-02);
#8913 = AXIS2_PLACEMENT_3D('',#8914,#8915,#8916);
#8914 = CARTESIAN_POINT('',(-1.,0.585,1.21));
#8915 = DIRECTION('',(1.,0.,-0.));
#8916 = DIRECTION('',(0.,0.,1.));
#8917 = ORIENTED_EDGE('',*,*,#8918,.F.);
#8918 = EDGE_CURVE('',#8919,#8910,#8921,.T.);
#8919 = VERTEX_POINT('',#8920);
#8920 = CARTESIAN_POINT('',(-1.,-0.585,1.25));
#8921 = LINE('',#8922,#8923);
#8922 = CARTESIAN_POINT('',(-1.,-0.625,1.25));
#8923 = VECTOR('',#8924,1.);
#8924 = DIRECTION('',(0.,1.,0.));
#8925 = ORIENTED_EDGE('',*,*,#8926,.F.);
#8926 = EDGE_CURVE('',#8868,#8919,#8927,.T.);
#8927 = CIRCLE('',#8928,4.E-02);
#8928 = AXIS2_PLACEMENT_3D('',#8929,#8930,#8931);
#8929 = CARTESIAN_POINT('',(-1.,-0.585,1.21));
#8930 = DIRECTION('',(-1.,0.,0.));
#8931 = DIRECTION('',(0.,0.,1.));
#8932 = PLANE('',#8933);
#8933 = AXIS2_PLACEMENT_3D('',#8934,#8935,#8936);
#8934 = CARTESIAN_POINT('',(-1.,-0.625,0.));
#8935 = DIRECTION('',(1.,0.,0.));
#8936 = DIRECTION('',(0.,0.,1.));
#8937 = ADVANCED_FACE('',(#8938),#8963,.F.);
#8938 = FACE_BOUND('',#8939,.F.);
#8939 = EDGE_LOOP('',(#8940,#8950,#8956,#8957));
#8940 = ORIENTED_EDGE('',*,*,#8941,.F.);
#8941 = EDGE_CURVE('',#8942,#8944,#8946,.T.);
#8942 = VERTEX_POINT('',#8943);
#8943 = CARTESIAN_POINT('',(-0.6,-0.625,4.E-02));
#8944 = VERTEX_POINT('',#8945);
#8945 = CARTESIAN_POINT('',(-0.6,-0.625,1.21));
#8946 = LINE('',#8947,#8948);
#8947 = CARTESIAN_POINT('',(-0.6,-0.625,0.));
#8948 = VECTOR('',#8949,1.);
#8949 = DIRECTION('',(0.,0.,1.));
#8950 = ORIENTED_EDGE('',*,*,#8951,.F.);
#8951 = EDGE_CURVE('',#8866,#8942,#8952,.T.);
#8952 = LINE('',#8953,#8954);
#8953 = CARTESIAN_POINT('',(-1.,-0.625,4.E-02));
#8954 = VECTOR('',#8955,1.);
#8955 = DIRECTION('',(1.,0.,0.));
#8956 = ORIENTED_EDGE('',*,*,#8865,.T.);
#8957 = ORIENTED_EDGE('',*,*,#8958,.T.);
#8958 = EDGE_CURVE('',#8868,#8944,#8959,.T.);
#8959 = LINE('',#8960,#8961);
#8960 = CARTESIAN_POINT('',(-1.,-0.625,1.21));
#8961 = VECTOR('',#8962,1.);
#8962 = DIRECTION('',(1.,0.,0.));
#8963 = PLANE('',#8964);
#8964 = AXIS2_PLACEMENT_3D('',#8965,#8966,#8967);
#8965 = CARTESIAN_POINT('',(-1.,-0.625,0.));
#8966 = DIRECTION('',(0.,1.,0.));
#8967 = DIRECTION('',(0.,-0.,1.));
#8968 = ADVANCED_FACE('',(#8969),#8988,.T.);
#8969 = FACE_BOUND('',#8970,.T.);
#8970 = EDGE_LOOP('',(#8971,#8972,#8980,#8987));
#8971 = ORIENTED_EDGE('',*,*,#8875,.T.);
#8972 = ORIENTED_EDGE('',*,*,#8973,.T.);
#8973 = EDGE_CURVE('',#8876,#8974,#8976,.T.);
#8974 = VERTEX_POINT('',#8975);
#8975 = CARTESIAN_POINT('',(-0.6,-0.585,0.));
#8976 = LINE('',#8977,#8978);
#8977 = CARTESIAN_POINT('',(-1.,-0.585,0.));
#8978 = VECTOR('',#8979,1.);
#8979 = DIRECTION('',(1.,0.,0.));
#8980 = ORIENTED_EDGE('',*,*,#8981,.F.);
#8981 = EDGE_CURVE('',#8942,#8974,#8982,.T.);
#8982 = CIRCLE('',#8983,4.E-02);
#8983 = AXIS2_PLACEMENT_3D('',#8984,#8985,#8986);
#8984 = CARTESIAN_POINT('',(-0.6,-0.585,4.E-02));
#8985 = DIRECTION('',(1.,0.,-0.));
#8986 = DIRECTION('',(0.,0.,1.));
#8987 = ORIENTED_EDGE('',*,*,#8951,.F.);
#8988 = CYLINDRICAL_SURFACE('',#8989,4.E-02);
#8989 = AXIS2_PLACEMENT_3D('',#8990,#8991,#8992);
#8990 = CARTESIAN_POINT('',(-1.,-0.585,4.E-02));
#8991 = DIRECTION('',(1.,0.,0.));
#8992 = DIRECTION('',(0.,-1.,0.));
#8993 = ADVANCED_FACE('',(#8994),#9013,.T.);
#8994 = FACE_BOUND('',#8995,.T.);
#8995 = EDGE_LOOP('',(#8996,#8997,#9006,#9012));
#8996 = ORIENTED_EDGE('',*,*,#8958,.T.);
#8997 = ORIENTED_EDGE('',*,*,#8998,.T.);
#8998 = EDGE_CURVE('',#8944,#8999,#9001,.T.);
#8999 = VERTEX_POINT('',#9000);
#9000 = CARTESIAN_POINT('',(-0.6,-0.585,1.25));
#9001 = CIRCLE('',#9002,4.E-02);
#9002 = AXIS2_PLACEMENT_3D('',#9003,#9004,#9005);
#9003 = CARTESIAN_POINT('',(-0.6,-0.585,1.21));
#9004 = DIRECTION('',(-1.,0.,0.));
#9005 = DIRECTION('',(0.,0.,1.));
#9006 = ORIENTED_EDGE('',*,*,#9007,.F.);
#9007 = EDGE_CURVE('',#8919,#8999,#9008,.T.);
#9008 = LINE('',#9009,#9010);
#9009 = CARTESIAN_POINT('',(-1.,-0.585,1.25));
#9010 = VECTOR('',#9011,1.);
#9011 = DIRECTION('',(1.,0.,0.));
#9012 = ORIENTED_EDGE('',*,*,#8926,.F.);
#9013 = CYLINDRICAL_SURFACE('',#9014,4.E-02);
#9014 = AXIS2_PLACEMENT_3D('',#9015,#9016,#9017);
#9015 = CARTESIAN_POINT('',(-1.,-0.585,1.21));
#9016 = DIRECTION('',(1.,0.,0.));
#9017 = DIRECTION('',(0.,-1.,0.));
#9018 = ADVANCED_FACE('',(#9019),#9037,.F.);
#9019 = FACE_BOUND('',#9020,.F.);
#9020 = EDGE_LOOP('',(#9021,#9022,#9023,#9031));
#9021 = ORIENTED_EDGE('',*,*,#8884,.F.);
#9022 = ORIENTED_EDGE('',*,*,#8973,.T.);
#9023 = ORIENTED_EDGE('',*,*,#9024,.T.);
#9024 = EDGE_CURVE('',#8974,#9025,#9027,.T.);
#9025 = VERTEX_POINT('',#9026);
#9026 = CARTESIAN_POINT('',(-0.6,0.585,0.));
#9027 = LINE('',#9028,#9029);
#9028 = CARTESIAN_POINT('',(-0.6,-0.625,0.));
#9029 = VECTOR('',#9030,1.);
#9030 = DIRECTION('',(0.,1.,0.));
#9031 = ORIENTED_EDGE('',*,*,#9032,.F.);
#9032 = EDGE_CURVE('',#8885,#9025,#9033,.T.);
#9033 = LINE('',#9034,#9035);
#9034 = CARTESIAN_POINT('',(-1.,0.585,0.));
#9035 = VECTOR('',#9036,1.);
#9036 = DIRECTION('',(1.,0.,0.));
#9037 = PLANE('',#9038);
#9038 = AXIS2_PLACEMENT_3D('',#9039,#9040,#9041);
#9039 = CARTESIAN_POINT('',(-1.,-0.625,0.));
#9040 = DIRECTION('',(0.,0.,1.));
#9041 = DIRECTION('',(1.,0.,-0.));
#9042 = ADVANCED_FACE('',(#9043),#9061,.T.);
#9043 = FACE_BOUND('',#9044,.T.);
#9044 = EDGE_LOOP('',(#9045,#9046,#9047,#9055));
#9045 = ORIENTED_EDGE('',*,*,#8918,.F.);
#9046 = ORIENTED_EDGE('',*,*,#9007,.T.);
#9047 = ORIENTED_EDGE('',*,*,#9048,.T.);
#9048 = EDGE_CURVE('',#8999,#9049,#9051,.T.);
#9049 = VERTEX_POINT('',#9050);
#9050 = CARTESIAN_POINT('',(-0.6,0.585,1.25));
#9051 = LINE('',#9052,#9053);
#9052 = CARTESIAN_POINT('',(-0.6,-0.625,1.25));
#9053 = VECTOR('',#9054,1.);
#9054 = DIRECTION('',(0.,1.,0.));
#9055 = ORIENTED_EDGE('',*,*,#9056,.F.);
#9056 = EDGE_CURVE('',#8910,#9049,#9057,.T.);
#9057 = LINE('',#9058,#9059);
#9058 = CARTESIAN_POINT('',(-1.,0.585,1.25));
#9059 = VECTOR('',#9060,1.);
#9060 = DIRECTION('',(1.,0.,0.));
#9061 = PLANE('',#9062);
#9062 = AXIS2_PLACEMENT_3D('',#9063,#9064,#9065);
#9063 = CARTESIAN_POINT('',(-1.,-0.625,1.25));
#9064 = DIRECTION('',(0.,0.,1.));
#9065 = DIRECTION('',(1.,0.,-0.));
#9066 = ADVANCED_FACE('',(#9067),#9086,.T.);
#9067 = FACE_BOUND('',#9068,.T.);
#9068 = EDGE_LOOP('',(#9069,#9077,#9084,#9085));
#9069 = ORIENTED_EDGE('',*,*,#9070,.T.);
#9070 = EDGE_CURVE('',#8893,#9071,#9073,.T.);
#9071 = VERTEX_POINT('',#9072);
#9072 = CARTESIAN_POINT('',(-0.6,0.625,4.E-02));
#9073 = LINE('',#9074,#9075);
#9074 = CARTESIAN_POINT('',(-1.,0.625,4.E-02));
#9075 = VECTOR('',#9076,1.);
#9076 = DIRECTION('',(1.,0.,0.));
#9077 = ORIENTED_EDGE('',*,*,#9078,.T.);
#9078 = EDGE_CURVE('',#9071,#9025,#9079,.T.);
#9079 = CIRCLE('',#9080,4.E-02);
#9080 = AXIS2_PLACEMENT_3D('',#9081,#9082,#9083);
#9081 = CARTESIAN_POINT('',(-0.6,0.585,4.E-02));
#9082 = DIRECTION('',(-1.,0.,0.));
#9083 = DIRECTION('',(0.,0.,1.));
#9084 = ORIENTED_EDGE('',*,*,#9032,.F.);
#9085 = ORIENTED_EDGE('',*,*,#8892,.F.);
#9086 = CYLINDRICAL_SURFACE('',#9087,4.E-02);
#9087 = AXIS2_PLACEMENT_3D('',#9088,#9089,#9090);
#9088 = CARTESIAN_POINT('',(-1.,0.585,4.E-02));
#9089 = DIRECTION('',(1.,0.,0.));
#9090 = DIRECTION('',(-0.,1.,0.));
#9091 = ADVANCED_FACE('',(#9092),#9111,.T.);
#9092 = FACE_BOUND('',#9093,.T.);
#9093 = EDGE_LOOP('',(#9094,#9095,#9096,#9105));
#9094 = ORIENTED_EDGE('',*,*,#8909,.T.);
#9095 = ORIENTED_EDGE('',*,*,#9056,.T.);
#9096 = ORIENTED_EDGE('',*,*,#9097,.F.);
#9097 = EDGE_CURVE('',#9098,#9049,#9100,.T.);
#9098 = VERTEX_POINT('',#9099);
#9099 = CARTESIAN_POINT('',(-0.6,0.625,1.21));
#9100 = CIRCLE('',#9101,4.E-02);
#9101 = AXIS2_PLACEMENT_3D('',#9102,#9103,#9104);
#9102 = CARTESIAN_POINT('',(-0.6,0.585,1.21));
#9103 = DIRECTION('',(1.,0.,-0.));
#9104 = DIRECTION('',(0.,0.,1.));
#9105 = ORIENTED_EDGE('',*,*,#9106,.F.);
#9106 = EDGE_CURVE('',#8902,#9098,#9107,.T.);
#9107 = LINE('',#9108,#9109);
#9108 = CARTESIAN_POINT('',(-1.,0.625,1.21));
#9109 = VECTOR('',#9110,1.);
#9110 = DIRECTION('',(1.,0.,0.));
#9111 = CYLINDRICAL_SURFACE('',#9112,4.E-02);
#9112 = AXIS2_PLACEMENT_3D('',#9113,#9114,#9115);
#9113 = CARTESIAN_POINT('',(-1.,0.585,1.21));
#9114 = DIRECTION('',(1.,0.,0.));
#9115 = DIRECTION('',(-0.,1.,0.));
#9116 = ADVANCED_FACE('',(#9117),#9128,.T.);
#9117 = FACE_BOUND('',#9118,.T.);
#9118 = EDGE_LOOP('',(#9119,#9125,#9126,#9127));
#9119 = ORIENTED_EDGE('',*,*,#9120,.F.);
#9120 = EDGE_CURVE('',#9071,#9098,#9121,.T.);
#9121 = LINE('',#9122,#9123);
#9122 = CARTESIAN_POINT('',(-0.6,0.625,0.));
#9123 = VECTOR('',#9124,1.);
#9124 = DIRECTION('',(0.,0.,1.));
#9125 = ORIENTED_EDGE('',*,*,#9070,.F.);
#9126 = ORIENTED_EDGE('',*,*,#8901,.T.);
#9127 = ORIENTED_EDGE('',*,*,#9106,.T.);
#9128 = PLANE('',#9129);
#9129 = AXIS2_PLACEMENT_3D('',#9130,#9131,#9132);
#9130 = CARTESIAN_POINT('',(-1.,0.625,0.));
#9131 = DIRECTION('',(0.,1.,0.));
#9132 = DIRECTION('',(0.,-0.,1.));
#9133 = ADVANCED_FACE('',(#9134,#9144),#9214,.T.);
#9134 = FACE_BOUND('',#9135,.T.);
#9135 = EDGE_LOOP('',(#9136,#9137,#9138,#9139,#9140,#9141,#9142,#9143));
#9136 = ORIENTED_EDGE('',*,*,#8941,.F.);
#9137 = ORIENTED_EDGE('',*,*,#8981,.T.);
#9138 = ORIENTED_EDGE('',*,*,#9024,.T.);
#9139 = ORIENTED_EDGE('',*,*,#9078,.F.);
#9140 = ORIENTED_EDGE('',*,*,#9120,.T.);
#9141 = ORIENTED_EDGE('',*,*,#9097,.T.);
#9142 = ORIENTED_EDGE('',*,*,#9048,.F.);
#9143 = ORIENTED_EDGE('',*,*,#8998,.F.);
#9144 = FACE_BOUND('',#9145,.T.);
#9145 = EDGE_LOOP('',(#9146,#9157,#9165,#9174,#9182,#9191,#9199,#9208));
#9146 = ORIENTED_EDGE('',*,*,#9147,.F.);
#9147 = EDGE_CURVE('',#9148,#9150,#9152,.T.);
#9148 = VERTEX_POINT('',#9149);
#9149 = CARTESIAN_POINT('',(-0.6,-0.585,8.E-02));
#9150 = VERTEX_POINT('',#9151);
#9151 = CARTESIAN_POINT('',(-0.6,-0.545,4.E-02));
#9152 = CIRCLE('',#9153,4.E-02);
#9153 = AXIS2_PLACEMENT_3D('',#9154,#9155,#9156);
#9154 = CARTESIAN_POINT('',(-0.6,-0.545,8.E-02));
#9155 = DIRECTION('',(1.,0.,-0.));
#9156 = DIRECTION('',(0.,0.,1.));
#9157 = ORIENTED_EDGE('',*,*,#9158,.T.);
#9158 = EDGE_CURVE('',#9148,#9159,#9161,.T.);
#9159 = VERTEX_POINT('',#9160);
#9160 = CARTESIAN_POINT('',(-0.6,-0.585,1.17));
#9161 = LINE('',#9162,#9163);
#9162 = CARTESIAN_POINT('',(-0.6,-0.585,4.E-02));
#9163 = VECTOR('',#9164,1.);
#9164 = DIRECTION('',(0.,0.,1.));
#9165 = ORIENTED_EDGE('',*,*,#9166,.T.);
#9166 = EDGE_CURVE('',#9159,#9167,#9169,.T.);
#9167 = VERTEX_POINT('',#9168);
#9168 = CARTESIAN_POINT('',(-0.6,-0.545,1.21));
#9169 = CIRCLE('',#9170,4.E-02);
#9170 = AXIS2_PLACEMENT_3D('',#9171,#9172,#9173);
#9171 = CARTESIAN_POINT('',(-0.6,-0.545,1.17));
#9172 = DIRECTION('',(-1.,0.,0.));
#9173 = DIRECTION('',(0.,0.,1.));
#9174 = ORIENTED_EDGE('',*,*,#9175,.T.);
#9175 = EDGE_CURVE('',#9167,#9176,#9178,.T.);
#9176 = VERTEX_POINT('',#9177);
#9177 = CARTESIAN_POINT('',(-0.6,0.545,1.21));
#9178 = LINE('',#9179,#9180);
#9179 = CARTESIAN_POINT('',(-0.6,-0.585,1.21));
#9180 = VECTOR('',#9181,1.);
#9181 = DIRECTION('',(0.,1.,0.));
#9182 = ORIENTED_EDGE('',*,*,#9183,.F.);
#9183 = EDGE_CURVE('',#9184,#9176,#9186,.T.);
#9184 = VERTEX_POINT('',#9185);
#9185 = CARTESIAN_POINT('',(-0.6,0.585,1.17));
#9186 = CIRCLE('',#9187,4.E-02);
#9187 = AXIS2_PLACEMENT_3D('',#9188,#9189,#9190);
#9188 = CARTESIAN_POINT('',(-0.6,0.545,1.17));
#9189 = DIRECTION('',(1.,0.,-0.));
#9190 = DIRECTION('',(0.,0.,1.));
#9191 = ORIENTED_EDGE('',*,*,#9192,.F.);
#9192 = EDGE_CURVE('',#9193,#9184,#9195,.T.);
#9193 = VERTEX_POINT('',#9194);
#9194 = CARTESIAN_POINT('',(-0.6,0.585,8.E-02));
#9195 = LINE('',#9196,#9197);
#9196 = CARTESIAN_POINT('',(-0.6,0.585,4.E-02));
#9197 = VECTOR('',#9198,1.);
#9198 = DIRECTION('',(0.,0.,1.));
#9199 = ORIENTED_EDGE('',*,*,#9200,.T.);
#9200 = EDGE_CURVE('',#9193,#9201,#9203,.T.);
#9201 = VERTEX_POINT('',#9202);
#9202 = CARTESIAN_POINT('',(-0.6,0.545,4.E-02));
#9203 = CIRCLE('',#9204,4.E-02);
#9204 = AXIS2_PLACEMENT_3D('',#9205,#9206,#9207);
#9205 = CARTESIAN_POINT('',(-0.6,0.545,8.E-02));
#9206 = DIRECTION('',(-1.,0.,0.));
#9207 = DIRECTION('',(0.,0.,1.));
#9208 = ORIENTED_EDGE('',*,*,#9209,.F.);
#9209 = EDGE_CURVE('',#9150,#9201,#9210,.T.);
#9210 = LINE('',#9211,#9212);
#9211 = CARTESIAN_POINT('',(-0.6,-0.585,4.E-02));
#9212 = VECTOR('',#9213,1.);
#9213 = DIRECTION('',(0.,1.,0.));
#9214 = PLANE('',#9215);
#9215 = AXIS2_PLACEMENT_3D('',#9216,#9217,#9218);
#9216 = CARTESIAN_POINT('',(-0.6,-0.625,0.));
#9217 = DIRECTION('',(1.,0.,0.));
#9218 = DIRECTION('',(0.,0.,1.));
#9219 = ADVANCED_FACE('',(#9220),#9246,.T.);
#9220 = FACE_BOUND('',#9221,.T.);
#9221 = EDGE_LOOP('',(#9222,#9223,#9231,#9240));
#9222 = ORIENTED_EDGE('',*,*,#9147,.T.);
#9223 = ORIENTED_EDGE('',*,*,#9224,.T.);
#9224 = EDGE_CURVE('',#9150,#9225,#9227,.T.);
#9225 = VERTEX_POINT('',#9226);
#9226 = CARTESIAN_POINT('',(0.6,-0.545,4.E-02));
#9227 = LINE('',#9228,#9229);
#9228 = CARTESIAN_POINT('',(-0.6,-0.545,4.E-02));
#9229 = VECTOR('',#9230,1.);
#9230 = DIRECTION('',(1.,0.,0.));
#9231 = ORIENTED_EDGE('',*,*,#9232,.F.);
#9232 = EDGE_CURVE('',#9233,#9225,#9235,.T.);
#9233 = VERTEX_POINT('',#9234);
#9234 = CARTESIAN_POINT('',(0.6,-0.585,8.E-02));
#9235 = CIRCLE('',#9236,4.E-02);
#9236 = AXIS2_PLACEMENT_3D('',#9237,#9238,#9239);
#9237 = CARTESIAN_POINT('',(0.6,-0.545,8.E-02));
#9238 = DIRECTION('',(1.,0.,-0.));
#9239 = DIRECTION('',(0.,0.,1.));
#9240 = ORIENTED_EDGE('',*,*,#9241,.F.);
#9241 = EDGE_CURVE('',#9148,#9233,#9242,.T.);
#9242 = LINE('',#9243,#9244);
#9243 = CARTESIAN_POINT('',(-0.6,-0.585,8.E-02));
#9244 = VECTOR('',#9245,1.);
#9245 = DIRECTION('',(1.,0.,0.));
#9246 = CYLINDRICAL_SURFACE('',#9247,4.E-02);
#9247 = AXIS2_PLACEMENT_3D('',#9248,#9249,#9250);
#9248 = CARTESIAN_POINT('',(-0.6,-0.545,8.E-02));
#9249 = DIRECTION('',(1.,0.,0.));
#9250 = DIRECTION('',(0.,-1.,0.));
#9251 = ADVANCED_FACE('',(#9252),#9270,.F.);
#9252 = FACE_BOUND('',#9253,.F.);
#9253 = EDGE_LOOP('',(#9254,#9255,#9256,#9264));
#9254 = ORIENTED_EDGE('',*,*,#9209,.F.);
#9255 = ORIENTED_EDGE('',*,*,#9224,.T.);
#9256 = ORIENTED_EDGE('',*,*,#9257,.T.);
#9257 = EDGE_CURVE('',#9225,#9258,#9260,.T.);
#9258 = VERTEX_POINT('',#9259);
#9259 = CARTESIAN_POINT('',(0.6,0.545,4.E-02));
#9260 = LINE('',#9261,#9262);
#9261 = CARTESIAN_POINT('',(0.6,-0.585,4.E-02));
#9262 = VECTOR('',#9263,1.);
#9263 = DIRECTION('',(0.,1.,0.));
#9264 = ORIENTED_EDGE('',*,*,#9265,.F.);
#9265 = EDGE_CURVE('',#9201,#9258,#9266,.T.);
#9266 = LINE('',#9267,#9268);
#9267 = CARTESIAN_POINT('',(-0.6,0.545,4.E-02));
#9268 = VECTOR('',#9269,1.);
#9269 = DIRECTION('',(1.,0.,0.));
#9270 = PLANE('',#9271);
#9271 = AXIS2_PLACEMENT_3D('',#9272,#9273,#9274);
#9272 = CARTESIAN_POINT('',(-0.6,-0.585,4.E-02));
#9273 = DIRECTION('',(0.,0.,1.));
#9274 = DIRECTION('',(1.,0.,-0.));
#9275 = ADVANCED_FACE('',(#9276),#9295,.T.);
#9276 = FACE_BOUND('',#9277,.T.);
#9277 = EDGE_LOOP('',(#9278,#9286,#9293,#9294));
#9278 = ORIENTED_EDGE('',*,*,#9279,.T.);
#9279 = EDGE_CURVE('',#9193,#9280,#9282,.T.);
#9280 = VERTEX_POINT('',#9281);
#9281 = CARTESIAN_POINT('',(0.6,0.585,8.E-02));
#9282 = LINE('',#9283,#9284);
#9283 = CARTESIAN_POINT('',(-0.6,0.585,8.E-02));
#9284 = VECTOR('',#9285,1.);
#9285 = DIRECTION('',(1.,0.,0.));
#9286 = ORIENTED_EDGE('',*,*,#9287,.T.);
#9287 = EDGE_CURVE('',#9280,#9258,#9288,.T.);
#9288 = CIRCLE('',#9289,4.E-02);
#9289 = AXIS2_PLACEMENT_3D('',#9290,#9291,#9292);
#9290 = CARTESIAN_POINT('',(0.6,0.545,8.E-02));
#9291 = DIRECTION('',(-1.,0.,0.));
#9292 = DIRECTION('',(0.,0.,1.));
#9293 = ORIENTED_EDGE('',*,*,#9265,.F.);
#9294 = ORIENTED_EDGE('',*,*,#9200,.F.);
#9295 = CYLINDRICAL_SURFACE('',#9296,4.E-02);
#9296 = AXIS2_PLACEMENT_3D('',#9297,#9298,#9299);
#9297 = CARTESIAN_POINT('',(-0.6,0.545,8.E-02));
#9298 = DIRECTION('',(1.,0.,0.));
#9299 = DIRECTION('',(-0.,1.,0.));
#9300 = ADVANCED_FACE('',(#9301),#9319,.T.);
#9301 = FACE_BOUND('',#9302,.T.);
#9302 = EDGE_LOOP('',(#9303,#9311,#9312,#9313));
#9303 = ORIENTED_EDGE('',*,*,#9304,.F.);
#9304 = EDGE_CURVE('',#9280,#9305,#9307,.T.);
#9305 = VERTEX_POINT('',#9306);
#9306 = CARTESIAN_POINT('',(0.6,0.585,1.17));
#9307 = LINE('',#9308,#9309);
#9308 = CARTESIAN_POINT('',(0.6,0.585,4.E-02));
#9309 = VECTOR('',#9310,1.);
#9310 = DIRECTION('',(0.,0.,1.));
#9311 = ORIENTED_EDGE('',*,*,#9279,.F.);
#9312 = ORIENTED_EDGE('',*,*,#9192,.T.);
#9313 = ORIENTED_EDGE('',*,*,#9314,.T.);
#9314 = EDGE_CURVE('',#9184,#9305,#9315,.T.);
#9315 = LINE('',#9316,#9317);
#9316 = CARTESIAN_POINT('',(-0.6,0.585,1.17));
#9317 = VECTOR('',#9318,1.);
#9318 = DIRECTION('',(1.,0.,0.));
#9319 = PLANE('',#9320);
#9320 = AXIS2_PLACEMENT_3D('',#9321,#9322,#9323);
#9321 = CARTESIAN_POINT('',(-0.6,0.585,4.E-02));
#9322 = DIRECTION('',(0.,1.,0.));
#9323 = DIRECTION('',(0.,-0.,1.));
#9324 = ADVANCED_FACE('',(#9325),#9344,.T.);
#9325 = FACE_BOUND('',#9326,.T.);
#9326 = EDGE_LOOP('',(#9327,#9328,#9336,#9343));
#9327 = ORIENTED_EDGE('',*,*,#9183,.T.);
#9328 = ORIENTED_EDGE('',*,*,#9329,.T.);
#9329 = EDGE_CURVE('',#9176,#9330,#9332,.T.);
#9330 = VERTEX_POINT('',#9331);
#9331 = CARTESIAN_POINT('',(0.6,0.545,1.21));
#9332 = LINE('',#9333,#9334);
#9333 = CARTESIAN_POINT('',(-0.6,0.545,1.21));
#9334 = VECTOR('',#9335,1.);
#9335 = DIRECTION('',(1.,0.,0.));
#9336 = ORIENTED_EDGE('',*,*,#9337,.F.);
#9337 = EDGE_CURVE('',#9305,#9330,#9338,.T.);
#9338 = CIRCLE('',#9339,4.E-02);
#9339 = AXIS2_PLACEMENT_3D('',#9340,#9341,#9342);
#9340 = CARTESIAN_POINT('',(0.6,0.545,1.17));
#9341 = DIRECTION('',(1.,0.,-0.));
#9342 = DIRECTION('',(0.,0.,1.));
#9343 = ORIENTED_EDGE('',*,*,#9314,.F.);
#9344 = CYLINDRICAL_SURFACE('',#9345,4.E-02);
#9345 = AXIS2_PLACEMENT_3D('',#9346,#9347,#9348);
#9346 = CARTESIAN_POINT('',(-0.6,0.545,1.17));
#9347 = DIRECTION('',(1.,0.,0.));
#9348 = DIRECTION('',(-0.,1.,0.));
#9349 = ADVANCED_FACE('',(#9350),#9368,.T.);
#9350 = FACE_BOUND('',#9351,.T.);
#9351 = EDGE_LOOP('',(#9352,#9353,#9361,#9367));
#9352 = ORIENTED_EDGE('',*,*,#9175,.F.);
#9353 = ORIENTED_EDGE('',*,*,#9354,.T.);
#9354 = EDGE_CURVE('',#9167,#9355,#9357,.T.);
#9355 = VERTEX_POINT('',#9356);
#9356 = CARTESIAN_POINT('',(0.6,-0.545,1.21));
#9357 = LINE('',#9358,#9359);
#9358 = CARTESIAN_POINT('',(-0.6,-0.545,1.21));
#9359 = VECTOR('',#9360,1.);
#9360 = DIRECTION('',(1.,0.,0.));
#9361 = ORIENTED_EDGE('',*,*,#9362,.T.);
#9362 = EDGE_CURVE('',#9355,#9330,#9363,.T.);
#9363 = LINE('',#9364,#9365);
#9364 = CARTESIAN_POINT('',(0.6,-0.585,1.21));
#9365 = VECTOR('',#9366,1.);
#9366 = DIRECTION('',(0.,1.,0.));
#9367 = ORIENTED_EDGE('',*,*,#9329,.F.);
#9368 = PLANE('',#9369);
#9369 = AXIS2_PLACEMENT_3D('',#9370,#9371,#9372);
#9370 = CARTESIAN_POINT('',(-0.6,-0.585,1.21));
#9371 = DIRECTION('',(0.,0.,1.));
#9372 = DIRECTION('',(1.,0.,-0.));
#9373 = ADVANCED_FACE('',(#9374),#9393,.T.);
#9374 = FACE_BOUND('',#9375,.T.);
#9375 = EDGE_LOOP('',(#9376,#9384,#9391,#9392));
#9376 = ORIENTED_EDGE('',*,*,#9377,.T.);
#9377 = EDGE_CURVE('',#9159,#9378,#9380,.T.);
#9378 = VERTEX_POINT('',#9379);
#9379 = CARTESIAN_POINT('',(0.6,-0.585,1.17));
#9380 = LINE('',#9381,#9382);
#9381 = CARTESIAN_POINT('',(-0.6,-0.585,1.17));
#9382 = VECTOR('',#9383,1.);
#9383 = DIRECTION('',(1.,0.,0.));
#9384 = ORIENTED_EDGE('',*,*,#9385,.T.);
#9385 = EDGE_CURVE('',#9378,#9355,#9386,.T.);
#9386 = CIRCLE('',#9387,4.E-02);
#9387 = AXIS2_PLACEMENT_3D('',#9388,#9389,#9390);
#9388 = CARTESIAN_POINT('',(0.6,-0.545,1.17));
#9389 = DIRECTION('',(-1.,0.,0.));
#9390 = DIRECTION('',(0.,0.,1.));
#9391 = ORIENTED_EDGE('',*,*,#9354,.F.);
#9392 = ORIENTED_EDGE('',*,*,#9166,.F.);
#9393 = CYLINDRICAL_SURFACE('',#9394,4.E-02);
#9394 = AXIS2_PLACEMENT_3D('',#9395,#9396,#9397);
#9395 = CARTESIAN_POINT('',(-0.6,-0.545,1.17));
#9396 = DIRECTION('',(1.,0.,0.));
#9397 = DIRECTION('',(0.,-1.,0.));
#9398 = ADVANCED_FACE('',(#9399),#9410,.F.);
#9399 = FACE_BOUND('',#9400,.F.);
#9400 = EDGE_LOOP('',(#9401,#9407,#9408,#9409));
#9401 = ORIENTED_EDGE('',*,*,#9402,.F.);
#9402 = EDGE_CURVE('',#9233,#9378,#9403,.T.);
#9403 = LINE('',#9404,#9405);
#9404 = CARTESIAN_POINT('',(0.6,-0.585,4.E-02));
#9405 = VECTOR('',#9406,1.);
#9406 = DIRECTION('',(0.,0.,1.));
#9407 = ORIENTED_EDGE('',*,*,#9241,.F.);
#9408 = ORIENTED_EDGE('',*,*,#9158,.T.);
#9409 = ORIENTED_EDGE('',*,*,#9377,.T.);
#9410 = PLANE('',#9411);
#9411 = AXIS2_PLACEMENT_3D('',#9412,#9413,#9414);
#9412 = CARTESIAN_POINT('',(-0.6,-0.585,4.E-02));
#9413 = DIRECTION('',(0.,1.,0.));
#9414 = DIRECTION('',(0.,-0.,1.));
#9415 = ADVANCED_FACE('',(#9416,#9486),#9496,.F.);
#9416 = FACE_BOUND('',#9417,.F.);
#9417 = EDGE_LOOP('',(#9418,#9428,#9437,#9445,#9454,#9462,#9471,#9479));
#9418 = ORIENTED_EDGE('',*,*,#9419,.F.);
#9419 = EDGE_CURVE('',#9420,#9422,#9424,.T.);
#9420 = VERTEX_POINT('',#9421);
#9421 = CARTESIAN_POINT('',(0.6,-0.625,4.E-02));
#9422 = VERTEX_POINT('',#9423);
#9423 = CARTESIAN_POINT('',(0.6,-0.625,1.21));
#9424 = LINE('',#9425,#9426);
#9425 = CARTESIAN_POINT('',(0.6,-0.625,0.));
#9426 = VECTOR('',#9427,1.);
#9427 = DIRECTION('',(0.,0.,1.));
#9428 = ORIENTED_EDGE('',*,*,#9429,.T.);
#9429 = EDGE_CURVE('',#9420,#9430,#9432,.T.);
#9430 = VERTEX_POINT('',#9431);
#9431 = CARTESIAN_POINT('',(0.6,-0.585,0.));
#9432 = CIRCLE('',#9433,4.E-02);
#9433 = AXIS2_PLACEMENT_3D('',#9434,#9435,#9436);
#9434 = CARTESIAN_POINT('',(0.6,-0.585,4.E-02));
#9435 = DIRECTION('',(1.,0.,-0.));
#9436 = DIRECTION('',(0.,0.,1.));
#9437 = ORIENTED_EDGE('',*,*,#9438,.T.);
#9438 = EDGE_CURVE('',#9430,#9439,#9441,.T.);
#9439 = VERTEX_POINT('',#9440);
#9440 = CARTESIAN_POINT('',(0.6,0.585,0.));
#9441 = LINE('',#9442,#9443);
#9442 = CARTESIAN_POINT('',(0.6,-0.625,0.));
#9443 = VECTOR('',#9444,1.);
#9444 = DIRECTION('',(0.,1.,0.));
#9445 = ORIENTED_EDGE('',*,*,#9446,.F.);
#9446 = EDGE_CURVE('',#9447,#9439,#9449,.T.);
#9447 = VERTEX_POINT('',#9448);
#9448 = CARTESIAN_POINT('',(0.6,0.625,4.E-02));
#9449 = CIRCLE('',#9450,4.E-02);
#9450 = AXIS2_PLACEMENT_3D('',#9451,#9452,#9453);
#9451 = CARTESIAN_POINT('',(0.6,0.585,4.E-02));
#9452 = DIRECTION('',(-1.,0.,0.));
#9453 = DIRECTION('',(0.,0.,1.));
#9454 = ORIENTED_EDGE('',*,*,#9455,.T.);
#9455 = EDGE_CURVE('',#9447,#9456,#9458,.T.);
#9456 = VERTEX_POINT('',#9457);
#9457 = CARTESIAN_POINT('',(0.6,0.625,1.21));
#9458 = LINE('',#9459,#9460);
#9459 = CARTESIAN_POINT('',(0.6,0.625,0.));
#9460 = VECTOR('',#9461,1.);
#9461 = DIRECTION('',(0.,0.,1.));
#9462 = ORIENTED_EDGE('',*,*,#9463,.T.);
#9463 = EDGE_CURVE('',#9456,#9464,#9466,.T.);
#9464 = VERTEX_POINT('',#9465);
#9465 = CARTESIAN_POINT('',(0.6,0.585,1.25));
#9466 = CIRCLE('',#9467,4.E-02);
#9467 = AXIS2_PLACEMENT_3D('',#9468,#9469,#9470);
#9468 = CARTESIAN_POINT('',(0.6,0.585,1.21));
#9469 = DIRECTION('',(1.,0.,-0.));
#9470 = DIRECTION('',(0.,0.,1.));
#9471 = ORIENTED_EDGE('',*,*,#9472,.F.);
#9472 = EDGE_CURVE('',#9473,#9464,#9475,.T.);
#9473 = VERTEX_POINT('',#9474);
#9474 = CARTESIAN_POINT('',(0.6,-0.585,1.25));
#9475 = LINE('',#9476,#9477);
#9476 = CARTESIAN_POINT('',(0.6,-0.625,1.25));
#9477 = VECTOR('',#9478,1.);
#9478 = DIRECTION('',(0.,1.,0.));
#9479 = ORIENTED_EDGE('',*,*,#9480,.F.);
#9480 = EDGE_CURVE('',#9422,#9473,#9481,.T.);
#9481 = CIRCLE('',#9482,4.E-02);
#9482 = AXIS2_PLACEMENT_3D('',#9483,#9484,#9485);
#9483 = CARTESIAN_POINT('',(0.6,-0.585,1.21));
#9484 = DIRECTION('',(-1.,0.,0.));
#9485 = DIRECTION('',(0.,0.,1.));
#9486 = FACE_BOUND('',#9487,.F.);
#9487 = EDGE_LOOP('',(#9488,#9489,#9490,#9491,#9492,#9493,#9494,#9495));
#9488 = ORIENTED_EDGE('',*,*,#9232,.F.);
#9489 = ORIENTED_EDGE('',*,*,#9402,.T.);
#9490 = ORIENTED_EDGE('',*,*,#9385,.T.);
#9491 = ORIENTED_EDGE('',*,*,#9362,.T.);
#9492 = ORIENTED_EDGE('',*,*,#9337,.F.);
#9493 = ORIENTED_EDGE('',*,*,#9304,.F.);
#9494 = ORIENTED_EDGE('',*,*,#9287,.T.);
#9495 = ORIENTED_EDGE('',*,*,#9257,.F.);
#9496 = PLANE('',#9497);
#9497 = AXIS2_PLACEMENT_3D('',#9498,#9499,#9500);
#9498 = CARTESIAN_POINT('',(0.6,-0.625,0.));
#9499 = DIRECTION('',(1.,0.,0.));
#9500 = DIRECTION('',(0.,0.,1.));
#9501 = ADVANCED_FACE('',(#9502),#9527,.F.);
#9502 = FACE_BOUND('',#9503,.F.);
#9503 = EDGE_LOOP('',(#9504,#9514,#9520,#9521));
#9504 = ORIENTED_EDGE('',*,*,#9505,.F.);
#9505 = EDGE_CURVE('',#9506,#9508,#9510,.T.);
#9506 = VERTEX_POINT('',#9507);
#9507 = CARTESIAN_POINT('',(1.,-0.625,4.E-02));
#9508 = VERTEX_POINT('',#9509);
#9509 = CARTESIAN_POINT('',(1.,-0.625,1.21));
#9510 = LINE('',#9511,#9512);
#9511 = CARTESIAN_POINT('',(1.,-0.625,0.));
#9512 = VECTOR('',#9513,1.);
#9513 = DIRECTION('',(0.,0.,1.));
#9514 = ORIENTED_EDGE('',*,*,#9515,.F.);
#9515 = EDGE_CURVE('',#9420,#9506,#9516,.T.);
#9516 = LINE('',#9517,#9518);
#9517 = CARTESIAN_POINT('',(0.6,-0.625,4.E-02));
#9518 = VECTOR('',#9519,1.);
#9519 = DIRECTION('',(1.,0.,0.));
#9520 = ORIENTED_EDGE('',*,*,#9419,.T.);
#9521 = ORIENTED_EDGE('',*,*,#9522,.T.);
#9522 = EDGE_CURVE('',#9422,#9508,#9523,.T.);
#9523 = LINE('',#9524,#9525);
#9524 = CARTESIAN_POINT('',(0.6,-0.625,1.21));
#9525 = VECTOR('',#9526,1.);
#9526 = DIRECTION('',(1.,0.,0.));
#9527 = PLANE('',#9528);
#9528 = AXIS2_PLACEMENT_3D('',#9529,#9530,#9531);
#9529 = CARTESIAN_POINT('',(0.6,-0.625,0.));
#9530 = DIRECTION('',(0.,1.,0.));
#9531 = DIRECTION('',(0.,-0.,1.));
#9532 = ADVANCED_FACE('',(#9533),#9552,.T.);
#9533 = FACE_BOUND('',#9534,.T.);
#9534 = EDGE_LOOP('',(#9535,#9536,#9544,#9551));
#9535 = ORIENTED_EDGE('',*,*,#9429,.T.);
#9536 = ORIENTED_EDGE('',*,*,#9537,.T.);
#9537 = EDGE_CURVE('',#9430,#9538,#9540,.T.);
#9538 = VERTEX_POINT('',#9539);
#9539 = CARTESIAN_POINT('',(1.,-0.585,0.));
#9540 = LINE('',#9541,#9542);
#9541 = CARTESIAN_POINT('',(0.6,-0.585,0.));
#9542 = VECTOR('',#9543,1.);
#9543 = DIRECTION('',(1.,0.,0.));
#9544 = ORIENTED_EDGE('',*,*,#9545,.F.);
#9545 = EDGE_CURVE('',#9506,#9538,#9546,.T.);
#9546 = CIRCLE('',#9547,4.E-02);
#9547 = AXIS2_PLACEMENT_3D('',#9548,#9549,#9550);
#9548 = CARTESIAN_POINT('',(1.,-0.585,4.E-02));
#9549 = DIRECTION('',(1.,0.,-0.));
#9550 = DIRECTION('',(0.,0.,1.));
#9551 = ORIENTED_EDGE('',*,*,#9515,.F.);
#9552 = CYLINDRICAL_SURFACE('',#9553,4.E-02);
#9553 = AXIS2_PLACEMENT_3D('',#9554,#9555,#9556);
#9554 = CARTESIAN_POINT('',(0.6,-0.585,4.E-02));
#9555 = DIRECTION('',(1.,0.,0.));
#9556 = DIRECTION('',(0.,-1.,0.));
#9557 = ADVANCED_FACE('',(#9558),#9577,.T.);
#9558 = FACE_BOUND('',#9559,.T.);
#9559 = EDGE_LOOP('',(#9560,#9561,#9570,#9576));
#9560 = ORIENTED_EDGE('',*,*,#9522,.T.);
#9561 = ORIENTED_EDGE('',*,*,#9562,.T.);
#9562 = EDGE_CURVE('',#9508,#9563,#9565,.T.);
#9563 = VERTEX_POINT('',#9564);
#9564 = CARTESIAN_POINT('',(1.,-0.585,1.25));
#9565 = CIRCLE('',#9566,4.E-02);
#9566 = AXIS2_PLACEMENT_3D('',#9567,#9568,#9569);
#9567 = CARTESIAN_POINT('',(1.,-0.585,1.21));
#9568 = DIRECTION('',(-1.,0.,0.));
#9569 = DIRECTION('',(0.,0.,1.));
#9570 = ORIENTED_EDGE('',*,*,#9571,.F.);
#9571 = EDGE_CURVE('',#9473,#9563,#9572,.T.);
#9572 = LINE('',#9573,#9574);
#9573 = CARTESIAN_POINT('',(0.6,-0.585,1.25));
#9574 = VECTOR('',#9575,1.);
#9575 = DIRECTION('',(1.,0.,0.));
#9576 = ORIENTED_EDGE('',*,*,#9480,.F.);
#9577 = CYLINDRICAL_SURFACE('',#9578,4.E-02);
#9578 = AXIS2_PLACEMENT_3D('',#9579,#9580,#9581);
#9579 = CARTESIAN_POINT('',(0.6,-0.585,1.21));
#9580 = DIRECTION('',(1.,0.,0.));
#9581 = DIRECTION('',(0.,-1.,0.));
#9582 = ADVANCED_FACE('',(#9583),#9601,.F.);
#9583 = FACE_BOUND('',#9584,.F.);
#9584 = EDGE_LOOP('',(#9585,#9586,#9587,#9595));
#9585 = ORIENTED_EDGE('',*,*,#9438,.F.);
#9586 = ORIENTED_EDGE('',*,*,#9537,.T.);
#9587 = ORIENTED_EDGE('',*,*,#9588,.T.);
#9588 = EDGE_CURVE('',#9538,#9589,#9591,.T.);
#9589 = VERTEX_POINT('',#9590);
#9590 = CARTESIAN_POINT('',(1.,0.585,0.));
#9591 = LINE('',#9592,#9593);
#9592 = CARTESIAN_POINT('',(1.,-0.625,0.));
#9593 = VECTOR('',#9594,1.);
#9594 = DIRECTION('',(0.,1.,0.));
#9595 = ORIENTED_EDGE('',*,*,#9596,.F.);
#9596 = EDGE_CURVE('',#9439,#9589,#9597,.T.);
#9597 = LINE('',#9598,#9599);
#9598 = CARTESIAN_POINT('',(0.6,0.585,0.));
#9599 = VECTOR('',#9600,1.);
#9600 = DIRECTION('',(1.,0.,0.));
#9601 = PLANE('',#9602);
#9602 = AXIS2_PLACEMENT_3D('',#9603,#9604,#9605);
#9603 = CARTESIAN_POINT('',(0.6,-0.625,0.));
#9604 = DIRECTION('',(0.,0.,1.));
#9605 = DIRECTION('',(1.,0.,-0.));
#9606 = ADVANCED_FACE('',(#9607),#9625,.T.);
#9607 = FACE_BOUND('',#9608,.T.);
#9608 = EDGE_LOOP('',(#9609,#9610,#9611,#9619));
#9609 = ORIENTED_EDGE('',*,*,#9472,.F.);
#9610 = ORIENTED_EDGE('',*,*,#9571,.T.);
#9611 = ORIENTED_EDGE('',*,*,#9612,.T.);
#9612 = EDGE_CURVE('',#9563,#9613,#9615,.T.);
#9613 = VERTEX_POINT('',#9614);
#9614 = CARTESIAN_POINT('',(1.,0.585,1.25));
#9615 = LINE('',#9616,#9617);
#9616 = CARTESIAN_POINT('',(1.,-0.625,1.25));
#9617 = VECTOR('',#9618,1.);
#9618 = DIRECTION('',(0.,1.,0.));
#9619 = ORIENTED_EDGE('',*,*,#9620,.F.);
#9620 = EDGE_CURVE('',#9464,#9613,#9621,.T.);
#9621 = LINE('',#9622,#9623);
#9622 = CARTESIAN_POINT('',(0.6,0.585,1.25));
#9623 = VECTOR('',#9624,1.);
#9624 = DIRECTION('',(1.,0.,0.));
#9625 = PLANE('',#9626);
#9626 = AXIS2_PLACEMENT_3D('',#9627,#9628,#9629);
#9627 = CARTESIAN_POINT('',(0.6,-0.625,1.25));
#9628 = DIRECTION('',(0.,0.,1.));
#9629 = DIRECTION('',(1.,0.,-0.));
#9630 = ADVANCED_FACE('',(#9631),#9650,.T.);
#9631 = FACE_BOUND('',#9632,.T.);
#9632 = EDGE_LOOP('',(#9633,#9641,#9648,#9649));
#9633 = ORIENTED_EDGE('',*,*,#9634,.T.);
#9634 = EDGE_CURVE('',#9447,#9635,#9637,.T.);
#9635 = VERTEX_POINT('',#9636);
#9636 = CARTESIAN_POINT('',(1.,0.625,4.E-02));
#9637 = LINE('',#9638,#9639);
#9638 = CARTESIAN_POINT('',(0.6,0.625,4.E-02));
#9639 = VECTOR('',#9640,1.);
#9640 = DIRECTION('',(1.,0.,0.));
#9641 = ORIENTED_EDGE('',*,*,#9642,.T.);
#9642 = EDGE_CURVE('',#9635,#9589,#9643,.T.);
#9643 = CIRCLE('',#9644,4.E-02);
#9644 = AXIS2_PLACEMENT_3D('',#9645,#9646,#9647);
#9645 = CARTESIAN_POINT('',(1.,0.585,4.E-02));
#9646 = DIRECTION('',(-1.,0.,0.));
#9647 = DIRECTION('',(0.,0.,1.));
#9648 = ORIENTED_EDGE('',*,*,#9596,.F.);
#9649 = ORIENTED_EDGE('',*,*,#9446,.F.);
#9650 = CYLINDRICAL_SURFACE('',#9651,4.E-02);
#9651 = AXIS2_PLACEMENT_3D('',#9652,#9653,#9654);
#9652 = CARTESIAN_POINT('',(0.6,0.585,4.E-02));
#9653 = DIRECTION('',(1.,0.,0.));
#9654 = DIRECTION('',(-0.,1.,0.));
#9655 = ADVANCED_FACE('',(#9656),#9675,.T.);
#9656 = FACE_BOUND('',#9657,.T.);
#9657 = EDGE_LOOP('',(#9658,#9659,#9660,#9669));
#9658 = ORIENTED_EDGE('',*,*,#9463,.T.);
#9659 = ORIENTED_EDGE('',*,*,#9620,.T.);
#9660 = ORIENTED_EDGE('',*,*,#9661,.F.);
#9661 = EDGE_CURVE('',#9662,#9613,#9664,.T.);
#9662 = VERTEX_POINT('',#9663);
#9663 = CARTESIAN_POINT('',(1.,0.625,1.21));
#9664 = CIRCLE('',#9665,4.E-02);
#9665 = AXIS2_PLACEMENT_3D('',#9666,#9667,#9668);
#9666 = CARTESIAN_POINT('',(1.,0.585,1.21));
#9667 = DIRECTION('',(1.,0.,-0.));
#9668 = DIRECTION('',(0.,0.,1.));
#9669 = ORIENTED_EDGE('',*,*,#9670,.F.);
#9670 = EDGE_CURVE('',#9456,#9662,#9671,.T.);
#9671 = LINE('',#9672,#9673);
#9672 = CARTESIAN_POINT('',(0.6,0.625,1.21));
#9673 = VECTOR('',#9674,1.);
#9674 = DIRECTION('',(1.,0.,0.));
#9675 = CYLINDRICAL_SURFACE('',#9676,4.E-02);
#9676 = AXIS2_PLACEMENT_3D('',#9677,#9678,#9679);
#9677 = CARTESIAN_POINT('',(0.6,0.585,1.21));
#9678 = DIRECTION('',(1.,0.,0.));
#9679 = DIRECTION('',(-0.,1.,0.));
#9680 = ADVANCED_FACE('',(#9681),#9692,.T.);
#9681 = FACE_BOUND('',#9682,.T.);
#9682 = EDGE_LOOP('',(#9683,#9689,#9690,#9691));
#9683 = ORIENTED_EDGE('',*,*,#9684,.F.);
#9684 = EDGE_CURVE('',#9635,#9662,#9685,.T.);
#9685 = LINE('',#9686,#9687);
#9686 = CARTESIAN_POINT('',(1.,0.625,0.));
#9687 = VECTOR('',#9688,1.);
#9688 = DIRECTION('',(0.,0.,1.));
#9689 = ORIENTED_EDGE('',*,*,#9634,.F.);
#9690 = ORIENTED_EDGE('',*,*,#9455,.T.);
#9691 = ORIENTED_EDGE('',*,*,#9670,.T.);
#9692 = PLANE('',#9693);
#9693 = AXIS2_PLACEMENT_3D('',#9694,#9695,#9696);
#9694 = CARTESIAN_POINT('',(0.6,0.625,0.));
#9695 = DIRECTION('',(0.,1.,0.));
#9696 = DIRECTION('',(0.,-0.,1.));
#9697 = ADVANCED_FACE('',(#9698),#9708,.T.);
#9698 = FACE_BOUND('',#9699,.T.);
#9699 = EDGE_LOOP('',(#9700,#9701,#9702,#9703,#9704,#9705,#9706,#9707));
#9700 = ORIENTED_EDGE('',*,*,#9505,.F.);
#9701 = ORIENTED_EDGE('',*,*,#9545,.T.);
#9702 = ORIENTED_EDGE('',*,*,#9588,.T.);
#9703 = ORIENTED_EDGE('',*,*,#9642,.F.);
#9704 = ORIENTED_EDGE('',*,*,#9684,.T.);
#9705 = ORIENTED_EDGE('',*,*,#9661,.T.);
#9706 = ORIENTED_EDGE('',*,*,#9612,.F.);
#9707 = ORIENTED_EDGE('',*,*,#9562,.F.);
#9708 = PLANE('',#9709);
#9709 = AXIS2_PLACEMENT_3D('',#9710,#9711,#9712);
#9710 = CARTESIAN_POINT('',(1.,-0.625,0.));
#9711 = DIRECTION('',(1.,0.,0.));
#9712 = DIRECTION('',(0.,0.,1.));
#9713 = ( GEOMETRIC_REPRESENTATION_CONTEXT(3) 
GLOBAL_UNCERTAINTY_ASSIGNED_CONTEXT((#9717)) 
GLOBAL_UNIT_ASSIGNED_CONTEXT((#9714,#9715,#9716)) REPRESENTATION_CONTEXT
('Context #1','3D Context with UNIT and UNCERTAINTY') );
#9714 = ( LENGTH_UNIT() NAMED_UNIT(*) SI_UNIT(.MILLI.,.METRE.) );
#9715 = ( NAMED_UNIT(*) PLANE_ANGLE_UNIT() SI_UNIT($,.RADIAN.) );
#9716 = ( NAMED_UNIT(*) SI_UNIT($,.STERADIAN.) SOLID_ANGLE_UNIT() );
#9717 = UNCERTAINTY_MEASURE_WITH_UNIT(LENGTH_MEASURE(1.E-07),#9714,
  'distance_accuracy_value','confusion accuracy');
#9718 = CONTEXT_DEPENDENT_SHAPE_REPRESENTATION(#9719,#9721);
#9719 = ( REPRESENTATION_RELATIONSHIP('','',#8858,#10) 
REPRESENTATION_RELATIONSHIP_WITH_TRANSFORMATION(#9720) 
SHAPE_REPRESENTATION_RELATIONSHIP() );
#9720 = ITEM_DEFINED_TRANSFORMATION('','',#11,#95);
#9721 = PRODUCT_DEFINITION_SHAPE('Placement','Placement of an item',
  #9722);
#9722 = NEXT_ASSEMBLY_USAGE_OCCURRENCE('1341','FB2','',#5,#8853,$);
#9723 = PRODUCT_RELATED_PRODUCT_CATEGORY('part',$,(#8855));
#9724 = CONTEXT_DEPENDENT_SHAPE_REPRESENTATION(#9725,#9727);
#9725 = ( REPRESENTATION_RELATIONSHIP('','',#7096,#10) 
REPRESENTATION_RELATIONSHIP_WITH_TRANSFORMATION(#9726) 
SHAPE_REPRESENTATION_RELATIONSHIP() );
#9726 = ITEM_DEFINED_TRANSFORMATION('','',#11,#99);
#9727 = PRODUCT_DEFINITION_SHAPE('Placement','Placement of an item',
  #9728);
#9728 = NEXT_ASSEMBLY_USAGE_OCCURRENCE('1342','R27','',#5,#7091,$);
#9729 = CONTEXT_DEPENDENT_SHAPE_REPRESENTATION(#9730,#9732);
#9730 = ( REPRESENTATION_RELATIONSHIP('','',#7096,#10) 
REPRESENTATION_RELATIONSHIP_WITH_TRANSFORMATION(#9731) 
SHAPE_REPRESENTATION_RELATIONSHIP() );
#9731 = ITEM_DEFINED_TRANSFORMATION('','',#11,#103);
#9732 = PRODUCT_DEFINITION_SHAPE('Placement','Placement of an item',
  #9733);
#9733 = NEXT_ASSEMBLY_USAGE_OCCURRENCE('1343','R2','',#5,#7091,$);
#9734 = CONTEXT_DEPENDENT_SHAPE_REPRESENTATION(#9735,#9737);
#9735 = ( REPRESENTATION_RELATIONSHIP('','',#7940,#10) 
REPRESENTATION_RELATIONSHIP_WITH_TRANSFORMATION(#9736) 
SHAPE_REPRESENTATION_RELATIONSHIP() );
#9736 = ITEM_DEFINED_TRANSFORMATION('','',#11,#107);
#9737 = PRODUCT_DEFINITION_SHAPE('Placement','Placement of an item',
  #9738);
#9738 = NEXT_ASSEMBLY_USAGE_OCCURRENCE('1344','C15','',#5,#7935,$);
#9739 = CONTEXT_DEPENDENT_SHAPE_REPRESENTATION(#9740,#9742);
#9740 = ( REPRESENTATION_RELATIONSHIP('','',#7096,#10) 
REPRESENTATION_RELATIONSHIP_WITH_TRANSFORMATION(#9741) 
SHAPE_REPRESENTATION_RELATIONSHIP() );
#9741 = ITEM_DEFINED_TRANSFORMATION('','',#11,#111);
#9742 = PRODUCT_DEFINITION_SHAPE('Placement','Placement of an item',
  #9743);
#9743 = NEXT_ASSEMBLY_USAGE_OCCURRENCE('1345','R14','',#5,#7091,$);
#9744 = CONTEXT_DEPENDENT_SHAPE_REPRESENTATION(#9745,#9747);
#9745 = ( REPRESENTATION_RELATIONSHIP('','',#7940,#10) 
REPRESENTATION_RELATIONSHIP_WITH_TRANSFORMATION(#9746) 
SHAPE_REPRESENTATION_RELATIONSHIP() );
#9746 = ITEM_DEFINED_TRANSFORMATION('','',#11,#115);
#9747 = PRODUCT_DEFINITION_SHAPE('Placement','Placement of an item',
  #9748);
#9748 = NEXT_ASSEMBLY_USAGE_OCCURRENCE('1346','C6','',#5,#7935,$);
#9749 = CONTEXT_DEPENDENT_SHAPE_REPRESENTATION(#9750,#9752);
#9750 = ( REPRESENTATION_RELATIONSHIP('','',#8858,#10) 
REPRESENTATION_RELATIONSHIP_WITH_TRANSFORMATION(#9751) 
SHAPE_REPRESENTATION_RELATIONSHIP() );
#9751 = ITEM_DEFINED_TRANSFORMATION('','',#11,#119);
#9752 = PRODUCT_DEFINITION_SHAPE('Placement','Placement of an item',
  #9753);
#9753 = NEXT_ASSEMBLY_USAGE_OCCURRENCE('1347','FB1','',#5,#8853,$);
#9754 = CONTEXT_DEPENDENT_SHAPE_REPRESENTATION(#9755,#9757);
#9755 = ( REPRESENTATION_RELATIONSHIP('','',#7940,#10) 
REPRESENTATION_RELATIONSHIP_WITH_TRANSFORMATION(#9756) 
SHAPE_REPRESENTATION_RELATIONSHIP() );
#9756 = ITEM_DEFINED_TRANSFORMATION('','',#11,#123);
#9757 = PRODUCT_DEFINITION_SHAPE('Placement','Placement of an item',
  #9758);
#9758 = NEXT_ASSEMBLY_USAGE_OCCURRENCE('1348','C2','',#5,#7935,$);
#9759 = CONTEXT_DEPENDENT_SHAPE_REPRESENTATION(#9760,#9762);
#9760 = ( REPRESENTATION_RELATIONSHIP('','',#7940,#10) 
REPRESENTATION_RELATIONSHIP_WITH_TRANSFORMATION(#9761) 
SHAPE_REPRESENTATION_RELATIONSHIP() );
#9761 = ITEM_DEFINED_TRANSFORMATION('','',#11,#127);
#9762 = PRODUCT_DEFINITION_SHAPE('Placement','Placement of an item',
  #9763);
#9763 = NEXT_ASSEMBLY_USAGE_OCCURRENCE('1349','C10','',#5,#7935,$);
#9764 = CONTEXT_DEPENDENT_SHAPE_REPRESENTATION(#9765,#9767);
#9765 = ( REPRESENTATION_RELATIONSHIP('','',#7096,#10) 
REPRESENTATION_RELATIONSHIP_WITH_TRANSFORMATION(#9766) 
SHAPE_REPRESENTATION_RELATIONSHIP() );
#9766 = ITEM_DEFINED_TRANSFORMATION('','',#11,#131);
#9767 = PRODUCT_DEFINITION_SHAPE('Placement','Placement of an item',
  #9768);
#9768 = NEXT_ASSEMBLY_USAGE_OCCURRENCE('1350','R17','',#5,#7091,$);
#9769 = CONTEXT_DEPENDENT_SHAPE_REPRESENTATION(#9770,#9772);
#9770 = ( REPRESENTATION_RELATIONSHIP('','',#7940,#10) 
REPRESENTATION_RELATIONSHIP_WITH_TRANSFORMATION(#9771) 
SHAPE_REPRESENTATION_RELATIONSHIP() );
#9771 = ITEM_DEFINED_TRANSFORMATION('','',#11,#135);
#9772 = PRODUCT_DEFINITION_SHAPE('Placement','Placement of an item',
  #9773);
#9773 = NEXT_ASSEMBLY_USAGE_OCCURRENCE('1351','C13','',#5,#7935,$);
#9774 = CONTEXT_DEPENDENT_SHAPE_REPRESENTATION(#9775,#9777);
#9775 = ( REPRESENTATION_RELATIONSHIP('','',#7096,#10) 
REPRESENTATION_RELATIONSHIP_WITH_TRANSFORMATION(#9776) 
SHAPE_REPRESENTATION_RELATIONSHIP() );
#9776 = ITEM_DEFINED_TRANSFORMATION('','',#11,#139);
#9777 = PRODUCT_DEFINITION_SHAPE('Placement','Placement of an item',
  #9778);
#9778 = NEXT_ASSEMBLY_USAGE_OCCURRENCE('1352','R5','',#5,#7091,$);
#9779 = CONTEXT_DEPENDENT_SHAPE_REPRESENTATION(#9780,#9782);
#9780 = ( REPRESENTATION_RELATIONSHIP('','',#7940,#10) 
REPRESENTATION_RELATIONSHIP_WITH_TRANSFORMATION(#9781) 
SHAPE_REPRESENTATION_RELATIONSHIP() );
#9781 = ITEM_DEFINED_TRANSFORMATION('','',#11,#143);
#9782 = PRODUCT_DEFINITION_SHAPE('Placement','Placement of an item',
  #9783);
#9783 = NEXT_ASSEMBLY_USAGE_OCCURRENCE('1353','C8','',#5,#7935,$);
#9784 = CONTEXT_DEPENDENT_SHAPE_REPRESENTATION(#9785,#9787);
#9785 = ( REPRESENTATION_RELATIONSHIP('','',#7096,#10) 
REPRESENTATION_RELATIONSHIP_WITH_TRANSFORMATION(#9786) 
SHAPE_REPRESENTATION_RELATIONSHIP() );
#9786 = ITEM_DEFINED_TRANSFORMATION('','',#11,#147);
#9787 = PRODUCT_DEFINITION_SHAPE('Placement','Placement of an item',
  #9788);
#9788 = NEXT_ASSEMBLY_USAGE_OCCURRENCE('1354','R19','',#5,#7091,$);
#9789 = CONTEXT_DEPENDENT_SHAPE_REPRESENTATION(#9790,#9792);
#9790 = ( REPRESENTATION_RELATIONSHIP('','',#7096,#10) 
REPRESENTATION_RELATIONSHIP_WITH_TRANSFORMATION(#9791) 
SHAPE_REPRESENTATION_RELATIONSHIP() );
#9791 = ITEM_DEFINED_TRANSFORMATION('','',#11,#151);
#9792 = PRODUCT_DEFINITION_SHAPE('Placement','Placement of an item',
  #9793);
#9793 = NEXT_ASSEMBLY_USAGE_OCCURRENCE('1355','R21','',#5,#7091,$);
#9794 = CONTEXT_DEPENDENT_SHAPE_REPRESENTATION(#9795,#9797);
#9795 = ( REPRESENTATION_RELATIONSHIP('','',#7096,#10) 
REPRESENTATION_RELATIONSHIP_WITH_TRANSFORMATION(#9796) 
SHAPE_REPRESENTATION_RELATIONSHIP() );
#9796 = ITEM_DEFINED_TRANSFORMATION('','',#11,#155);
#9797 = PRODUCT_DEFINITION_SHAPE('Placement','Placement of an item',
  #9798);
#9798 = NEXT_ASSEMBLY_USAGE_OCCURRENCE('1356','R9','',#5,#7091,$);
#9799 = CONTEXT_DEPENDENT_SHAPE_REPRESENTATION(#9800,#9802);
#9800 = ( REPRESENTATION_RELATIONSHIP('','',#7096,#10) 
REPRESENTATION_RELATIONSHIP_WITH_TRANSFORMATION(#9801) 
SHAPE_REPRESENTATION_RELATIONSHIP() );
#9801 = ITEM_DEFINED_TRANSFORMATION('','',#11,#159);
#9802 = PRODUCT_DEFINITION_SHAPE('Placement','Placement of an item',
  #9803);
#9803 = NEXT_ASSEMBLY_USAGE_OCCURRENCE('1357','R18','',#5,#7091,$);
#9804 = CONTEXT_DEPENDENT_SHAPE_REPRESENTATION(#9805,#9807);
#9805 = ( REPRESENTATION_RELATIONSHIP('','',#7096,#10) 
REPRESENTATION_RELATIONSHIP_WITH_TRANSFORMATION(#9806) 
SHAPE_REPRESENTATION_RELATIONSHIP() );
#9806 = ITEM_DEFINED_TRANSFORMATION('','',#11,#163);
#9807 = PRODUCT_DEFINITION_SHAPE('Placement','Placement of an item',
  #9808);
#9808 = NEXT_ASSEMBLY_USAGE_OCCURRENCE('1358','R23','',#5,#7091,$);
#9809 = CONTEXT_DEPENDENT_SHAPE_REPRESENTATION(#9810,#9812);
#9810 = ( REPRESENTATION_RELATIONSHIP('','',#7096,#10) 
REPRESENTATION_RELATIONSHIP_WITH_TRANSFORMATION(#9811) 
SHAPE_REPRESENTATION_RELATIONSHIP() );
#9811 = ITEM_DEFINED_TRANSFORMATION('','',#11,#167);
#9812 = PRODUCT_DEFINITION_SHAPE('Placement','Placement of an item',
  #9813);
#9813 = NEXT_ASSEMBLY_USAGE_OCCURRENCE('1359','R15','',#5,#7091,$);
#9814 = CONTEXT_DEPENDENT_SHAPE_REPRESENTATION(#9815,#9817);
#9815 = ( REPRESENTATION_RELATIONSHIP('','',#7096,#10) 
REPRESENTATION_RELATIONSHIP_WITH_TRANSFORMATION(#9816) 
SHAPE_REPRESENTATION_RELATIONSHIP() );
#9816 = ITEM_DEFINED_TRANSFORMATION('','',#11,#171);
#9817 = PRODUCT_DEFINITION_SHAPE('Placement','Placement of an item',
  #9818);
#9818 = NEXT_ASSEMBLY_USAGE_OCCURRENCE('1360','R20','',#5,#7091,$);
#9819 = CONTEXT_DEPENDENT_SHAPE_REPRESENTATION(#9820,#9822);
#9820 = ( REPRESENTATION_RELATIONSHIP('','',#7096,#10) 
REPRESENTATION_RELATIONSHIP_WITH_TRANSFORMATION(#9821) 
SHAPE_REPRESENTATION_RELATIONSHIP() );
#9821 = ITEM_DEFINED_TRANSFORMATION('','',#11,#175);
#9822 = PRODUCT_DEFINITION_SHAPE('Placement','Placement of an item',
  #9823);
#9823 = NEXT_ASSEMBLY_USAGE_OCCURRENCE('1361','R3','',#5,#7091,$);
#9824 = CONTEXT_DEPENDENT_SHAPE_REPRESENTATION(#9825,#9827);
#9825 = ( REPRESENTATION_RELATIONSHIP('','',#7096,#10) 
REPRESENTATION_RELATIONSHIP_WITH_TRANSFORMATION(#9826) 
SHAPE_REPRESENTATION_RELATIONSHIP() );
#9826 = ITEM_DEFINED_TRANSFORMATION('','',#11,#179);
#9827 = PRODUCT_DEFINITION_SHAPE('Placement','Placement of an item',
  #9828);
#9828 = NEXT_ASSEMBLY_USAGE_OCCURRENCE('1362','R25','',#5,#7091,$);
#9829 = CONTEXT_DEPENDENT_SHAPE_REPRESENTATION(#9830,#9832);
#9830 = ( REPRESENTATION_RELATIONSHIP('','',#7940,#10) 
REPRESENTATION_RELATIONSHIP_WITH_TRANSFORMATION(#9831) 
SHAPE_REPRESENTATION_RELATIONSHIP() );
#9831 = ITEM_DEFINED_TRANSFORMATION('','',#11,#183);
#9832 = PRODUCT_DEFINITION_SHAPE('Placement','Placement of an item',
  #9833);
#9833 = NEXT_ASSEMBLY_USAGE_OCCURRENCE('1363','C7','',#5,#7935,$);
#9834 = CONTEXT_DEPENDENT_SHAPE_REPRESENTATION(#9835,#9837);
#9835 = ( REPRESENTATION_RELATIONSHIP('','',#7096,#10) 
REPRESENTATION_RELATIONSHIP_WITH_TRANSFORMATION(#9836) 
SHAPE_REPRESENTATION_RELATIONSHIP() );
#9836 = ITEM_DEFINED_TRANSFORMATION('','',#11,#187);
#9837 = PRODUCT_DEFINITION_SHAPE('Placement','Placement of an item',
  #9838);
#9838 = NEXT_ASSEMBLY_USAGE_OCCURRENCE('1364','R26','',#5,#7091,$);
#9839 = CONTEXT_DEPENDENT_SHAPE_REPRESENTATION(#9840,#9842);
#9840 = ( REPRESENTATION_RELATIONSHIP('','',#7096,#10) 
REPRESENTATION_RELATIONSHIP_WITH_TRANSFORMATION(#9841) 
SHAPE_REPRESENTATION_RELATIONSHIP() );
#9841 = ITEM_DEFINED_TRANSFORMATION('','',#11,#191);
#9842 = PRODUCT_DEFINITION_SHAPE('Placement','Placement of an item',
  #9843);
#9843 = NEXT_ASSEMBLY_USAGE_OCCURRENCE('1365','R30','',#5,#7091,$);
#9844 = CONTEXT_DEPENDENT_SHAPE_REPRESENTATION(#9845,#9847);
#9845 = ( REPRESENTATION_RELATIONSHIP('','',#7940,#10) 
REPRESENTATION_RELATIONSHIP_WITH_TRANSFORMATION(#9846) 
SHAPE_REPRESENTATION_RELATIONSHIP() );
#9846 = ITEM_DEFINED_TRANSFORMATION('','',#11,#195);
#9847 = PRODUCT_DEFINITION_SHAPE('Placement','Placement of an item',
  #9848);
#9848 = NEXT_ASSEMBLY_USAGE_OCCURRENCE('1366','C3','',#5,#7935,$);
#9849 = SHAPE_DEFINITION_REPRESENTATION(#9850,#9856);
#9850 = PRODUCT_DEFINITION_SHAPE('','',#9851);
#9851 = PRODUCT_DEFINITION('design','',#9852,#9855);
#9852 = PRODUCT_DEFINITION_FORMATION('','',#9853);
#9853 = PRODUCT('LED_0805_2012Metric','LED_0805_2012Metric','',(#9854));
#9854 = PRODUCT_CONTEXT('',#2,'mechanical');
#9855 = PRODUCT_DEFINITION_CONTEXT('part definition',#2,'design');
#9856 = ADVANCED_BREP_SHAPE_REPRESENTATION('',(#11,#9857),#11380);
#9857 = MANIFOLD_SOLID_BREP('',#9858);
#9858 = CLOSED_SHELL('',(#9859,#9899,#9946,#10025,#10049,#10089,#10120,
    #10137,#10170,#10194,#10261,#10382,#10449,#10473,#10504,#10537,
    #10593,#10617,#10641,#10665,#10698,#10710,#10773,#10798,#10815,
    #10839,#10857,#10875,#10893,#10910,#10927,#10958,#10983,#11008,
    #11032,#11049,#11080,#11104,#11121,#11149,#11174,#11198,#11223,
    #11270,#11287,#11299,#11321,#11333,#11351,#11369));
#9859 = ADVANCED_FACE('',(#9860),#9894,.F.);
#9860 = FACE_BOUND('',#9861,.F.);
#9861 = EDGE_LOOP('',(#9862,#9872,#9880,#9888));
#9862 = ORIENTED_EDGE('',*,*,#9863,.T.);
#9863 = EDGE_CURVE('',#9864,#9866,#9868,.T.);
#9864 = VERTEX_POINT('',#9865);
#9865 = CARTESIAN_POINT('',(-0.65,-0.625,0.465));
#9866 = VERTEX_POINT('',#9867);
#9867 = CARTESIAN_POINT('',(-0.585,-0.625,1.1));
#9868 = LINE('',#9869,#9870);
#9869 = CARTESIAN_POINT('',(-0.65,-0.625,0.465));
#9870 = VECTOR('',#9871,1.);
#9871 = DIRECTION('',(0.101830105936,0.,0.994801804142));
#9872 = ORIENTED_EDGE('',*,*,#9873,.T.);
#9873 = EDGE_CURVE('',#9866,#9874,#9876,.T.);
#9874 = VERTEX_POINT('',#9875);
#9875 = CARTESIAN_POINT('',(0.585,-0.625,1.1));
#9876 = LINE('',#9877,#9878);
#9877 = CARTESIAN_POINT('',(-0.585,-0.625,1.1));
#9878 = VECTOR('',#9879,1.);
#9879 = DIRECTION('',(1.,0.,0.));
#9880 = ORIENTED_EDGE('',*,*,#9881,.T.);
#9881 = EDGE_CURVE('',#9874,#9882,#9884,.T.);
#9882 = VERTEX_POINT('',#9883);
#9883 = CARTESIAN_POINT('',(0.65,-0.625,0.465));
#9884 = LINE('',#9885,#9886);
#9885 = CARTESIAN_POINT('',(0.585,-0.625,1.1));
#9886 = VECTOR('',#9887,1.);
#9887 = DIRECTION('',(0.101830105936,0.,-0.994801804142));
#9888 = ORIENTED_EDGE('',*,*,#9889,.T.);
#9889 = EDGE_CURVE('',#9882,#9864,#9890,.T.);
#9890 = LINE('',#9891,#9892);
#9891 = CARTESIAN_POINT('',(0.65,-0.625,0.465));
#9892 = VECTOR('',#9893,1.);
#9893 = DIRECTION('',(-1.,0.,-4.270088556251E-17));
#9894 = PLANE('',#9895);
#9895 = AXIS2_PLACEMENT_3D('',#9896,#9897,#9898);
#9896 = CARTESIAN_POINT('',(1.481626402817E-17,-0.625,0.771483451357));
#9897 = DIRECTION('',(-5.57234551408E-33,1.,3.18580557984E-32));
#9898 = DIRECTION('',(0.,-3.18580557984E-32,1.));
#9899 = ADVANCED_FACE('',(#9900),#9941,.T.);
#9900 = FACE_BOUND('',#9901,.T.);
#9901 = EDGE_LOOP('',(#9902,#9912,#9920,#9926,#9927,#9935));
#9902 = ORIENTED_EDGE('',*,*,#9903,.T.);
#9903 = EDGE_CURVE('',#9904,#9906,#9908,.T.);
#9904 = VERTEX_POINT('',#9905);
#9905 = CARTESIAN_POINT('',(-0.65,0.625,0.465));
#9906 = VERTEX_POINT('',#9907);
#9907 = CARTESIAN_POINT('',(-0.65,0.46875,0.465));
#9908 = LINE('',#9909,#9910);
#9909 = CARTESIAN_POINT('',(-0.65,0.625,0.465));
#9910 = VECTOR('',#9911,1.);
#9911 = DIRECTION('',(0.,-1.,0.));
#9912 = ORIENTED_EDGE('',*,*,#9913,.F.);
#9913 = EDGE_CURVE('',#9914,#9906,#9916,.T.);
#9914 = VERTEX_POINT('',#9915);
#9915 = CARTESIAN_POINT('',(-0.65,-0.46875,0.465));
#9916 = LINE('',#9917,#9918);
#9917 = CARTESIAN_POINT('',(-0.65,-0.625,0.465));
#9918 = VECTOR('',#9919,1.);
#9919 = DIRECTION('',(0.,1.,0.));
#9920 = ORIENTED_EDGE('',*,*,#9921,.T.);
#9921 = EDGE_CURVE('',#9914,#9864,#9922,.T.);
#9922 = LINE('',#9923,#9924);
#9923 = CARTESIAN_POINT('',(-0.65,0.625,0.465));
#9924 = VECTOR('',#9925,1.);
#9925 = DIRECTION('',(0.,-1.,0.));
#9926 = ORIENTED_EDGE('',*,*,#9863,.T.);
#9927 = ORIENTED_EDGE('',*,*,#9928,.F.);
#9928 = EDGE_CURVE('',#9929,#9866,#9931,.T.);
#9929 = VERTEX_POINT('',#9930);
#9930 = CARTESIAN_POINT('',(-0.585,0.625,1.1));
#9931 = LINE('',#9932,#9933);
#9932 = CARTESIAN_POINT('',(-0.585,0.625,1.1));
#9933 = VECTOR('',#9934,1.);
#9934 = DIRECTION('',(0.,-1.,0.));
#9935 = ORIENTED_EDGE('',*,*,#9936,.F.);
#9936 = EDGE_CURVE('',#9904,#9929,#9937,.T.);
#9937 = LINE('',#9938,#9939);
#9938 = CARTESIAN_POINT('',(-0.65,0.625,0.465));
#9939 = VECTOR('',#9940,1.);
#9940 = DIRECTION('',(0.101830105936,0.,0.994801804142));
#9941 = PLANE('',#9942);
#9942 = AXIS2_PLACEMENT_3D('',#9943,#9944,#9945);
#9943 = CARTESIAN_POINT('',(-0.65,0.625,0.465));
#9944 = DIRECTION('',(-0.994801804142,0.,0.101830105936));
#9945 = DIRECTION('',(0.101830105936,0.,0.994801804142));
#9946 = ADVANCED_FACE('',(#9947),#10020,.F.);
#9947 = FACE_BOUND('',#9948,.F.);
#9948 = EDGE_LOOP('',(#9949,#9959,#9967,#9975,#9981,#9982,#9990,#9998,
    #10006,#10014));
#9949 = ORIENTED_EDGE('',*,*,#9950,.F.);
#9950 = EDGE_CURVE('',#9951,#9953,#9955,.T.);
#9951 = VERTEX_POINT('',#9952);
#9952 = CARTESIAN_POINT('',(-0.965,-0.625,3.5E-02));
#9953 = VERTEX_POINT('',#9954);
#9954 = CARTESIAN_POINT('',(-0.9125,-0.625,3.5E-02));
#9955 = LINE('',#9956,#9957);
#9956 = CARTESIAN_POINT('',(-0.965,-0.625,3.5E-02));
#9957 = VECTOR('',#9958,1.);
#9958 = DIRECTION('',(1.,0.,0.));
#9959 = ORIENTED_EDGE('',*,*,#9960,.T.);
#9960 = EDGE_CURVE('',#9951,#9961,#9963,.T.);
#9961 = VERTEX_POINT('',#9962);
#9962 = CARTESIAN_POINT('',(-0.965,-0.625,0.465));
#9963 = LINE('',#9964,#9965);
#9964 = CARTESIAN_POINT('',(-0.965,-0.625,3.5E-02));
#9965 = VECTOR('',#9966,1.);
#9966 = DIRECTION('',(0.,0.,1.));
#9967 = ORIENTED_EDGE('',*,*,#9968,.T.);
#9968 = EDGE_CURVE('',#9961,#9969,#9971,.T.);
#9969 = VERTEX_POINT('',#9970);
#9970 = CARTESIAN_POINT('',(-0.9125,-0.625,0.465));
#9971 = LINE('',#9972,#9973);
#9972 = CARTESIAN_POINT('',(-0.965,-0.625,0.465));
#9973 = VECTOR('',#9974,1.);
#9974 = DIRECTION('',(1.,0.,0.));
#9975 = ORIENTED_EDGE('',*,*,#9976,.T.);
#9976 = EDGE_CURVE('',#9969,#9864,#9977,.T.);
#9977 = LINE('',#9978,#9979);
#9978 = CARTESIAN_POINT('',(-0.965,-0.625,0.465));
#9979 = VECTOR('',#9980,1.);
#9980 = DIRECTION('',(1.,0.,0.));
#9981 = ORIENTED_EDGE('',*,*,#9889,.F.);
#9982 = ORIENTED_EDGE('',*,*,#9983,.T.);
#9983 = EDGE_CURVE('',#9882,#9984,#9986,.T.);
#9984 = VERTEX_POINT('',#9985);
#9985 = CARTESIAN_POINT('',(0.9125,-0.625,0.465));
#9986 = LINE('',#9987,#9988);
#9987 = CARTESIAN_POINT('',(-0.965,-0.625,0.465));
#9988 = VECTOR('',#9989,1.);
#9989 = DIRECTION('',(1.,0.,0.));
#9990 = ORIENTED_EDGE('',*,*,#9991,.T.);
#9991 = EDGE_CURVE('',#9984,#9992,#9994,.T.);
#9992 = VERTEX_POINT('',#9993);
#9993 = CARTESIAN_POINT('',(0.965,-0.625,0.465));
#9994 = LINE('',#9995,#9996);
#9995 = CARTESIAN_POINT('',(-0.965,-0.625,0.465));
#9996 = VECTOR('',#9997,1.);
#9997 = DIRECTION('',(1.,0.,0.));
#9998 = ORIENTED_EDGE('',*,*,#9999,.F.);
#9999 = EDGE_CURVE('',#10000,#9992,#10002,.T.);
#10000 = VERTEX_POINT('',#10001);
#10001 = CARTESIAN_POINT('',(0.965,-0.625,3.5E-02));
#10002 = LINE('',#10003,#10004);
#10003 = CARTESIAN_POINT('',(0.965,-0.625,3.5E-02));
#10004 = VECTOR('',#10005,1.);
#10005 = DIRECTION('',(0.,0.,1.));
#10006 = ORIENTED_EDGE('',*,*,#10007,.F.);
#10007 = EDGE_CURVE('',#10008,#10000,#10010,.T.);
#10008 = VERTEX_POINT('',#10009);
#10009 = CARTESIAN_POINT('',(0.9125,-0.625,3.5E-02));
#10010 = LINE('',#10011,#10012);
#10011 = CARTESIAN_POINT('',(-0.965,-0.625,3.5E-02));
#10012 = VECTOR('',#10013,1.);
#10013 = DIRECTION('',(1.,0.,0.));
#10014 = ORIENTED_EDGE('',*,*,#10015,.F.);
#10015 = EDGE_CURVE('',#9953,#10008,#10016,.T.);
#10016 = LINE('',#10017,#10018);
#10017 = CARTESIAN_POINT('',(-0.965,-0.625,3.5E-02));
#10018 = VECTOR('',#10019,1.);
#10019 = DIRECTION('',(1.,0.,0.));
#10020 = PLANE('',#10021);
#10021 = AXIS2_PLACEMENT_3D('',#10022,#10023,#10024);
#10022 = CARTESIAN_POINT('',(-0.965,-0.625,3.5E-02));
#10023 = DIRECTION('',(0.,1.,0.));
#10024 = DIRECTION('',(0.,-0.,1.));
#10025 = ADVANCED_FACE('',(#10026),#10044,.T.);
#10026 = FACE_BOUND('',#10027,.T.);
#10027 = EDGE_LOOP('',(#10028,#10029,#10030,#10038));
#10028 = ORIENTED_EDGE('',*,*,#9928,.T.);
#10029 = ORIENTED_EDGE('',*,*,#9873,.T.);
#10030 = ORIENTED_EDGE('',*,*,#10031,.F.);
#10031 = EDGE_CURVE('',#10032,#9874,#10034,.T.);
#10032 = VERTEX_POINT('',#10033);
#10033 = CARTESIAN_POINT('',(0.585,0.625,1.1));
#10034 = LINE('',#10035,#10036);
#10035 = CARTESIAN_POINT('',(0.585,0.625,1.1));
#10036 = VECTOR('',#10037,1.);
#10037 = DIRECTION('',(0.,-1.,0.));
#10038 = ORIENTED_EDGE('',*,*,#10039,.F.);
#10039 = EDGE_CURVE('',#9929,#10032,#10040,.T.);
#10040 = LINE('',#10041,#10042);
#10041 = CARTESIAN_POINT('',(-0.585,0.625,1.1));
#10042 = VECTOR('',#10043,1.);
#10043 = DIRECTION('',(1.,0.,0.));
#10044 = PLANE('',#10045);
#10045 = AXIS2_PLACEMENT_3D('',#10046,#10047,#10048);
#10046 = CARTESIAN_POINT('',(-0.585,0.625,1.1));
#10047 = DIRECTION('',(0.,0.,1.));
#10048 = DIRECTION('',(1.,0.,-0.));
#10049 = ADVANCED_FACE('',(#10050),#10084,.T.);
#10050 = FACE_BOUND('',#10051,.T.);
#10051 = EDGE_LOOP('',(#10052,#10053,#10054,#10062,#10070,#10078));
#10052 = ORIENTED_EDGE('',*,*,#10031,.T.);
#10053 = ORIENTED_EDGE('',*,*,#9881,.T.);
#10054 = ORIENTED_EDGE('',*,*,#10055,.F.);
#10055 = EDGE_CURVE('',#10056,#9882,#10058,.T.);
#10056 = VERTEX_POINT('',#10057);
#10057 = CARTESIAN_POINT('',(0.65,-0.46875,0.465));
#10058 = LINE('',#10059,#10060);
#10059 = CARTESIAN_POINT('',(0.65,0.625,0.465));
#10060 = VECTOR('',#10061,1.);
#10061 = DIRECTION('',(0.,-1.,0.));
#10062 = ORIENTED_EDGE('',*,*,#10063,.F.);
#10063 = EDGE_CURVE('',#10064,#10056,#10066,.T.);
#10064 = VERTEX_POINT('',#10065);
#10065 = CARTESIAN_POINT('',(0.65,0.46875,0.465));
#10066 = LINE('',#10067,#10068);
#10067 = CARTESIAN_POINT('',(0.65,0.625,0.465));
#10068 = VECTOR('',#10069,1.);
#10069 = DIRECTION('',(0.,-1.,0.));
#10070 = ORIENTED_EDGE('',*,*,#10071,.F.);
#10071 = EDGE_CURVE('',#10072,#10064,#10074,.T.);
#10072 = VERTEX_POINT('',#10073);
#10073 = CARTESIAN_POINT('',(0.65,0.625,0.465));
#10074 = LINE('',#10075,#10076);
#10075 = CARTESIAN_POINT('',(0.65,0.625,0.465));
#10076 = VECTOR('',#10077,1.);
#10077 = DIRECTION('',(0.,-1.,0.));
#10078 = ORIENTED_EDGE('',*,*,#10079,.F.);
#10079 = EDGE_CURVE('',#10032,#10072,#10080,.T.);
#10080 = LINE('',#10081,#10082);
#10081 = CARTESIAN_POINT('',(0.585,0.625,1.1));
#10082 = VECTOR('',#10083,1.);
#10083 = DIRECTION('',(0.101830105936,0.,-0.994801804142));
#10084 = PLANE('',#10085);
#10085 = AXIS2_PLACEMENT_3D('',#10086,#10087,#10088);
#10086 = CARTESIAN_POINT('',(0.585,0.625,1.1));
#10087 = DIRECTION('',(0.994801804142,0.,0.101830105936));
#10088 = DIRECTION('',(0.101830105936,0.,-0.994801804142));
#10089 = ADVANCED_FACE('',(#10090),#10115,.T.);
#10090 = FACE_BOUND('',#10091,.T.);
#10091 = EDGE_LOOP('',(#10092,#10100,#10108,#10114));
#10092 = ORIENTED_EDGE('',*,*,#10093,.F.);
#10093 = EDGE_CURVE('',#10094,#9904,#10096,.T.);
#10094 = VERTEX_POINT('',#10095);
#10095 = CARTESIAN_POINT('',(-0.9125,0.625,0.465));
#10096 = LINE('',#10097,#10098);
#10097 = CARTESIAN_POINT('',(-0.965,0.625,0.465));
#10098 = VECTOR('',#10099,1.);
#10099 = DIRECTION('',(1.,0.,0.));
#10100 = ORIENTED_EDGE('',*,*,#10101,.F.);
#10101 = EDGE_CURVE('',#10102,#10094,#10104,.T.);
#10102 = VERTEX_POINT('',#10103);
#10103 = CARTESIAN_POINT('',(-0.9125,0.46875,0.465));
#10104 = LINE('',#10105,#10106);
#10105 = CARTESIAN_POINT('',(-0.9125,7.8125E-02,0.465));
#10106 = VECTOR('',#10107,1.);
#10107 = DIRECTION('',(0.,1.,0.));
#10108 = ORIENTED_EDGE('',*,*,#10109,.F.);
#10109 = EDGE_CURVE('',#9906,#10102,#10110,.T.);
#10110 = LINE('',#10111,#10112);
#10111 = CARTESIAN_POINT('',(-0.93875,0.46875,0.465));
#10112 = VECTOR('',#10113,1.);
#10113 = DIRECTION('',(-1.,0.,0.));
#10114 = ORIENTED_EDGE('',*,*,#9903,.F.);
#10115 = PLANE('',#10116);
#10116 = AXIS2_PLACEMENT_3D('',#10117,#10118,#10119);
#10117 = CARTESIAN_POINT('',(-0.965,-0.625,0.465));
#10118 = DIRECTION('',(0.,0.,1.));
#10119 = DIRECTION('',(1.,0.,-0.));
#10120 = ADVANCED_FACE('',(#10121),#10132,.T.);
#10121 = FACE_BOUND('',#10122,.T.);
#10122 = EDGE_LOOP('',(#10123,#10124,#10125,#10126));
#10123 = ORIENTED_EDGE('',*,*,#9936,.T.);
#10124 = ORIENTED_EDGE('',*,*,#10039,.T.);
#10125 = ORIENTED_EDGE('',*,*,#10079,.T.);
#10126 = ORIENTED_EDGE('',*,*,#10127,.T.);
#10127 = EDGE_CURVE('',#10072,#9904,#10128,.T.);
#10128 = LINE('',#10129,#10130);
#10129 = CARTESIAN_POINT('',(0.65,0.625,0.465));
#10130 = VECTOR('',#10131,1.);
#10131 = DIRECTION('',(-1.,0.,-4.270088556251E-17));
#10132 = PLANE('',#10133);
#10133 = AXIS2_PLACEMENT_3D('',#10134,#10135,#10136);
#10134 = CARTESIAN_POINT('',(1.481626402817E-17,0.625,0.771483451357));
#10135 = DIRECTION('',(-5.57234551408E-33,1.,3.18580557984E-32));
#10136 = DIRECTION('',(0.,-3.18580557984E-32,1.));
#10137 = ADVANCED_FACE('',(#10138),#10165,.T.);
#10138 = FACE_BOUND('',#10139,.T.);
#10139 = EDGE_LOOP('',(#10140,#10149,#10157,#10164));
#10140 = ORIENTED_EDGE('',*,*,#10141,.F.);
#10141 = EDGE_CURVE('',#10142,#9906,#10144,.T.);
#10142 = VERTEX_POINT('',#10143);
#10143 = CARTESIAN_POINT('',(-0.685,0.46875,0.5));
#10144 = CIRCLE('',#10145,3.5E-02);
#10145 = AXIS2_PLACEMENT_3D('',#10146,#10147,#10148);
#10146 = CARTESIAN_POINT('',(-0.685,0.46875,0.465));
#10147 = DIRECTION('',(-0.,1.,0.));
#10148 = DIRECTION('',(1.,0.,0.));
#10149 = ORIENTED_EDGE('',*,*,#10150,.F.);
#10150 = EDGE_CURVE('',#10151,#10142,#10153,.T.);
#10151 = VERTEX_POINT('',#10152);
#10152 = CARTESIAN_POINT('',(-0.685,-0.46875,0.5));
#10153 = LINE('',#10154,#10155);
#10154 = CARTESIAN_POINT('',(-0.685,-0.625,0.5));
#10155 = VECTOR('',#10156,1.);
#10156 = DIRECTION('',(0.,1.,0.));
#10157 = ORIENTED_EDGE('',*,*,#10158,.T.);
#10158 = EDGE_CURVE('',#10151,#9914,#10159,.T.);
#10159 = CIRCLE('',#10160,3.5E-02);
#10160 = AXIS2_PLACEMENT_3D('',#10161,#10162,#10163);
#10161 = CARTESIAN_POINT('',(-0.685,-0.46875,0.465));
#10162 = DIRECTION('',(-0.,1.,0.));
#10163 = DIRECTION('',(1.,0.,0.));
#10164 = ORIENTED_EDGE('',*,*,#9913,.T.);
#10165 = CYLINDRICAL_SURFACE('',#10166,3.5E-02);
#10166 = AXIS2_PLACEMENT_3D('',#10167,#10168,#10169);
#10167 = CARTESIAN_POINT('',(-0.685,-0.625,0.465));
#10168 = DIRECTION('',(0.,1.,0.));
#10169 = DIRECTION('',(1.,0.,0.));
#10170 = ADVANCED_FACE('',(#10171),#10189,.T.);
#10171 = FACE_BOUND('',#10172,.T.);
#10172 = EDGE_LOOP('',(#10173,#10181,#10182,#10183));
#10173 = ORIENTED_EDGE('',*,*,#10174,.F.);
#10174 = EDGE_CURVE('',#9969,#10175,#10177,.T.);
#10175 = VERTEX_POINT('',#10176);
#10176 = CARTESIAN_POINT('',(-0.9125,-0.46875,0.465));
#10177 = LINE('',#10178,#10179);
#10178 = CARTESIAN_POINT('',(-0.9125,-0.546875,0.465));
#10179 = VECTOR('',#10180,1.);
#10180 = DIRECTION('',(0.,1.,0.));
#10181 = ORIENTED_EDGE('',*,*,#9976,.T.);
#10182 = ORIENTED_EDGE('',*,*,#9921,.F.);
#10183 = ORIENTED_EDGE('',*,*,#10184,.F.);
#10184 = EDGE_CURVE('',#10175,#9914,#10185,.T.);
#10185 = LINE('',#10186,#10187);
#10186 = CARTESIAN_POINT('',(-2.625E-02,-0.46875,0.465));
#10187 = VECTOR('',#10188,1.);
#10188 = DIRECTION('',(1.,0.,0.));
#10189 = PLANE('',#10190);
#10190 = AXIS2_PLACEMENT_3D('',#10191,#10192,#10193);
#10191 = CARTESIAN_POINT('',(-0.965,-0.625,0.465));
#10192 = DIRECTION('',(0.,0.,1.));
#10193 = DIRECTION('',(1.,0.,-0.));
#10194 = ADVANCED_FACE('',(#10195),#10256,.F.);
#10195 = FACE_BOUND('',#10196,.F.);
#10196 = EDGE_LOOP('',(#10197,#10207,#10216,#10224,#10233,#10241,#10247,
    #10248,#10249,#10250));
#10197 = ORIENTED_EDGE('',*,*,#10198,.F.);
#10198 = EDGE_CURVE('',#10199,#10201,#10203,.T.);
#10199 = VERTEX_POINT('',#10200);
#10200 = CARTESIAN_POINT('',(-0.965,-0.625,-6.938893903907E-18));
#10201 = VERTEX_POINT('',#10202);
#10202 = CARTESIAN_POINT('',(-0.9125,-0.625,0.));
#10203 = LINE('',#10204,#10205);
#10204 = CARTESIAN_POINT('',(-1.,-0.625,0.));
#10205 = VECTOR('',#10206,1.);
#10206 = DIRECTION('',(1.,0.,0.));
#10207 = ORIENTED_EDGE('',*,*,#10208,.F.);
#10208 = EDGE_CURVE('',#10209,#10199,#10211,.T.);
#10209 = VERTEX_POINT('',#10210);
#10210 = CARTESIAN_POINT('',(-1.,-0.625,3.5E-02));
#10211 = CIRCLE('',#10212,3.5E-02);
#10212 = AXIS2_PLACEMENT_3D('',#10213,#10214,#10215);
#10213 = CARTESIAN_POINT('',(-0.965,-0.625,3.5E-02));
#10214 = DIRECTION('',(0.,-1.,0.));
#10215 = DIRECTION('',(0.,0.,1.));
#10216 = ORIENTED_EDGE('',*,*,#10217,.T.);
#10217 = EDGE_CURVE('',#10209,#10218,#10220,.T.);
#10218 = VERTEX_POINT('',#10219);
#10219 = CARTESIAN_POINT('',(-1.,-0.625,0.465));
#10220 = LINE('',#10221,#10222);
#10221 = CARTESIAN_POINT('',(-1.,-0.625,0.));
#10222 = VECTOR('',#10223,1.);
#10223 = DIRECTION('',(0.,0.,1.));
#10224 = ORIENTED_EDGE('',*,*,#10225,.T.);
#10225 = EDGE_CURVE('',#10218,#10226,#10228,.T.);
#10226 = VERTEX_POINT('',#10227);
#10227 = CARTESIAN_POINT('',(-0.965,-0.625,0.5));
#10228 = CIRCLE('',#10229,3.5E-02);
#10229 = AXIS2_PLACEMENT_3D('',#10230,#10231,#10232);
#10230 = CARTESIAN_POINT('',(-0.965,-0.625,0.465));
#10231 = DIRECTION('',(0.,1.,0.));
#10232 = DIRECTION('',(0.,-0.,1.));
#10233 = ORIENTED_EDGE('',*,*,#10234,.T.);
#10234 = EDGE_CURVE('',#10226,#10235,#10237,.T.);
#10235 = VERTEX_POINT('',#10236);
#10236 = CARTESIAN_POINT('',(-0.9125,-0.625,0.5));
#10237 = LINE('',#10238,#10239);
#10238 = CARTESIAN_POINT('',(-1.,-0.625,0.5));
#10239 = VECTOR('',#10240,1.);
#10240 = DIRECTION('',(1.,0.,0.));
#10241 = ORIENTED_EDGE('',*,*,#10242,.F.);
#10242 = EDGE_CURVE('',#9969,#10235,#10243,.T.);
#10243 = LINE('',#10244,#10245);
#10244 = CARTESIAN_POINT('',(-0.9125,-0.625,0.375));
#10245 = VECTOR('',#10246,1.);
#10246 = DIRECTION('',(0.,0.,1.));
#10247 = ORIENTED_EDGE('',*,*,#9968,.F.);
#10248 = ORIENTED_EDGE('',*,*,#9960,.F.);
#10249 = ORIENTED_EDGE('',*,*,#9950,.T.);
#10250 = ORIENTED_EDGE('',*,*,#10251,.F.);
#10251 = EDGE_CURVE('',#10201,#9953,#10252,.T.);
#10252 = LINE('',#10253,#10254);
#10253 = CARTESIAN_POINT('',(-0.9125,-0.625,0.375));
#10254 = VECTOR('',#10255,1.);
#10255 = DIRECTION('',(0.,0.,1.));
#10256 = PLANE('',#10257);
#10257 = AXIS2_PLACEMENT_3D('',#10258,#10259,#10260);
#10258 = CARTESIAN_POINT('',(-1.,-0.625,0.));
#10259 = DIRECTION('',(0.,1.,0.));
#10260 = DIRECTION('',(0.,-0.,1.));
#10261 = ADVANCED_FACE('',(#10262,#10351),#10377,.F.);
#10262 = FACE_BOUND('',#10263,.F.);
#10263 = EDGE_LOOP('',(#10264,#10272,#10273,#10281,#10289,#10297,#10305,
    #10313,#10321,#10329,#10337,#10345));
#10264 = ORIENTED_EDGE('',*,*,#10265,.F.);
#10265 = EDGE_CURVE('',#9953,#10266,#10268,.T.);
#10266 = VERTEX_POINT('',#10267);
#10267 = CARTESIAN_POINT('',(-0.9125,-0.46875,3.5E-02));
#10268 = LINE('',#10269,#10270);
#10269 = CARTESIAN_POINT('',(-0.9125,-0.546875,3.5E-02));
#10270 = VECTOR('',#10271,1.);
#10271 = DIRECTION('',(0.,1.,0.));
#10272 = ORIENTED_EDGE('',*,*,#10015,.T.);
#10273 = ORIENTED_EDGE('',*,*,#10274,.F.);
#10274 = EDGE_CURVE('',#10275,#10008,#10277,.T.);
#10275 = VERTEX_POINT('',#10276);
#10276 = CARTESIAN_POINT('',(0.9125,-0.46875,3.5E-02));
#10277 = LINE('',#10278,#10279);
#10278 = CARTESIAN_POINT('',(0.9125,-0.703125,3.5E-02));
#10279 = VECTOR('',#10280,1.);
#10280 = DIRECTION('',(0.,-1.,0.));
#10281 = ORIENTED_EDGE('',*,*,#10282,.F.);
#10282 = EDGE_CURVE('',#10283,#10275,#10285,.T.);
#10283 = VERTEX_POINT('',#10284);
#10284 = CARTESIAN_POINT('',(0.65,-0.46875,3.5E-02));
#10285 = LINE('',#10286,#10287);
#10286 = CARTESIAN_POINT('',(-2.625E-02,-0.46875,3.5E-02));
#10287 = VECTOR('',#10288,1.);
#10288 = DIRECTION('',(1.,0.,0.));
#10289 = ORIENTED_EDGE('',*,*,#10290,.T.);
#10290 = EDGE_CURVE('',#10283,#10291,#10293,.T.);
#10291 = VERTEX_POINT('',#10292);
#10292 = CARTESIAN_POINT('',(0.65,0.46875,3.5E-02));
#10293 = LINE('',#10294,#10295);
#10294 = CARTESIAN_POINT('',(0.65,-0.625,3.5E-02));
#10295 = VECTOR('',#10296,1.);
#10296 = DIRECTION('',(0.,1.,0.));
#10297 = ORIENTED_EDGE('',*,*,#10298,.F.);
#10298 = EDGE_CURVE('',#10299,#10291,#10301,.T.);
#10299 = VERTEX_POINT('',#10300);
#10300 = CARTESIAN_POINT('',(0.9125,0.46875,3.5E-02));
#10301 = LINE('',#10302,#10303);
#10302 = CARTESIAN_POINT('',(-0.93875,0.46875,3.5E-02));
#10303 = VECTOR('',#10304,1.);
#10304 = DIRECTION('',(-1.,0.,0.));
#10305 = ORIENTED_EDGE('',*,*,#10306,.F.);
#10306 = EDGE_CURVE('',#10307,#10299,#10309,.T.);
#10307 = VERTEX_POINT('',#10308);
#10308 = CARTESIAN_POINT('',(0.9125,0.625,3.5E-02));
#10309 = LINE('',#10310,#10311);
#10310 = CARTESIAN_POINT('',(0.9125,-7.8125E-02,3.5E-02));
#10311 = VECTOR('',#10312,1.);
#10312 = DIRECTION('',(0.,-1.,0.));
#10313 = ORIENTED_EDGE('',*,*,#10314,.F.);
#10314 = EDGE_CURVE('',#10315,#10307,#10317,.T.);
#10315 = VERTEX_POINT('',#10316);
#10316 = CARTESIAN_POINT('',(-0.9125,0.625,3.5E-02));
#10317 = LINE('',#10318,#10319);
#10318 = CARTESIAN_POINT('',(-0.965,0.625,3.5E-02));
#10319 = VECTOR('',#10320,1.);
#10320 = DIRECTION('',(1.,0.,0.));
#10321 = ORIENTED_EDGE('',*,*,#10322,.F.);
#10322 = EDGE_CURVE('',#10323,#10315,#10325,.T.);
#10323 = VERTEX_POINT('',#10324);
#10324 = CARTESIAN_POINT('',(-0.9125,0.46875,3.5E-02));
#10325 = LINE('',#10326,#10327);
#10326 = CARTESIAN_POINT('',(-0.9125,7.8125E-02,3.5E-02));
#10327 = VECTOR('',#10328,1.);
#10328 = DIRECTION('',(0.,1.,0.));
#10329 = ORIENTED_EDGE('',*,*,#10330,.F.);
#10330 = EDGE_CURVE('',#10331,#10323,#10333,.T.);
#10331 = VERTEX_POINT('',#10332);
#10332 = CARTESIAN_POINT('',(-0.65,0.46875,3.5E-02));
#10333 = LINE('',#10334,#10335);
#10334 = CARTESIAN_POINT('',(-0.93875,0.46875,3.5E-02));
#10335 = VECTOR('',#10336,1.);
#10336 = DIRECTION('',(-1.,0.,0.));
#10337 = ORIENTED_EDGE('',*,*,#10338,.F.);
#10338 = EDGE_CURVE('',#10339,#10331,#10341,.T.);
#10339 = VERTEX_POINT('',#10340);
#10340 = CARTESIAN_POINT('',(-0.65,-0.46875,3.5E-02));
#10341 = LINE('',#10342,#10343);
#10342 = CARTESIAN_POINT('',(-0.65,-0.625,3.5E-02));
#10343 = VECTOR('',#10344,1.);
#10344 = DIRECTION('',(0.,1.,0.));
#10345 = ORIENTED_EDGE('',*,*,#10346,.F.);
#10346 = EDGE_CURVE('',#10266,#10339,#10347,.T.);
#10347 = LINE('',#10348,#10349);
#10348 = CARTESIAN_POINT('',(-2.625E-02,-0.46875,3.5E-02));
#10349 = VECTOR('',#10350,1.);
#10350 = DIRECTION('',(1.,0.,0.));
#10351 = FACE_BOUND('',#10352,.F.);
#10352 = EDGE_LOOP('',(#10353,#10363,#10371));
#10353 = ORIENTED_EDGE('',*,*,#10354,.T.);
#10354 = EDGE_CURVE('',#10355,#10357,#10359,.T.);
#10355 = VERTEX_POINT('',#10356);
#10356 = CARTESIAN_POINT('',(0.433012701892,0.5,3.5E-02));
#10357 = VERTEX_POINT('',#10358);
#10358 = CARTESIAN_POINT('',(0.433012701892,-0.5,3.5E-02));
#10359 = LINE('',#10360,#10361);
#10360 = CARTESIAN_POINT('',(0.433012701892,0.5,3.5E-02));
#10361 = VECTOR('',#10362,1.);
#10362 = DIRECTION('',(0.,-1.,0.));
#10363 = ORIENTED_EDGE('',*,*,#10364,.T.);
#10364 = EDGE_CURVE('',#10357,#10365,#10367,.T.);
#10365 = VERTEX_POINT('',#10366);
#10366 = CARTESIAN_POINT('',(-0.433012701892,0.,3.5E-02));
#10367 = LINE('',#10368,#10369);
#10368 = CARTESIAN_POINT('',(0.433012701892,-0.5,3.5E-02));
#10369 = VECTOR('',#10370,1.);
#10370 = DIRECTION('',(-0.866025403784,0.5,0.));
#10371 = ORIENTED_EDGE('',*,*,#10372,.T.);
#10372 = EDGE_CURVE('',#10365,#10355,#10373,.T.);
#10373 = LINE('',#10374,#10375);
#10374 = CARTESIAN_POINT('',(-0.433012701892,0.,3.5E-02));
#10375 = VECTOR('',#10376,1.);
#10376 = DIRECTION('',(0.866025403784,0.5,0.));
#10377 = PLANE('',#10378);
#10378 = AXIS2_PLACEMENT_3D('',#10379,#10380,#10381);
#10379 = CARTESIAN_POINT('',(-0.965,-0.625,3.5E-02));
#10380 = DIRECTION('',(0.,0.,1.));
#10381 = DIRECTION('',(1.,0.,-0.));
#10382 = ADVANCED_FACE('',(#10383),#10444,.F.);
#10383 = FACE_BOUND('',#10384,.F.);
#10384 = EDGE_LOOP('',(#10385,#10395,#10401,#10402,#10403,#10404,#10412,
    #10420,#10429,#10437));
#10385 = ORIENTED_EDGE('',*,*,#10386,.F.);
#10386 = EDGE_CURVE('',#10387,#10389,#10391,.T.);
#10387 = VERTEX_POINT('',#10388);
#10388 = CARTESIAN_POINT('',(0.9125,-0.625,0.));
#10389 = VERTEX_POINT('',#10390);
#10390 = CARTESIAN_POINT('',(0.965,-0.625,-6.938893903907E-18));
#10391 = LINE('',#10392,#10393);
#10392 = CARTESIAN_POINT('',(0.65,-0.625,0.));
#10393 = VECTOR('',#10394,1.);
#10394 = DIRECTION('',(1.,0.,0.));
#10395 = ORIENTED_EDGE('',*,*,#10396,.F.);
#10396 = EDGE_CURVE('',#10008,#10387,#10397,.T.);
#10397 = LINE('',#10398,#10399);
#10398 = CARTESIAN_POINT('',(0.9125,-0.625,0.375));
#10399 = VECTOR('',#10400,1.);
#10400 = DIRECTION('',(0.,0.,-1.));
#10401 = ORIENTED_EDGE('',*,*,#10007,.T.);
#10402 = ORIENTED_EDGE('',*,*,#9999,.T.);
#10403 = ORIENTED_EDGE('',*,*,#9991,.F.);
#10404 = ORIENTED_EDGE('',*,*,#10405,.F.);
#10405 = EDGE_CURVE('',#10406,#9984,#10408,.T.);
#10406 = VERTEX_POINT('',#10407);
#10407 = CARTESIAN_POINT('',(0.9125,-0.625,0.5));
#10408 = LINE('',#10409,#10410);
#10409 = CARTESIAN_POINT('',(0.9125,-0.625,0.375));
#10410 = VECTOR('',#10411,1.);
#10411 = DIRECTION('',(0.,0.,-1.));
#10412 = ORIENTED_EDGE('',*,*,#10413,.T.);
#10413 = EDGE_CURVE('',#10406,#10414,#10416,.T.);
#10414 = VERTEX_POINT('',#10415);
#10415 = CARTESIAN_POINT('',(0.965,-0.625,0.5));
#10416 = LINE('',#10417,#10418);
#10417 = CARTESIAN_POINT('',(0.65,-0.625,0.5));
#10418 = VECTOR('',#10419,1.);
#10419 = DIRECTION('',(1.,0.,0.));
#10420 = ORIENTED_EDGE('',*,*,#10421,.F.);
#10421 = EDGE_CURVE('',#10422,#10414,#10424,.T.);
#10422 = VERTEX_POINT('',#10423);
#10423 = CARTESIAN_POINT('',(1.,-0.625,0.465));
#10424 = CIRCLE('',#10425,3.5E-02);
#10425 = AXIS2_PLACEMENT_3D('',#10426,#10427,#10428);
#10426 = CARTESIAN_POINT('',(0.965,-0.625,0.465));
#10427 = DIRECTION('',(0.,-1.,0.));
#10428 = DIRECTION('',(0.,0.,1.));
#10429 = ORIENTED_EDGE('',*,*,#10430,.F.);
#10430 = EDGE_CURVE('',#10431,#10422,#10433,.T.);
#10431 = VERTEX_POINT('',#10432);
#10432 = CARTESIAN_POINT('',(1.,-0.625,3.5E-02));
#10433 = LINE('',#10434,#10435);
#10434 = CARTESIAN_POINT('',(1.,-0.625,0.));
#10435 = VECTOR('',#10436,1.);
#10436 = DIRECTION('',(0.,0.,1.));
#10437 = ORIENTED_EDGE('',*,*,#10438,.T.);
#10438 = EDGE_CURVE('',#10431,#10389,#10439,.T.);
#10439 = CIRCLE('',#10440,3.5E-02);
#10440 = AXIS2_PLACEMENT_3D('',#10441,#10442,#10443);
#10441 = CARTESIAN_POINT('',(0.965,-0.625,3.5E-02));
#10442 = DIRECTION('',(0.,1.,0.));
#10443 = DIRECTION('',(0.,-0.,1.));
#10444 = PLANE('',#10445);
#10445 = AXIS2_PLACEMENT_3D('',#10446,#10447,#10448);
#10446 = CARTESIAN_POINT('',(0.65,-0.625,0.));
#10447 = DIRECTION('',(0.,1.,0.));
#10448 = DIRECTION('',(0.,-0.,1.));
#10449 = ADVANCED_FACE('',(#10450),#10468,.T.);
#10450 = FACE_BOUND('',#10451,.T.);
#10451 = EDGE_LOOP('',(#10452,#10460,#10461,#10462));
#10452 = ORIENTED_EDGE('',*,*,#10453,.F.);
#10453 = EDGE_CURVE('',#10056,#10454,#10456,.T.);
#10454 = VERTEX_POINT('',#10455);
#10455 = CARTESIAN_POINT('',(0.9125,-0.46875,0.465));
#10456 = LINE('',#10457,#10458);
#10457 = CARTESIAN_POINT('',(-2.625E-02,-0.46875,0.465));
#10458 = VECTOR('',#10459,1.);
#10459 = DIRECTION('',(1.,0.,0.));
#10460 = ORIENTED_EDGE('',*,*,#10055,.T.);
#10461 = ORIENTED_EDGE('',*,*,#9983,.T.);
#10462 = ORIENTED_EDGE('',*,*,#10463,.F.);
#10463 = EDGE_CURVE('',#10454,#9984,#10464,.T.);
#10464 = LINE('',#10465,#10466);
#10465 = CARTESIAN_POINT('',(0.9125,-0.703125,0.465));
#10466 = VECTOR('',#10467,1.);
#10467 = DIRECTION('',(0.,-1.,0.));
#10468 = PLANE('',#10469);
#10469 = AXIS2_PLACEMENT_3D('',#10470,#10471,#10472);
#10470 = CARTESIAN_POINT('',(-0.965,-0.625,0.465));
#10471 = DIRECTION('',(0.,0.,1.));
#10472 = DIRECTION('',(1.,0.,-0.));
#10473 = ADVANCED_FACE('',(#10474),#10499,.T.);
#10474 = FACE_BOUND('',#10475,.T.);
#10475 = EDGE_LOOP('',(#10476,#10484,#10485,#10493));
#10476 = ORIENTED_EDGE('',*,*,#10477,.F.);
#10477 = EDGE_CURVE('',#10072,#10478,#10480,.T.);
#10478 = VERTEX_POINT('',#10479);
#10479 = CARTESIAN_POINT('',(0.9125,0.625,0.465));
#10480 = LINE('',#10481,#10482);
#10481 = CARTESIAN_POINT('',(-0.965,0.625,0.465));
#10482 = VECTOR('',#10483,1.);
#10483 = DIRECTION('',(1.,0.,0.));
#10484 = ORIENTED_EDGE('',*,*,#10071,.T.);
#10485 = ORIENTED_EDGE('',*,*,#10486,.F.);
#10486 = EDGE_CURVE('',#10487,#10064,#10489,.T.);
#10487 = VERTEX_POINT('',#10488);
#10488 = CARTESIAN_POINT('',(0.9125,0.46875,0.465));
#10489 = LINE('',#10490,#10491);
#10490 = CARTESIAN_POINT('',(-0.93875,0.46875,0.465));
#10491 = VECTOR('',#10492,1.);
#10492 = DIRECTION('',(-1.,0.,0.));
#10493 = ORIENTED_EDGE('',*,*,#10494,.F.);
#10494 = EDGE_CURVE('',#10478,#10487,#10495,.T.);
#10495 = LINE('',#10496,#10497);
#10496 = CARTESIAN_POINT('',(0.9125,-7.8125E-02,0.465));
#10497 = VECTOR('',#10498,1.);
#10498 = DIRECTION('',(0.,-1.,0.));
#10499 = PLANE('',#10500);
#10500 = AXIS2_PLACEMENT_3D('',#10501,#10502,#10503);
#10501 = CARTESIAN_POINT('',(-0.965,-0.625,0.465));
#10502 = DIRECTION('',(0.,0.,1.));
#10503 = DIRECTION('',(1.,0.,-0.));
#10504 = ADVANCED_FACE('',(#10505),#10532,.T.);
#10505 = FACE_BOUND('',#10506,.T.);
#10506 = EDGE_LOOP('',(#10507,#10508,#10517,#10525));
#10507 = ORIENTED_EDGE('',*,*,#10063,.T.);
#10508 = ORIENTED_EDGE('',*,*,#10509,.T.);
#10509 = EDGE_CURVE('',#10056,#10510,#10512,.T.);
#10510 = VERTEX_POINT('',#10511);
#10511 = CARTESIAN_POINT('',(0.685,-0.46875,0.5));
#10512 = CIRCLE('',#10513,3.5E-02);
#10513 = AXIS2_PLACEMENT_3D('',#10514,#10515,#10516);
#10514 = CARTESIAN_POINT('',(0.685,-0.46875,0.465));
#10515 = DIRECTION('',(0.,1.,-0.));
#10516 = DIRECTION('',(-1.,0.,0.));
#10517 = ORIENTED_EDGE('',*,*,#10518,.T.);
#10518 = EDGE_CURVE('',#10510,#10519,#10521,.T.);
#10519 = VERTEX_POINT('',#10520);
#10520 = CARTESIAN_POINT('',(0.685,0.46875,0.5));
#10521 = LINE('',#10522,#10523);
#10522 = CARTESIAN_POINT('',(0.685,-0.625,0.5));
#10523 = VECTOR('',#10524,1.);
#10524 = DIRECTION('',(0.,1.,0.));
#10525 = ORIENTED_EDGE('',*,*,#10526,.F.);
#10526 = EDGE_CURVE('',#10064,#10519,#10527,.T.);
#10527 = CIRCLE('',#10528,3.5E-02);
#10528 = AXIS2_PLACEMENT_3D('',#10529,#10530,#10531);
#10529 = CARTESIAN_POINT('',(0.685,0.46875,0.465));
#10530 = DIRECTION('',(0.,1.,-0.));
#10531 = DIRECTION('',(-1.,0.,0.));
#10532 = CYLINDRICAL_SURFACE('',#10533,3.5E-02);
#10533 = AXIS2_PLACEMENT_3D('',#10534,#10535,#10536);
#10534 = CARTESIAN_POINT('',(0.685,-0.625,0.465));
#10535 = DIRECTION('',(0.,1.,0.));
#10536 = DIRECTION('',(-1.,0.,0.));
#10537 = ADVANCED_FACE('',(#10538),#10588,.T.);
#10538 = FACE_BOUND('',#10539,.T.);
#10539 = EDGE_LOOP('',(#10540,#10548,#10556,#10562,#10563,#10564,#10565,
    #10573,#10581,#10587));
#10540 = ORIENTED_EDGE('',*,*,#10541,.F.);
#10541 = EDGE_CURVE('',#10542,#10315,#10544,.T.);
#10542 = VERTEX_POINT('',#10543);
#10543 = CARTESIAN_POINT('',(-0.965,0.625,3.5E-02));
#10544 = LINE('',#10545,#10546);
#10545 = CARTESIAN_POINT('',(-0.965,0.625,3.5E-02));
#10546 = VECTOR('',#10547,1.);
#10547 = DIRECTION('',(1.,0.,0.));
#10548 = ORIENTED_EDGE('',*,*,#10549,.T.);
#10549 = EDGE_CURVE('',#10542,#10550,#10552,.T.);
#10550 = VERTEX_POINT('',#10551);
#10551 = CARTESIAN_POINT('',(-0.965,0.625,0.465));
#10552 = LINE('',#10553,#10554);
#10553 = CARTESIAN_POINT('',(-0.965,0.625,3.5E-02));
#10554 = VECTOR('',#10555,1.);
#10555 = DIRECTION('',(0.,0.,1.));
#10556 = ORIENTED_EDGE('',*,*,#10557,.T.);
#10557 = EDGE_CURVE('',#10550,#10094,#10558,.T.);
#10558 = LINE('',#10559,#10560);
#10559 = CARTESIAN_POINT('',(-0.965,0.625,0.465));
#10560 = VECTOR('',#10561,1.);
#10561 = DIRECTION('',(1.,0.,0.));
#10562 = ORIENTED_EDGE('',*,*,#10093,.T.);
#10563 = ORIENTED_EDGE('',*,*,#10127,.F.);
#10564 = ORIENTED_EDGE('',*,*,#10477,.T.);
#10565 = ORIENTED_EDGE('',*,*,#10566,.T.);
#10566 = EDGE_CURVE('',#10478,#10567,#10569,.T.);
#10567 = VERTEX_POINT('',#10568);
#10568 = CARTESIAN_POINT('',(0.965,0.625,0.465));
#10569 = LINE('',#10570,#10571);
#10570 = CARTESIAN_POINT('',(-0.965,0.625,0.465));
#10571 = VECTOR('',#10572,1.);
#10572 = DIRECTION('',(1.,0.,0.));
#10573 = ORIENTED_EDGE('',*,*,#10574,.F.);
#10574 = EDGE_CURVE('',#10575,#10567,#10577,.T.);
#10575 = VERTEX_POINT('',#10576);
#10576 = CARTESIAN_POINT('',(0.965,0.625,3.5E-02));
#10577 = LINE('',#10578,#10579);
#10578 = CARTESIAN_POINT('',(0.965,0.625,3.5E-02));
#10579 = VECTOR('',#10580,1.);
#10580 = DIRECTION('',(0.,0.,1.));
#10581 = ORIENTED_EDGE('',*,*,#10582,.F.);
#10582 = EDGE_CURVE('',#10307,#10575,#10583,.T.);
#10583 = LINE('',#10584,#10585);
#10584 = CARTESIAN_POINT('',(-0.965,0.625,3.5E-02));
#10585 = VECTOR('',#10586,1.);
#10586 = DIRECTION('',(1.,0.,0.));
#10587 = ORIENTED_EDGE('',*,*,#10314,.F.);
#10588 = PLANE('',#10589);
#10589 = AXIS2_PLACEMENT_3D('',#10590,#10591,#10592);
#10590 = CARTESIAN_POINT('',(-0.965,0.625,3.5E-02));
#10591 = DIRECTION('',(0.,1.,0.));
#10592 = DIRECTION('',(0.,-0.,1.));
#10593 = ADVANCED_FACE('',(#10594),#10612,.F.);
#10594 = FACE_BOUND('',#10595,.F.);
#10595 = EDGE_LOOP('',(#10596,#10604,#10610,#10611));
#10596 = ORIENTED_EDGE('',*,*,#10597,.F.);
#10597 = EDGE_CURVE('',#10598,#10142,#10600,.T.);
#10598 = VERTEX_POINT('',#10599);
#10599 = CARTESIAN_POINT('',(-0.9125,0.46875,0.5));
#10600 = LINE('',#10601,#10602);
#10601 = CARTESIAN_POINT('',(-0.95625,0.46875,0.5));
#10602 = VECTOR('',#10603,1.);
#10603 = DIRECTION('',(1.,0.,0.));
#10604 = ORIENTED_EDGE('',*,*,#10605,.T.);
#10605 = EDGE_CURVE('',#10598,#10102,#10606,.T.);
#10606 = LINE('',#10607,#10608);
#10607 = CARTESIAN_POINT('',(-0.9125,0.46875,0.75));
#10608 = VECTOR('',#10609,1.);
#10609 = DIRECTION('',(-0.,-0.,-1.));
#10610 = ORIENTED_EDGE('',*,*,#10109,.F.);
#10611 = ORIENTED_EDGE('',*,*,#10141,.F.);
#10612 = PLANE('',#10613);
#10613 = AXIS2_PLACEMENT_3D('',#10614,#10615,#10616);
#10614 = CARTESIAN_POINT('',(-0.9125,0.46875,0.75));
#10615 = DIRECTION('',(0.,-1.,0.));
#10616 = DIRECTION('',(1.,0.,0.));
#10617 = ADVANCED_FACE('',(#10618),#10636,.F.);
#10618 = FACE_BOUND('',#10619,.F.);
#10619 = EDGE_LOOP('',(#10620,#10621,#10629,#10635));
#10620 = ORIENTED_EDGE('',*,*,#10605,.F.);
#10621 = ORIENTED_EDGE('',*,*,#10622,.F.);
#10622 = EDGE_CURVE('',#10623,#10598,#10625,.T.);
#10623 = VERTEX_POINT('',#10624);
#10624 = CARTESIAN_POINT('',(-0.9125,0.625,0.5));
#10625 = LINE('',#10626,#10627);
#10626 = CARTESIAN_POINT('',(-0.9125,7.8125E-02,0.5));
#10627 = VECTOR('',#10628,1.);
#10628 = DIRECTION('',(0.,-1.,0.));
#10629 = ORIENTED_EDGE('',*,*,#10630,.F.);
#10630 = EDGE_CURVE('',#10094,#10623,#10631,.T.);
#10631 = LINE('',#10632,#10633);
#10632 = CARTESIAN_POINT('',(-0.9125,0.625,0.375));
#10633 = VECTOR('',#10634,1.);
#10634 = DIRECTION('',(0.,0.,1.));
#10635 = ORIENTED_EDGE('',*,*,#10101,.F.);
#10636 = PLANE('',#10637);
#10637 = AXIS2_PLACEMENT_3D('',#10638,#10639,#10640);
#10638 = CARTESIAN_POINT('',(-0.9125,0.78125,0.75));
#10639 = DIRECTION('',(-1.,0.,0.));
#10640 = DIRECTION('',(0.,-1.,0.));
#10641 = ADVANCED_FACE('',(#10642),#10660,.F.);
#10642 = FACE_BOUND('',#10643,.F.);
#10643 = EDGE_LOOP('',(#10644,#10652,#10658,#10659));
#10644 = ORIENTED_EDGE('',*,*,#10645,.F.);
#10645 = EDGE_CURVE('',#10646,#10175,#10648,.T.);
#10646 = VERTEX_POINT('',#10647);
#10647 = CARTESIAN_POINT('',(-0.9125,-0.46875,0.5));
#10648 = LINE('',#10649,#10650);
#10649 = CARTESIAN_POINT('',(-0.9125,-0.46875,0.75));
#10650 = VECTOR('',#10651,1.);
#10651 = DIRECTION('',(-0.,-0.,-1.));
#10652 = ORIENTED_EDGE('',*,*,#10653,.F.);
#10653 = EDGE_CURVE('',#10151,#10646,#10654,.T.);
#10654 = LINE('',#10655,#10656);
#10655 = CARTESIAN_POINT('',(-4.375E-02,-0.46875,0.5));
#10656 = VECTOR('',#10657,1.);
#10657 = DIRECTION('',(-1.,0.,0.));
#10658 = ORIENTED_EDGE('',*,*,#10158,.T.);
#10659 = ORIENTED_EDGE('',*,*,#10184,.F.);
#10660 = PLANE('',#10661);
#10661 = AXIS2_PLACEMENT_3D('',#10662,#10663,#10664);
#10662 = CARTESIAN_POINT('',(0.9125,-0.46875,0.75));
#10663 = DIRECTION('',(0.,1.,0.));
#10664 = DIRECTION('',(-1.,0.,0.));
#10665 = ADVANCED_FACE('',(#10666),#10693,.T.);
#10666 = FACE_BOUND('',#10667,.T.);
#10667 = EDGE_LOOP('',(#10668,#10676,#10682,#10683,#10689,#10690,#10691,
    #10692));
#10668 = ORIENTED_EDGE('',*,*,#10669,.F.);
#10669 = EDGE_CURVE('',#10670,#10623,#10672,.T.);
#10670 = VERTEX_POINT('',#10671);
#10671 = CARTESIAN_POINT('',(-0.965,0.625,0.5));
#10672 = LINE('',#10673,#10674);
#10673 = CARTESIAN_POINT('',(-1.,0.625,0.5));
#10674 = VECTOR('',#10675,1.);
#10675 = DIRECTION('',(1.,0.,0.));
#10676 = ORIENTED_EDGE('',*,*,#10677,.F.);
#10677 = EDGE_CURVE('',#10226,#10670,#10678,.T.);
#10678 = LINE('',#10679,#10680);
#10679 = CARTESIAN_POINT('',(-0.965,-0.625,0.5));
#10680 = VECTOR('',#10681,1.);
#10681 = DIRECTION('',(0.,1.,0.));
#10682 = ORIENTED_EDGE('',*,*,#10234,.T.);
#10683 = ORIENTED_EDGE('',*,*,#10684,.F.);
#10684 = EDGE_CURVE('',#10646,#10235,#10685,.T.);
#10685 = LINE('',#10686,#10687);
#10686 = CARTESIAN_POINT('',(-0.9125,-0.546875,0.5));
#10687 = VECTOR('',#10688,1.);
#10688 = DIRECTION('',(0.,-1.,0.));
#10689 = ORIENTED_EDGE('',*,*,#10653,.F.);
#10690 = ORIENTED_EDGE('',*,*,#10150,.T.);
#10691 = ORIENTED_EDGE('',*,*,#10597,.F.);
#10692 = ORIENTED_EDGE('',*,*,#10622,.F.);
#10693 = PLANE('',#10694);
#10694 = AXIS2_PLACEMENT_3D('',#10695,#10696,#10697);
#10695 = CARTESIAN_POINT('',(-1.,-0.625,0.5));
#10696 = DIRECTION('',(0.,0.,1.));
#10697 = DIRECTION('',(1.,0.,-0.));
#10698 = ADVANCED_FACE('',(#10699),#10705,.F.);
#10699 = FACE_BOUND('',#10700,.F.);
#10700 = EDGE_LOOP('',(#10701,#10702,#10703,#10704));
#10701 = ORIENTED_EDGE('',*,*,#10684,.F.);
#10702 = ORIENTED_EDGE('',*,*,#10645,.T.);
#10703 = ORIENTED_EDGE('',*,*,#10174,.F.);
#10704 = ORIENTED_EDGE('',*,*,#10242,.T.);
#10705 = PLANE('',#10706);
#10706 = AXIS2_PLACEMENT_3D('',#10707,#10708,#10709);
#10707 = CARTESIAN_POINT('',(-0.9125,-0.46875,0.75));
#10708 = DIRECTION('',(-1.,0.,0.));
#10709 = DIRECTION('',(0.,-1.,0.));
#10710 = ADVANCED_FACE('',(#10711),#10768,.F.);
#10711 = FACE_BOUND('',#10712,.F.);
#10712 = EDGE_LOOP('',(#10713,#10723,#10729,#10730,#10738,#10746,#10754,
    #10762));
#10713 = ORIENTED_EDGE('',*,*,#10714,.F.);
#10714 = EDGE_CURVE('',#10715,#10717,#10719,.T.);
#10715 = VERTEX_POINT('',#10716);
#10716 = CARTESIAN_POINT('',(-0.965,0.625,-6.938893903907E-18));
#10717 = VERTEX_POINT('',#10718);
#10718 = CARTESIAN_POINT('',(-0.9125,0.625,0.));
#10719 = LINE('',#10720,#10721);
#10720 = CARTESIAN_POINT('',(-1.,0.625,0.));
#10721 = VECTOR('',#10722,1.);
#10722 = DIRECTION('',(1.,0.,0.));
#10723 = ORIENTED_EDGE('',*,*,#10724,.F.);
#10724 = EDGE_CURVE('',#10199,#10715,#10725,.T.);
#10725 = LINE('',#10726,#10727);
#10726 = CARTESIAN_POINT('',(-0.965,-0.625,-6.938893903907E-18));
#10727 = VECTOR('',#10728,1.);
#10728 = DIRECTION('',(0.,1.,0.));
#10729 = ORIENTED_EDGE('',*,*,#10198,.T.);
#10730 = ORIENTED_EDGE('',*,*,#10731,.F.);
#10731 = EDGE_CURVE('',#10732,#10201,#10734,.T.);
#10732 = VERTEX_POINT('',#10733);
#10733 = CARTESIAN_POINT('',(-0.9125,-0.46875,0.));
#10734 = LINE('',#10735,#10736);
#10735 = CARTESIAN_POINT('',(-0.9125,-0.546875,0.));
#10736 = VECTOR('',#10737,1.);
#10737 = DIRECTION('',(0.,-1.,0.));
#10738 = ORIENTED_EDGE('',*,*,#10739,.F.);
#10739 = EDGE_CURVE('',#10740,#10732,#10742,.T.);
#10740 = VERTEX_POINT('',#10741);
#10741 = CARTESIAN_POINT('',(-0.685,-0.46875,-6.938893903907E-18));
#10742 = LINE('',#10743,#10744);
#10743 = CARTESIAN_POINT('',(-4.375E-02,-0.46875,0.));
#10744 = VECTOR('',#10745,1.);
#10745 = DIRECTION('',(-1.,0.,0.));
#10746 = ORIENTED_EDGE('',*,*,#10747,.T.);
#10747 = EDGE_CURVE('',#10740,#10748,#10750,.T.);
#10748 = VERTEX_POINT('',#10749);
#10749 = CARTESIAN_POINT('',(-0.685,0.46875,-6.938893903907E-18));
#10750 = LINE('',#10751,#10752);
#10751 = CARTESIAN_POINT('',(-0.685,-0.625,-6.938893903907E-18));
#10752 = VECTOR('',#10753,1.);
#10753 = DIRECTION('',(0.,1.,0.));
#10754 = ORIENTED_EDGE('',*,*,#10755,.F.);
#10755 = EDGE_CURVE('',#10756,#10748,#10758,.T.);
#10756 = VERTEX_POINT('',#10757);
#10757 = CARTESIAN_POINT('',(-0.9125,0.46875,0.));
#10758 = LINE('',#10759,#10760);
#10759 = CARTESIAN_POINT('',(-0.95625,0.46875,0.));
#10760 = VECTOR('',#10761,1.);
#10761 = DIRECTION('',(1.,0.,0.));
#10762 = ORIENTED_EDGE('',*,*,#10763,.F.);
#10763 = EDGE_CURVE('',#10717,#10756,#10764,.T.);
#10764 = LINE('',#10765,#10766);
#10765 = CARTESIAN_POINT('',(-0.9125,7.8125E-02,0.));
#10766 = VECTOR('',#10767,1.);
#10767 = DIRECTION('',(0.,-1.,0.));
#10768 = PLANE('',#10769);
#10769 = AXIS2_PLACEMENT_3D('',#10770,#10771,#10772);
#10770 = CARTESIAN_POINT('',(-1.,-0.625,0.));
#10771 = DIRECTION('',(0.,0.,1.));
#10772 = DIRECTION('',(1.,0.,-0.));
#10773 = ADVANCED_FACE('',(#10774),#10793,.T.);
#10774 = FACE_BOUND('',#10775,.T.);
#10775 = EDGE_LOOP('',(#10776,#10784,#10791,#10792));
#10776 = ORIENTED_EDGE('',*,*,#10777,.T.);
#10777 = EDGE_CURVE('',#10209,#10778,#10780,.T.);
#10778 = VERTEX_POINT('',#10779);
#10779 = CARTESIAN_POINT('',(-1.,0.625,3.5E-02));
#10780 = LINE('',#10781,#10782);
#10781 = CARTESIAN_POINT('',(-1.,-0.625,3.5E-02));
#10782 = VECTOR('',#10783,1.);
#10783 = DIRECTION('',(0.,1.,0.));
#10784 = ORIENTED_EDGE('',*,*,#10785,.T.);
#10785 = EDGE_CURVE('',#10778,#10715,#10786,.T.);
#10786 = CIRCLE('',#10787,3.5E-02);
#10787 = AXIS2_PLACEMENT_3D('',#10788,#10789,#10790);
#10788 = CARTESIAN_POINT('',(-0.965,0.625,3.5E-02));
#10789 = DIRECTION('',(0.,-1.,0.));
#10790 = DIRECTION('',(0.,0.,1.));
#10791 = ORIENTED_EDGE('',*,*,#10724,.F.);
#10792 = ORIENTED_EDGE('',*,*,#10208,.F.);
#10793 = CYLINDRICAL_SURFACE('',#10794,3.5E-02);
#10794 = AXIS2_PLACEMENT_3D('',#10795,#10796,#10797);
#10795 = CARTESIAN_POINT('',(-0.965,-0.625,3.5E-02));
#10796 = DIRECTION('',(0.,1.,0.));
#10797 = DIRECTION('',(-1.,0.,0.));
#10798 = ADVANCED_FACE('',(#10799),#10810,.F.);
#10799 = FACE_BOUND('',#10800,.F.);
#10800 = EDGE_LOOP('',(#10801,#10802,#10808,#10809));
#10801 = ORIENTED_EDGE('',*,*,#10265,.T.);
#10802 = ORIENTED_EDGE('',*,*,#10803,.T.);
#10803 = EDGE_CURVE('',#10266,#10732,#10804,.T.);
#10804 = LINE('',#10805,#10806);
#10805 = CARTESIAN_POINT('',(-0.9125,-0.46875,0.75));
#10806 = VECTOR('',#10807,1.);
#10807 = DIRECTION('',(-0.,-0.,-1.));
#10808 = ORIENTED_EDGE('',*,*,#10731,.T.);
#10809 = ORIENTED_EDGE('',*,*,#10251,.T.);
#10810 = PLANE('',#10811);
#10811 = AXIS2_PLACEMENT_3D('',#10812,#10813,#10814);
#10812 = CARTESIAN_POINT('',(-0.9125,-0.46875,0.75));
#10813 = DIRECTION('',(-1.,0.,0.));
#10814 = DIRECTION('',(0.,-1.,0.));
#10815 = ADVANCED_FACE('',(#10816),#10834,.F.);
#10816 = FACE_BOUND('',#10817,.F.);
#10817 = EDGE_LOOP('',(#10818,#10819,#10820,#10828));
#10818 = ORIENTED_EDGE('',*,*,#10217,.F.);
#10819 = ORIENTED_EDGE('',*,*,#10777,.T.);
#10820 = ORIENTED_EDGE('',*,*,#10821,.T.);
#10821 = EDGE_CURVE('',#10778,#10822,#10824,.T.);
#10822 = VERTEX_POINT('',#10823);
#10823 = CARTESIAN_POINT('',(-1.,0.625,0.465));
#10824 = LINE('',#10825,#10826);
#10825 = CARTESIAN_POINT('',(-1.,0.625,0.));
#10826 = VECTOR('',#10827,1.);
#10827 = DIRECTION('',(0.,0.,1.));
#10828 = ORIENTED_EDGE('',*,*,#10829,.F.);
#10829 = EDGE_CURVE('',#10218,#10822,#10830,.T.);
#10830 = LINE('',#10831,#10832);
#10831 = CARTESIAN_POINT('',(-1.,-0.625,0.465));
#10832 = VECTOR('',#10833,1.);
#10833 = DIRECTION('',(0.,1.,0.));
#10834 = PLANE('',#10835);
#10835 = AXIS2_PLACEMENT_3D('',#10836,#10837,#10838);
#10836 = CARTESIAN_POINT('',(-1.,-0.625,0.));
#10837 = DIRECTION('',(1.,0.,0.));
#10838 = DIRECTION('',(0.,0.,1.));
#10839 = ADVANCED_FACE('',(#10840),#10852,.T.);
#10840 = FACE_BOUND('',#10841,.T.);
#10841 = EDGE_LOOP('',(#10842,#10843,#10844,#10851));
#10842 = ORIENTED_EDGE('',*,*,#10225,.T.);
#10843 = ORIENTED_EDGE('',*,*,#10677,.T.);
#10844 = ORIENTED_EDGE('',*,*,#10845,.F.);
#10845 = EDGE_CURVE('',#10822,#10670,#10846,.T.);
#10846 = CIRCLE('',#10847,3.5E-02);
#10847 = AXIS2_PLACEMENT_3D('',#10848,#10849,#10850);
#10848 = CARTESIAN_POINT('',(-0.965,0.625,0.465));
#10849 = DIRECTION('',(0.,1.,0.));
#10850 = DIRECTION('',(0.,-0.,1.));
#10851 = ORIENTED_EDGE('',*,*,#10829,.F.);
#10852 = CYLINDRICAL_SURFACE('',#10853,3.5E-02);
#10853 = AXIS2_PLACEMENT_3D('',#10854,#10855,#10856);
#10854 = CARTESIAN_POINT('',(-0.965,-0.625,0.465));
#10855 = DIRECTION('',(0.,1.,0.));
#10856 = DIRECTION('',(-1.,0.,0.));
#10857 = ADVANCED_FACE('',(#10858),#10870,.F.);
#10858 = FACE_BOUND('',#10859,.F.);
#10859 = EDGE_LOOP('',(#10860,#10861,#10862,#10869));
#10860 = ORIENTED_EDGE('',*,*,#10803,.F.);
#10861 = ORIENTED_EDGE('',*,*,#10346,.T.);
#10862 = ORIENTED_EDGE('',*,*,#10863,.T.);
#10863 = EDGE_CURVE('',#10339,#10740,#10864,.T.);
#10864 = CIRCLE('',#10865,3.5E-02);
#10865 = AXIS2_PLACEMENT_3D('',#10866,#10867,#10868);
#10866 = CARTESIAN_POINT('',(-0.685,-0.46875,3.5E-02));
#10867 = DIRECTION('',(-0.,1.,0.));
#10868 = DIRECTION('',(1.,0.,0.));
#10869 = ORIENTED_EDGE('',*,*,#10739,.T.);
#10870 = PLANE('',#10871);
#10871 = AXIS2_PLACEMENT_3D('',#10872,#10873,#10874);
#10872 = CARTESIAN_POINT('',(0.9125,-0.46875,0.75));
#10873 = DIRECTION('',(0.,1.,0.));
#10874 = DIRECTION('',(-1.,0.,0.));
#10875 = ADVANCED_FACE('',(#10876),#10888,.T.);
#10876 = FACE_BOUND('',#10877,.T.);
#10877 = EDGE_LOOP('',(#10878,#10879,#10880,#10881));
#10878 = ORIENTED_EDGE('',*,*,#10338,.F.);
#10879 = ORIENTED_EDGE('',*,*,#10863,.T.);
#10880 = ORIENTED_EDGE('',*,*,#10747,.T.);
#10881 = ORIENTED_EDGE('',*,*,#10882,.F.);
#10882 = EDGE_CURVE('',#10331,#10748,#10883,.T.);
#10883 = CIRCLE('',#10884,3.5E-02);
#10884 = AXIS2_PLACEMENT_3D('',#10885,#10886,#10887);
#10885 = CARTESIAN_POINT('',(-0.685,0.46875,3.5E-02));
#10886 = DIRECTION('',(-0.,1.,0.));
#10887 = DIRECTION('',(1.,0.,0.));
#10888 = CYLINDRICAL_SURFACE('',#10889,3.5E-02);
#10889 = AXIS2_PLACEMENT_3D('',#10890,#10891,#10892);
#10890 = CARTESIAN_POINT('',(-0.685,-0.625,3.5E-02));
#10891 = DIRECTION('',(0.,1.,0.));
#10892 = DIRECTION('',(1.,0.,0.));
#10893 = ADVANCED_FACE('',(#10894),#10905,.F.);
#10894 = FACE_BOUND('',#10895,.F.);
#10895 = EDGE_LOOP('',(#10896,#10897,#10903,#10904));
#10896 = ORIENTED_EDGE('',*,*,#10330,.T.);
#10897 = ORIENTED_EDGE('',*,*,#10898,.T.);
#10898 = EDGE_CURVE('',#10323,#10756,#10899,.T.);
#10899 = LINE('',#10900,#10901);
#10900 = CARTESIAN_POINT('',(-0.9125,0.46875,0.75));
#10901 = VECTOR('',#10902,1.);
#10902 = DIRECTION('',(-0.,-0.,-1.));
#10903 = ORIENTED_EDGE('',*,*,#10755,.T.);
#10904 = ORIENTED_EDGE('',*,*,#10882,.F.);
#10905 = PLANE('',#10906);
#10906 = AXIS2_PLACEMENT_3D('',#10907,#10908,#10909);
#10907 = CARTESIAN_POINT('',(-0.9125,0.46875,0.75));
#10908 = DIRECTION('',(0.,-1.,0.));
#10909 = DIRECTION('',(1.,0.,0.));
#10910 = ADVANCED_FACE('',(#10911),#10922,.F.);
#10911 = FACE_BOUND('',#10912,.F.);
#10912 = EDGE_LOOP('',(#10913,#10914,#10915,#10921));
#10913 = ORIENTED_EDGE('',*,*,#10898,.F.);
#10914 = ORIENTED_EDGE('',*,*,#10322,.T.);
#10915 = ORIENTED_EDGE('',*,*,#10916,.F.);
#10916 = EDGE_CURVE('',#10717,#10315,#10917,.T.);
#10917 = LINE('',#10918,#10919);
#10918 = CARTESIAN_POINT('',(-0.9125,0.625,0.375));
#10919 = VECTOR('',#10920,1.);
#10920 = DIRECTION('',(0.,0.,1.));
#10921 = ORIENTED_EDGE('',*,*,#10763,.T.);
#10922 = PLANE('',#10923);
#10923 = AXIS2_PLACEMENT_3D('',#10924,#10925,#10926);
#10924 = CARTESIAN_POINT('',(-0.9125,0.78125,0.75));
#10925 = DIRECTION('',(-1.,0.,0.));
#10926 = DIRECTION('',(0.,-1.,0.));
#10927 = ADVANCED_FACE('',(#10928),#10953,.F.);
#10928 = FACE_BOUND('',#10929,.F.);
#10929 = EDGE_LOOP('',(#10930,#10931,#10939,#10947));
#10930 = ORIENTED_EDGE('',*,*,#10306,.T.);
#10931 = ORIENTED_EDGE('',*,*,#10932,.T.);
#10932 = EDGE_CURVE('',#10299,#10933,#10935,.T.);
#10933 = VERTEX_POINT('',#10934);
#10934 = CARTESIAN_POINT('',(0.9125,0.46875,0.));
#10935 = LINE('',#10936,#10937);
#10936 = CARTESIAN_POINT('',(0.9125,0.46875,0.75));
#10937 = VECTOR('',#10938,1.);
#10938 = DIRECTION('',(-0.,-0.,-1.));
#10939 = ORIENTED_EDGE('',*,*,#10940,.T.);
#10940 = EDGE_CURVE('',#10933,#10941,#10943,.T.);
#10941 = VERTEX_POINT('',#10942);
#10942 = CARTESIAN_POINT('',(0.9125,0.625,0.));
#10943 = LINE('',#10944,#10945);
#10944 = CARTESIAN_POINT('',(0.9125,-7.8125E-02,0.));
#10945 = VECTOR('',#10946,1.);
#10946 = DIRECTION('',(0.,1.,0.));
#10947 = ORIENTED_EDGE('',*,*,#10948,.F.);
#10948 = EDGE_CURVE('',#10307,#10941,#10949,.T.);
#10949 = LINE('',#10950,#10951);
#10950 = CARTESIAN_POINT('',(0.9125,0.625,0.375));
#10951 = VECTOR('',#10952,1.);
#10952 = DIRECTION('',(0.,0.,-1.));
#10953 = PLANE('',#10954);
#10954 = AXIS2_PLACEMENT_3D('',#10955,#10956,#10957);
#10955 = CARTESIAN_POINT('',(0.9125,0.46875,0.75));
#10956 = DIRECTION('',(1.,0.,0.));
#10957 = DIRECTION('',(-0.,1.,0.));
#10958 = ADVANCED_FACE('',(#10959),#10978,.F.);
#10959 = FACE_BOUND('',#10960,.F.);
#10960 = EDGE_LOOP('',(#10961,#10962,#10963,#10972));
#10961 = ORIENTED_EDGE('',*,*,#10932,.F.);
#10962 = ORIENTED_EDGE('',*,*,#10298,.T.);
#10963 = ORIENTED_EDGE('',*,*,#10964,.F.);
#10964 = EDGE_CURVE('',#10965,#10291,#10967,.T.);
#10965 = VERTEX_POINT('',#10966);
#10966 = CARTESIAN_POINT('',(0.685,0.46875,-6.938893903907E-18));
#10967 = CIRCLE('',#10968,3.5E-02);
#10968 = AXIS2_PLACEMENT_3D('',#10969,#10970,#10971);
#10969 = CARTESIAN_POINT('',(0.685,0.46875,3.5E-02));
#10970 = DIRECTION('',(0.,1.,-0.));
#10971 = DIRECTION('',(-1.,0.,0.));
#10972 = ORIENTED_EDGE('',*,*,#10973,.T.);
#10973 = EDGE_CURVE('',#10965,#10933,#10974,.T.);
#10974 = LINE('',#10975,#10976);
#10975 = CARTESIAN_POINT('',(-0.13125,0.46875,0.));
#10976 = VECTOR('',#10977,1.);
#10977 = DIRECTION('',(1.,0.,0.));
#10978 = PLANE('',#10979);
#10979 = AXIS2_PLACEMENT_3D('',#10980,#10981,#10982);
#10980 = CARTESIAN_POINT('',(-0.9125,0.46875,0.75));
#10981 = DIRECTION('',(0.,-1.,0.));
#10982 = DIRECTION('',(1.,0.,0.));
#10983 = ADVANCED_FACE('',(#10984),#11003,.T.);
#10984 = FACE_BOUND('',#10985,.T.);
#10985 = EDGE_LOOP('',(#10986,#10987,#10995,#11002));
#10986 = ORIENTED_EDGE('',*,*,#10964,.F.);
#10987 = ORIENTED_EDGE('',*,*,#10988,.F.);
#10988 = EDGE_CURVE('',#10989,#10965,#10991,.T.);
#10989 = VERTEX_POINT('',#10990);
#10990 = CARTESIAN_POINT('',(0.685,-0.46875,-6.938893903907E-18));
#10991 = LINE('',#10992,#10993);
#10992 = CARTESIAN_POINT('',(0.685,-0.625,-6.938893903907E-18));
#10993 = VECTOR('',#10994,1.);
#10994 = DIRECTION('',(0.,1.,0.));
#10995 = ORIENTED_EDGE('',*,*,#10996,.T.);
#10996 = EDGE_CURVE('',#10989,#10283,#10997,.T.);
#10997 = CIRCLE('',#10998,3.5E-02);
#10998 = AXIS2_PLACEMENT_3D('',#10999,#11000,#11001);
#10999 = CARTESIAN_POINT('',(0.685,-0.46875,3.5E-02));
#11000 = DIRECTION('',(0.,1.,-0.));
#11001 = DIRECTION('',(-1.,0.,0.));
#11002 = ORIENTED_EDGE('',*,*,#10290,.T.);
#11003 = CYLINDRICAL_SURFACE('',#11004,3.5E-02);
#11004 = AXIS2_PLACEMENT_3D('',#11005,#11006,#11007);
#11005 = CARTESIAN_POINT('',(0.685,-0.625,3.5E-02));
#11006 = DIRECTION('',(0.,1.,0.));
#11007 = DIRECTION('',(-1.,0.,0.));
#11008 = ADVANCED_FACE('',(#11009),#11027,.F.);
#11009 = FACE_BOUND('',#11010,.F.);
#11010 = EDGE_LOOP('',(#11011,#11012,#11020,#11026));
#11011 = ORIENTED_EDGE('',*,*,#10282,.T.);
#11012 = ORIENTED_EDGE('',*,*,#11013,.T.);
#11013 = EDGE_CURVE('',#10275,#11014,#11016,.T.);
#11014 = VERTEX_POINT('',#11015);
#11015 = CARTESIAN_POINT('',(0.9125,-0.46875,0.));
#11016 = LINE('',#11017,#11018);
#11017 = CARTESIAN_POINT('',(0.9125,-0.46875,0.75));
#11018 = VECTOR('',#11019,1.);
#11019 = DIRECTION('',(-0.,-0.,-1.));
#11020 = ORIENTED_EDGE('',*,*,#11021,.T.);
#11021 = EDGE_CURVE('',#11014,#10989,#11022,.T.);
#11022 = LINE('',#11023,#11024);
#11023 = CARTESIAN_POINT('',(0.78125,-0.46875,0.));
#11024 = VECTOR('',#11025,1.);
#11025 = DIRECTION('',(-1.,0.,0.));
#11026 = ORIENTED_EDGE('',*,*,#10996,.T.);
#11027 = PLANE('',#11028);
#11028 = AXIS2_PLACEMENT_3D('',#11029,#11030,#11031);
#11029 = CARTESIAN_POINT('',(0.9125,-0.46875,0.75));
#11030 = DIRECTION('',(0.,1.,0.));
#11031 = DIRECTION('',(-1.,0.,0.));
#11032 = ADVANCED_FACE('',(#11033),#11044,.F.);
#11033 = FACE_BOUND('',#11034,.F.);
#11034 = EDGE_LOOP('',(#11035,#11036,#11037,#11038));
#11035 = ORIENTED_EDGE('',*,*,#11013,.F.);
#11036 = ORIENTED_EDGE('',*,*,#10274,.T.);
#11037 = ORIENTED_EDGE('',*,*,#10396,.T.);
#11038 = ORIENTED_EDGE('',*,*,#11039,.T.);
#11039 = EDGE_CURVE('',#10387,#11014,#11040,.T.);
#11040 = LINE('',#11041,#11042);
#11041 = CARTESIAN_POINT('',(0.9125,-0.703125,0.));
#11042 = VECTOR('',#11043,1.);
#11043 = DIRECTION('',(0.,1.,0.));
#11044 = PLANE('',#11045);
#11045 = AXIS2_PLACEMENT_3D('',#11046,#11047,#11048);
#11046 = CARTESIAN_POINT('',(0.9125,-0.78125,0.75));
#11047 = DIRECTION('',(1.,0.,0.));
#11048 = DIRECTION('',(-0.,1.,0.));
#11049 = ADVANCED_FACE('',(#11050),#11075,.T.);
#11050 = FACE_BOUND('',#11051,.T.);
#11051 = EDGE_LOOP('',(#11052,#11060,#11061,#11069));
#11052 = ORIENTED_EDGE('',*,*,#11053,.T.);
#11053 = EDGE_CURVE('',#11054,#10355,#11056,.T.);
#11054 = VERTEX_POINT('',#11055);
#11055 = CARTESIAN_POINT('',(0.433012701892,0.5,1.75E-02));
#11056 = LINE('',#11057,#11058);
#11057 = CARTESIAN_POINT('',(0.433012701892,0.5,1.75E-02));
#11058 = VECTOR('',#11059,1.);
#11059 = DIRECTION('',(0.,0.,1.));
#11060 = ORIENTED_EDGE('',*,*,#10354,.T.);
#11061 = ORIENTED_EDGE('',*,*,#11062,.F.);
#11062 = EDGE_CURVE('',#11063,#10357,#11065,.T.);
#11063 = VERTEX_POINT('',#11064);
#11064 = CARTESIAN_POINT('',(0.433012701892,-0.5,1.75E-02));
#11065 = LINE('',#11066,#11067);
#11066 = CARTESIAN_POINT('',(0.433012701892,-0.5,1.75E-02));
#11067 = VECTOR('',#11068,1.);
#11068 = DIRECTION('',(0.,0.,1.));
#11069 = ORIENTED_EDGE('',*,*,#11070,.F.);
#11070 = EDGE_CURVE('',#11054,#11063,#11071,.T.);
#11071 = LINE('',#11072,#11073);
#11072 = CARTESIAN_POINT('',(0.433012701892,0.5,1.75E-02));
#11073 = VECTOR('',#11074,1.);
#11074 = DIRECTION('',(0.,-1.,0.));
#11075 = PLANE('',#11076);
#11076 = AXIS2_PLACEMENT_3D('',#11077,#11078,#11079);
#11077 = CARTESIAN_POINT('',(0.433012701892,0.5,1.75E-02));
#11078 = DIRECTION('',(1.,0.,0.));
#11079 = DIRECTION('',(0.,-1.,0.));
#11080 = ADVANCED_FACE('',(#11081),#11099,.T.);
#11081 = FACE_BOUND('',#11082,.T.);
#11082 = EDGE_LOOP('',(#11083,#11091,#11092,#11093));
#11083 = ORIENTED_EDGE('',*,*,#11084,.T.);
#11084 = EDGE_CURVE('',#11085,#10365,#11087,.T.);
#11085 = VERTEX_POINT('',#11086);
#11086 = CARTESIAN_POINT('',(-0.433012701892,0.,1.75E-02));
#11087 = LINE('',#11088,#11089);
#11088 = CARTESIAN_POINT('',(-0.433012701892,0.,1.75E-02));
#11089 = VECTOR('',#11090,1.);
#11090 = DIRECTION('',(0.,0.,1.));
#11091 = ORIENTED_EDGE('',*,*,#10372,.T.);
#11092 = ORIENTED_EDGE('',*,*,#11053,.F.);
#11093 = ORIENTED_EDGE('',*,*,#11094,.F.);
#11094 = EDGE_CURVE('',#11085,#11054,#11095,.T.);
#11095 = LINE('',#11096,#11097);
#11096 = CARTESIAN_POINT('',(-0.433012701892,0.,1.75E-02));
#11097 = VECTOR('',#11098,1.);
#11098 = DIRECTION('',(0.866025403784,0.5,0.));
#11099 = PLANE('',#11100);
#11100 = AXIS2_PLACEMENT_3D('',#11101,#11102,#11103);
#11101 = CARTESIAN_POINT('',(-0.433012701892,0.,1.75E-02));
#11102 = DIRECTION('',(-0.5,0.866025403784,0.));
#11103 = DIRECTION('',(0.866025403784,0.5,0.));
#11104 = ADVANCED_FACE('',(#11105),#11116,.T.);
#11105 = FACE_BOUND('',#11106,.T.);
#11106 = EDGE_LOOP('',(#11107,#11108,#11109,#11110));
#11107 = ORIENTED_EDGE('',*,*,#11062,.T.);
#11108 = ORIENTED_EDGE('',*,*,#10364,.T.);
#11109 = ORIENTED_EDGE('',*,*,#11084,.F.);
#11110 = ORIENTED_EDGE('',*,*,#11111,.F.);
#11111 = EDGE_CURVE('',#11063,#11085,#11112,.T.);
#11112 = LINE('',#11113,#11114);
#11113 = CARTESIAN_POINT('',(0.433012701892,-0.5,1.75E-02));
#11114 = VECTOR('',#11115,1.);
#11115 = DIRECTION('',(-0.866025403784,0.5,0.));
#11116 = PLANE('',#11117);
#11117 = AXIS2_PLACEMENT_3D('',#11118,#11119,#11120);
#11118 = CARTESIAN_POINT('',(0.433012701892,-0.5,1.75E-02));
#11119 = DIRECTION('',(-0.5,-0.866025403784,0.));
#11120 = DIRECTION('',(-0.866025403784,0.5,0.));
#11121 = ADVANCED_FACE('',(#11122),#11144,.F.);
#11122 = FACE_BOUND('',#11123,.F.);
#11123 = EDGE_LOOP('',(#11124,#11132,#11133,#11134,#11135,#11136,#11137,
    #11138));
#11124 = ORIENTED_EDGE('',*,*,#11125,.F.);
#11125 = EDGE_CURVE('',#10941,#11126,#11128,.T.);
#11126 = VERTEX_POINT('',#11127);
#11127 = CARTESIAN_POINT('',(0.965,0.625,-6.938893903907E-18));
#11128 = LINE('',#11129,#11130);
#11129 = CARTESIAN_POINT('',(0.65,0.625,0.));
#11130 = VECTOR('',#11131,1.);
#11131 = DIRECTION('',(1.,0.,0.));
#11132 = ORIENTED_EDGE('',*,*,#10940,.F.);
#11133 = ORIENTED_EDGE('',*,*,#10973,.F.);
#11134 = ORIENTED_EDGE('',*,*,#10988,.F.);
#11135 = ORIENTED_EDGE('',*,*,#11021,.F.);
#11136 = ORIENTED_EDGE('',*,*,#11039,.F.);
#11137 = ORIENTED_EDGE('',*,*,#10386,.T.);
#11138 = ORIENTED_EDGE('',*,*,#11139,.T.);
#11139 = EDGE_CURVE('',#10389,#11126,#11140,.T.);
#11140 = LINE('',#11141,#11142);
#11141 = CARTESIAN_POINT('',(0.965,-0.625,-6.938893903907E-18));
#11142 = VECTOR('',#11143,1.);
#11143 = DIRECTION('',(0.,1.,0.));
#11144 = PLANE('',#11145);
#11145 = AXIS2_PLACEMENT_3D('',#11146,#11147,#11148);
#11146 = CARTESIAN_POINT('',(0.65,-0.625,0.));
#11147 = DIRECTION('',(0.,0.,1.));
#11148 = DIRECTION('',(1.,0.,-0.));
#11149 = ADVANCED_FACE('',(#11150),#11169,.T.);
#11150 = FACE_BOUND('',#11151,.T.);
#11151 = EDGE_LOOP('',(#11152,#11153,#11154,#11163));
#11152 = ORIENTED_EDGE('',*,*,#10438,.T.);
#11153 = ORIENTED_EDGE('',*,*,#11139,.T.);
#11154 = ORIENTED_EDGE('',*,*,#11155,.F.);
#11155 = EDGE_CURVE('',#11156,#11126,#11158,.T.);
#11156 = VERTEX_POINT('',#11157);
#11157 = CARTESIAN_POINT('',(1.,0.625,3.5E-02));
#11158 = CIRCLE('',#11159,3.5E-02);
#11159 = AXIS2_PLACEMENT_3D('',#11160,#11161,#11162);
#11160 = CARTESIAN_POINT('',(0.965,0.625,3.5E-02));
#11161 = DIRECTION('',(0.,1.,0.));
#11162 = DIRECTION('',(0.,-0.,1.));
#11163 = ORIENTED_EDGE('',*,*,#11164,.F.);
#11164 = EDGE_CURVE('',#10431,#11156,#11165,.T.);
#11165 = LINE('',#11166,#11167);
#11166 = CARTESIAN_POINT('',(1.,-0.625,3.5E-02));
#11167 = VECTOR('',#11168,1.);
#11168 = DIRECTION('',(0.,1.,0.));
#11169 = CYLINDRICAL_SURFACE('',#11170,3.5E-02);
#11170 = AXIS2_PLACEMENT_3D('',#11171,#11172,#11173);
#11171 = CARTESIAN_POINT('',(0.965,-0.625,3.5E-02));
#11172 = DIRECTION('',(0.,1.,0.));
#11173 = DIRECTION('',(1.,0.,0.));
#11174 = ADVANCED_FACE('',(#11175),#11193,.T.);
#11175 = FACE_BOUND('',#11176,.T.);
#11176 = EDGE_LOOP('',(#11177,#11178,#11179,#11187));
#11177 = ORIENTED_EDGE('',*,*,#10430,.F.);
#11178 = ORIENTED_EDGE('',*,*,#11164,.T.);
#11179 = ORIENTED_EDGE('',*,*,#11180,.T.);
#11180 = EDGE_CURVE('',#11156,#11181,#11183,.T.);
#11181 = VERTEX_POINT('',#11182);
#11182 = CARTESIAN_POINT('',(1.,0.625,0.465));
#11183 = LINE('',#11184,#11185);
#11184 = CARTESIAN_POINT('',(1.,0.625,0.));
#11185 = VECTOR('',#11186,1.);
#11186 = DIRECTION('',(0.,0.,1.));
#11187 = ORIENTED_EDGE('',*,*,#11188,.F.);
#11188 = EDGE_CURVE('',#10422,#11181,#11189,.T.);
#11189 = LINE('',#11190,#11191);
#11190 = CARTESIAN_POINT('',(1.,-0.625,0.465));
#11191 = VECTOR('',#11192,1.);
#11192 = DIRECTION('',(0.,1.,0.));
#11193 = PLANE('',#11194);
#11194 = AXIS2_PLACEMENT_3D('',#11195,#11196,#11197);
#11195 = CARTESIAN_POINT('',(1.,-0.625,0.));
#11196 = DIRECTION('',(1.,0.,0.));
#11197 = DIRECTION('',(0.,0.,1.));
#11198 = ADVANCED_FACE('',(#11199),#11218,.T.);
#11199 = FACE_BOUND('',#11200,.T.);
#11200 = EDGE_LOOP('',(#11201,#11202,#11211,#11217));
#11201 = ORIENTED_EDGE('',*,*,#11188,.T.);
#11202 = ORIENTED_EDGE('',*,*,#11203,.T.);
#11203 = EDGE_CURVE('',#11181,#11204,#11206,.T.);
#11204 = VERTEX_POINT('',#11205);
#11205 = CARTESIAN_POINT('',(0.965,0.625,0.5));
#11206 = CIRCLE('',#11207,3.5E-02);
#11207 = AXIS2_PLACEMENT_3D('',#11208,#11209,#11210);
#11208 = CARTESIAN_POINT('',(0.965,0.625,0.465));
#11209 = DIRECTION('',(0.,-1.,0.));
#11210 = DIRECTION('',(0.,0.,1.));
#11211 = ORIENTED_EDGE('',*,*,#11212,.F.);
#11212 = EDGE_CURVE('',#10414,#11204,#11213,.T.);
#11213 = LINE('',#11214,#11215);
#11214 = CARTESIAN_POINT('',(0.965,-0.625,0.5));
#11215 = VECTOR('',#11216,1.);
#11216 = DIRECTION('',(0.,1.,0.));
#11217 = ORIENTED_EDGE('',*,*,#10421,.F.);
#11218 = CYLINDRICAL_SURFACE('',#11219,3.5E-02);
#11219 = AXIS2_PLACEMENT_3D('',#11220,#11221,#11222);
#11220 = CARTESIAN_POINT('',(0.965,-0.625,0.465));
#11221 = DIRECTION('',(0.,1.,0.));
#11222 = DIRECTION('',(1.,0.,0.));
#11223 = ADVANCED_FACE('',(#11224),#11265,.T.);
#11224 = FACE_BOUND('',#11225,.T.);
#11225 = EDGE_LOOP('',(#11226,#11234,#11242,#11248,#11249,#11257,#11263,
    #11264));
#11226 = ORIENTED_EDGE('',*,*,#11227,.F.);
#11227 = EDGE_CURVE('',#11228,#11204,#11230,.T.);
#11228 = VERTEX_POINT('',#11229);
#11229 = CARTESIAN_POINT('',(0.9125,0.625,0.5));
#11230 = LINE('',#11231,#11232);
#11231 = CARTESIAN_POINT('',(0.65,0.625,0.5));
#11232 = VECTOR('',#11233,1.);
#11233 = DIRECTION('',(1.,0.,0.));
#11234 = ORIENTED_EDGE('',*,*,#11235,.F.);
#11235 = EDGE_CURVE('',#11236,#11228,#11238,.T.);
#11236 = VERTEX_POINT('',#11237);
#11237 = CARTESIAN_POINT('',(0.9125,0.46875,0.5));
#11238 = LINE('',#11239,#11240);
#11239 = CARTESIAN_POINT('',(0.9125,-7.8125E-02,0.5));
#11240 = VECTOR('',#11241,1.);
#11241 = DIRECTION('',(0.,1.,0.));
#11242 = ORIENTED_EDGE('',*,*,#11243,.F.);
#11243 = EDGE_CURVE('',#10519,#11236,#11244,.T.);
#11244 = LINE('',#11245,#11246);
#11245 = CARTESIAN_POINT('',(-0.13125,0.46875,0.5));
#11246 = VECTOR('',#11247,1.);
#11247 = DIRECTION('',(1.,0.,0.));
#11248 = ORIENTED_EDGE('',*,*,#10518,.F.);
#11249 = ORIENTED_EDGE('',*,*,#11250,.F.);
#11250 = EDGE_CURVE('',#11251,#10510,#11253,.T.);
#11251 = VERTEX_POINT('',#11252);
#11252 = CARTESIAN_POINT('',(0.9125,-0.46875,0.5));
#11253 = LINE('',#11254,#11255);
#11254 = CARTESIAN_POINT('',(0.78125,-0.46875,0.5));
#11255 = VECTOR('',#11256,1.);
#11256 = DIRECTION('',(-1.,0.,0.));
#11257 = ORIENTED_EDGE('',*,*,#11258,.F.);
#11258 = EDGE_CURVE('',#10406,#11251,#11259,.T.);
#11259 = LINE('',#11260,#11261);
#11260 = CARTESIAN_POINT('',(0.9125,-0.703125,0.5));
#11261 = VECTOR('',#11262,1.);
#11262 = DIRECTION('',(0.,1.,0.));
#11263 = ORIENTED_EDGE('',*,*,#10413,.T.);
#11264 = ORIENTED_EDGE('',*,*,#11212,.T.);
#11265 = PLANE('',#11266);
#11266 = AXIS2_PLACEMENT_3D('',#11267,#11268,#11269);
#11267 = CARTESIAN_POINT('',(0.65,-0.625,0.5));
#11268 = DIRECTION('',(0.,0.,1.));
#11269 = DIRECTION('',(1.,0.,-0.));
#11270 = ADVANCED_FACE('',(#11271),#11282,.F.);
#11271 = FACE_BOUND('',#11272,.F.);
#11272 = EDGE_LOOP('',(#11273,#11279,#11280,#11281));
#11273 = ORIENTED_EDGE('',*,*,#11274,.F.);
#11274 = EDGE_CURVE('',#11251,#10454,#11275,.T.);
#11275 = LINE('',#11276,#11277);
#11276 = CARTESIAN_POINT('',(0.9125,-0.46875,0.75));
#11277 = VECTOR('',#11278,1.);
#11278 = DIRECTION('',(-0.,-0.,-1.));
#11279 = ORIENTED_EDGE('',*,*,#11258,.F.);
#11280 = ORIENTED_EDGE('',*,*,#10405,.T.);
#11281 = ORIENTED_EDGE('',*,*,#10463,.F.);
#11282 = PLANE('',#11283);
#11283 = AXIS2_PLACEMENT_3D('',#11284,#11285,#11286);
#11284 = CARTESIAN_POINT('',(0.9125,-0.78125,0.75));
#11285 = DIRECTION('',(1.,0.,0.));
#11286 = DIRECTION('',(-0.,1.,0.));
#11287 = ADVANCED_FACE('',(#11288),#11294,.F.);
#11288 = FACE_BOUND('',#11289,.F.);
#11289 = EDGE_LOOP('',(#11290,#11291,#11292,#11293));
#11290 = ORIENTED_EDGE('',*,*,#11250,.F.);
#11291 = ORIENTED_EDGE('',*,*,#11274,.T.);
#11292 = ORIENTED_EDGE('',*,*,#10453,.F.);
#11293 = ORIENTED_EDGE('',*,*,#10509,.T.);
#11294 = PLANE('',#11295);
#11295 = AXIS2_PLACEMENT_3D('',#11296,#11297,#11298);
#11296 = CARTESIAN_POINT('',(0.9125,-0.46875,0.75));
#11297 = DIRECTION('',(0.,1.,0.));
#11298 = DIRECTION('',(-1.,0.,0.));
#11299 = ADVANCED_FACE('',(#11300),#11316,.F.);
#11300 = FACE_BOUND('',#11301,.F.);
#11301 = EDGE_LOOP('',(#11302,#11303,#11309,#11310));
#11302 = ORIENTED_EDGE('',*,*,#11235,.F.);
#11303 = ORIENTED_EDGE('',*,*,#11304,.T.);
#11304 = EDGE_CURVE('',#11236,#10487,#11305,.T.);
#11305 = LINE('',#11306,#11307);
#11306 = CARTESIAN_POINT('',(0.9125,0.46875,0.75));
#11307 = VECTOR('',#11308,1.);
#11308 = DIRECTION('',(-0.,-0.,-1.));
#11309 = ORIENTED_EDGE('',*,*,#10494,.F.);
#11310 = ORIENTED_EDGE('',*,*,#11311,.F.);
#11311 = EDGE_CURVE('',#11228,#10478,#11312,.T.);
#11312 = LINE('',#11313,#11314);
#11313 = CARTESIAN_POINT('',(0.9125,0.625,0.375));
#11314 = VECTOR('',#11315,1.);
#11315 = DIRECTION('',(0.,0.,-1.));
#11316 = PLANE('',#11317);
#11317 = AXIS2_PLACEMENT_3D('',#11318,#11319,#11320);
#11318 = CARTESIAN_POINT('',(0.9125,0.46875,0.75));
#11319 = DIRECTION('',(1.,0.,0.));
#11320 = DIRECTION('',(-0.,1.,0.));
#11321 = ADVANCED_FACE('',(#11322),#11328,.F.);
#11322 = FACE_BOUND('',#11323,.F.);
#11323 = EDGE_LOOP('',(#11324,#11325,#11326,#11327));
#11324 = ORIENTED_EDGE('',*,*,#11304,.F.);
#11325 = ORIENTED_EDGE('',*,*,#11243,.F.);
#11326 = ORIENTED_EDGE('',*,*,#10526,.F.);
#11327 = ORIENTED_EDGE('',*,*,#10486,.F.);
#11328 = PLANE('',#11329);
#11329 = AXIS2_PLACEMENT_3D('',#11330,#11331,#11332);
#11330 = CARTESIAN_POINT('',(-0.9125,0.46875,0.75));
#11331 = DIRECTION('',(0.,-1.,0.));
#11332 = DIRECTION('',(1.,0.,0.));
#11333 = ADVANCED_FACE('',(#11334),#11346,.T.);
#11334 = FACE_BOUND('',#11335,.T.);
#11335 = EDGE_LOOP('',(#11336,#11337,#11338,#11339,#11340,#11341,#11342,
    #11343,#11344,#11345));
#11336 = ORIENTED_EDGE('',*,*,#10714,.F.);
#11337 = ORIENTED_EDGE('',*,*,#10785,.F.);
#11338 = ORIENTED_EDGE('',*,*,#10821,.T.);
#11339 = ORIENTED_EDGE('',*,*,#10845,.T.);
#11340 = ORIENTED_EDGE('',*,*,#10669,.T.);
#11341 = ORIENTED_EDGE('',*,*,#10630,.F.);
#11342 = ORIENTED_EDGE('',*,*,#10557,.F.);
#11343 = ORIENTED_EDGE('',*,*,#10549,.F.);
#11344 = ORIENTED_EDGE('',*,*,#10541,.T.);
#11345 = ORIENTED_EDGE('',*,*,#10916,.F.);
#11346 = PLANE('',#11347);
#11347 = AXIS2_PLACEMENT_3D('',#11348,#11349,#11350);
#11348 = CARTESIAN_POINT('',(-1.,0.625,0.));
#11349 = DIRECTION('',(0.,1.,0.));
#11350 = DIRECTION('',(0.,-0.,1.));
#11351 = ADVANCED_FACE('',(#11352),#11364,.T.);
#11352 = FACE_BOUND('',#11353,.T.);
#11353 = EDGE_LOOP('',(#11354,#11355,#11356,#11357,#11358,#11359,#11360,
    #11361,#11362,#11363));
#11354 = ORIENTED_EDGE('',*,*,#11125,.F.);
#11355 = ORIENTED_EDGE('',*,*,#10948,.F.);
#11356 = ORIENTED_EDGE('',*,*,#10582,.T.);
#11357 = ORIENTED_EDGE('',*,*,#10574,.T.);
#11358 = ORIENTED_EDGE('',*,*,#10566,.F.);
#11359 = ORIENTED_EDGE('',*,*,#11311,.F.);
#11360 = ORIENTED_EDGE('',*,*,#11227,.T.);
#11361 = ORIENTED_EDGE('',*,*,#11203,.F.);
#11362 = ORIENTED_EDGE('',*,*,#11180,.F.);
#11363 = ORIENTED_EDGE('',*,*,#11155,.T.);
#11364 = PLANE('',#11365);
#11365 = AXIS2_PLACEMENT_3D('',#11366,#11367,#11368);
#11366 = CARTESIAN_POINT('',(0.65,0.625,0.));
#11367 = DIRECTION('',(0.,1.,0.));
#11368 = DIRECTION('',(0.,-0.,1.));
#11369 = ADVANCED_FACE('',(#11370),#11375,.T.);
#11370 = FACE_BOUND('',#11371,.T.);
#11371 = EDGE_LOOP('',(#11372,#11373,#11374));
#11372 = ORIENTED_EDGE('',*,*,#11094,.T.);
#11373 = ORIENTED_EDGE('',*,*,#11070,.T.);
#11374 = ORIENTED_EDGE('',*,*,#11111,.T.);
#11375 = PLANE('',#11376);
#11376 = AXIS2_PLACEMENT_3D('',#11377,#11378,#11379);
#11377 = CARTESIAN_POINT('',(0.144337567297,9.251858538543E-18,1.75E-02)
  );
#11378 = DIRECTION('',(-0.,-0.,-1.));
#11379 = DIRECTION('',(-1.,0.,0.));
#11380 = ( GEOMETRIC_REPRESENTATION_CONTEXT(3) 
GLOBAL_UNCERTAINTY_ASSIGNED_CONTEXT((#11384)) 
GLOBAL_UNIT_ASSIGNED_CONTEXT((#11381,#11382,#11383)) 
REPRESENTATION_CONTEXT('Context #1',
  '3D Context with UNIT and UNCERTAINTY') );
#11381 = ( LENGTH_UNIT() NAMED_UNIT(*) SI_UNIT(.MILLI.,.METRE.) );
#11382 = ( NAMED_UNIT(*) PLANE_ANGLE_UNIT() SI_UNIT($,.RADIAN.) );
#11383 = ( NAMED_UNIT(*) SI_UNIT($,.STERADIAN.) SOLID_ANGLE_UNIT() );
#11384 = UNCERTAINTY_MEASURE_WITH_UNIT(LENGTH_MEASURE(1.E-07),#11381,
  'distance_accuracy_value','confusion accuracy');
#11385 = CONTEXT_DEPENDENT_SHAPE_REPRESENTATION(#11386,#11388);
#11386 = ( REPRESENTATION_RELATIONSHIP('','',#9856,#10) 
REPRESENTATION_RELATIONSHIP_WITH_TRANSFORMATION(#11387) 
SHAPE_REPRESENTATION_RELATIONSHIP() );
#11387 = ITEM_DEFINED_TRANSFORMATION('','',#11,#199);
#11388 = PRODUCT_DEFINITION_SHAPE('Placement','Placement of an item',
  #11389);
#11389 = NEXT_ASSEMBLY_USAGE_OCCURRENCE('1367','PowerLED1','',#5,#9851,$
  );
#11390 = PRODUCT_RELATED_PRODUCT_CATEGORY('part',$,(#9853));
#11391 = CONTEXT_DEPENDENT_SHAPE_REPRESENTATION(#11392,#11394);
#11392 = ( REPRESENTATION_RELATIONSHIP('','',#7940,#10) 
REPRESENTATION_RELATIONSHIP_WITH_TRANSFORMATION(#11393) 
SHAPE_REPRESENTATION_RELATIONSHIP() );
#11393 = ITEM_DEFINED_TRANSFORMATION('','',#11,#203);
#11394 = PRODUCT_DEFINITION_SHAPE('Placement','Placement of an item',
  #11395);
#11395 = NEXT_ASSEMBLY_USAGE_OCCURRENCE('1368','C1','',#5,#7935,$);
#11396 = CONTEXT_DEPENDENT_SHAPE_REPRESENTATION(#11397,#11399);
#11397 = ( REPRESENTATION_RELATIONSHIP('','',#7096,#10) 
REPRESENTATION_RELATIONSHIP_WITH_TRANSFORMATION(#11398) 
SHAPE_REPRESENTATION_RELATIONSHIP() );
#11398 = ITEM_DEFINED_TRANSFORMATION('','',#11,#207);
#11399 = PRODUCT_DEFINITION_SHAPE('Placement','Placement of an item',
  #11400);
#11400 = NEXT_ASSEMBLY_USAGE_OCCURRENCE('1369','R4','',#5,#7091,$);
#11401 = CONTEXT_DEPENDENT_SHAPE_REPRESENTATION(#11402,#11404);
#11402 = ( REPRESENTATION_RELATIONSHIP('','',#7096,#10) 
REPRESENTATION_RELATIONSHIP_WITH_TRANSFORMATION(#11403) 
SHAPE_REPRESENTATION_RELATIONSHIP() );
#11403 = ITEM_DEFINED_TRANSFORMATION('','',#11,#211);
#11404 = PRODUCT_DEFINITION_SHAPE('Placement','Placement of an item',
  #11405);
#11405 = NEXT_ASSEMBLY_USAGE_OCCURRENCE('1370','R24','',#5,#7091,$);
#11406 = CONTEXT_DEPENDENT_SHAPE_REPRESENTATION(#11407,#11409);
#11407 = ( REPRESENTATION_RELATIONSHIP('','',#7940,#10) 
REPRESENTATION_RELATIONSHIP_WITH_TRANSFORMATION(#11408) 
SHAPE_REPRESENTATION_RELATIONSHIP() );
#11408 = ITEM_DEFINED_TRANSFORMATION('','',#11,#215);
#11409 = PRODUCT_DEFINITION_SHAPE('Placement','Placement of an item',
  #11410);
#11410 = NEXT_ASSEMBLY_USAGE_OCCURRENCE('1371','C11','',#5,#7935,$);
#11411 = CONTEXT_DEPENDENT_SHAPE_REPRESENTATION(#11412,#11414);
#11412 = ( REPRESENTATION_RELATIONSHIP('','',#7096,#10) 
REPRESENTATION_RELATIONSHIP_WITH_TRANSFORMATION(#11413) 
SHAPE_REPRESENTATION_RELATIONSHIP() );
#11413 = ITEM_DEFINED_TRANSFORMATION('','',#11,#219);
#11414 = PRODUCT_DEFINITION_SHAPE('Placement','Placement of an item',
  #11415);
#11415 = NEXT_ASSEMBLY_USAGE_OCCURRENCE('1372','R28','',#5,#7091,$);
#11416 = CONTEXT_DEPENDENT_SHAPE_REPRESENTATION(#11417,#11419);
#11417 = ( REPRESENTATION_RELATIONSHIP('','',#7096,#10) 
REPRESENTATION_RELATIONSHIP_WITH_TRANSFORMATION(#11418) 
SHAPE_REPRESENTATION_RELATIONSHIP() );
#11418 = ITEM_DEFINED_TRANSFORMATION('','',#11,#223);
#11419 = PRODUCT_DEFINITION_SHAPE('Placement','Placement of an item',
  #11420);
#11420 = NEXT_ASSEMBLY_USAGE_OCCURRENCE('1373','R31','',#5,#7091,$);
#11421 = CONTEXT_DEPENDENT_SHAPE_REPRESENTATION(#11422,#11424);
#11422 = ( REPRESENTATION_RELATIONSHIP('','',#7940,#10) 
REPRESENTATION_RELATIONSHIP_WITH_TRANSFORMATION(#11423) 
SHAPE_REPRESENTATION_RELATIONSHIP() );
#11423 = ITEM_DEFINED_TRANSFORMATION('','',#11,#227);
#11424 = PRODUCT_DEFINITION_SHAPE('Placement','Placement of an item',
  #11425);
#11425 = NEXT_ASSEMBLY_USAGE_OCCURRENCE('1374','C4','',#5,#7935,$);
#11426 = SHAPE_DEFINITION_REPRESENTATION(#11427,#11433);
#11427 = PRODUCT_DEFINITION_SHAPE('','',#11428);
#11428 = PRODUCT_DEFINITION('design','',#11429,#11432);
#11429 = PRODUCT_DEFINITION_FORMATION('','',#11430);
#11430 = PRODUCT('BPS-MinionShield_PCB','BPS-MinionShield_PCB','',(
    #11431));
#11431 = PRODUCT_CONTEXT('',#2,'mechanical');
#11432 = PRODUCT_DEFINITION_CONTEXT('part definition',#2,'design');
#11433 = ADVANCED_BREP_SHAPE_REPRESENTATION('',(#11,#11434),#13985);
#11434 = MANIFOLD_SOLID_BREP('',#11435);
#11435 = CLOSED_SHELL('',(#11436,#11478,#11509,#11540,#12221,#12902,
    #12919,#12936,#12953,#12970,#12987,#13004,#13021,#13038,#13055,
    #13072,#13089,#13106,#13118,#13135,#13152,#13169,#13186,#13203,
    #13220,#13237,#13254,#13271,#13288,#13305,#13322,#13339,#13356,
    #13373,#13390,#13407,#13424,#13441,#13458,#13475,#13492,#13509,
    #13526,#13543,#13560,#13577,#13594,#13611,#13628,#13645,#13662,
    #13679,#13696,#13713,#13730,#13747,#13764,#13781,#13798,#13815,
    #13832,#13849,#13866,#13883,#13900,#13917,#13934,#13951,#13968));
#11436 = ADVANCED_FACE('',(#11437),#11473,.T.);
#11437 = FACE_BOUND('',#11438,.T.);
#11438 = EDGE_LOOP('',(#11439,#11449,#11458,#11466));
#11439 = ORIENTED_EDGE('',*,*,#11440,.T.);
#11440 = EDGE_CURVE('',#11441,#11443,#11445,.T.);
#11441 = VERTEX_POINT('',#11442);
#11442 = CARTESIAN_POINT('',(181.999857,-69.999897,0.));
#11443 = VERTEX_POINT('',#11444);
#11444 = CARTESIAN_POINT('',(181.999857,-69.999897,1.51));
#11445 = LINE('',#11446,#11447);
#11446 = CARTESIAN_POINT('',(181.999857,-69.999897,0.));
#11447 = VECTOR('',#11448,1.);
#11448 = DIRECTION('',(0.,0.,1.));
#11449 = ORIENTED_EDGE('',*,*,#11450,.T.);
#11450 = EDGE_CURVE('',#11443,#11451,#11453,.T.);
#11451 = VERTEX_POINT('',#11452);
#11452 = CARTESIAN_POINT('',(184.999857,-73.149897,1.51));
#11453 = CIRCLE('',#11454,3.00357164751);
#11454 = AXIS2_PLACEMENT_3D('',#11455,#11456,#11457);
#11455 = CARTESIAN_POINT('',(181.99985677011,-73.00346864751,1.51));
#11456 = DIRECTION('',(0.,0.,-1.));
#11457 = DIRECTION('',(7.653722737089E-08,1.,0.));
#11458 = ORIENTED_EDGE('',*,*,#11459,.F.);
#11459 = EDGE_CURVE('',#11460,#11451,#11462,.T.);
#11460 = VERTEX_POINT('',#11461);
#11461 = CARTESIAN_POINT('',(184.999857,-73.149897,0.));
#11462 = LINE('',#11463,#11464);
#11463 = CARTESIAN_POINT('',(184.999857,-73.149897,0.));
#11464 = VECTOR('',#11465,1.);
#11465 = DIRECTION('',(0.,0.,1.));
#11466 = ORIENTED_EDGE('',*,*,#11467,.F.);
#11467 = EDGE_CURVE('',#11441,#11460,#11468,.T.);
#11468 = CIRCLE('',#11469,3.00357164751);
#11469 = AXIS2_PLACEMENT_3D('',#11470,#11471,#11472);
#11470 = CARTESIAN_POINT('',(181.99985677011,-73.00346864751,0.));
#11471 = DIRECTION('',(0.,0.,-1.));
#11472 = DIRECTION('',(7.653722737089E-08,1.,0.));
#11473 = CYLINDRICAL_SURFACE('',#11474,3.00357164751);
#11474 = AXIS2_PLACEMENT_3D('',#11475,#11476,#11477);
#11475 = CARTESIAN_POINT('',(181.99985677011,-73.00346864751,0.));
#11476 = DIRECTION('',(0.,0.,-1.));
#11477 = DIRECTION('',(7.653722737089E-08,1.,0.));
#11478 = ADVANCED_FACE('',(#11479),#11504,.T.);
#11479 = FACE_BOUND('',#11480,.T.);
#11480 = EDGE_LOOP('',(#11481,#11491,#11497,#11498));
#11481 = ORIENTED_EDGE('',*,*,#11482,.T.);
#11482 = EDGE_CURVE('',#11483,#11485,#11487,.T.);
#11483 = VERTEX_POINT('',#11484);
#11484 = CARTESIAN_POINT('',(102.999857,-69.999897,0.));
#11485 = VERTEX_POINT('',#11486);
#11486 = CARTESIAN_POINT('',(102.999857,-69.999897,1.51));
#11487 = LINE('',#11488,#11489);
#11488 = CARTESIAN_POINT('',(102.999857,-69.999897,0.));
#11489 = VECTOR('',#11490,1.);
#11490 = DIRECTION('',(0.,0.,1.));
#11491 = ORIENTED_EDGE('',*,*,#11492,.T.);
#11492 = EDGE_CURVE('',#11485,#11443,#11493,.T.);
#11493 = LINE('',#11494,#11495);
#11494 = CARTESIAN_POINT('',(102.999857,-69.999897,1.51));
#11495 = VECTOR('',#11496,1.);
#11496 = DIRECTION('',(1.,0.,0.));
#11497 = ORIENTED_EDGE('',*,*,#11440,.F.);
#11498 = ORIENTED_EDGE('',*,*,#11499,.F.);
#11499 = EDGE_CURVE('',#11483,#11441,#11500,.T.);
#11500 = LINE('',#11501,#11502);
#11501 = CARTESIAN_POINT('',(102.999857,-69.999897,0.));
#11502 = VECTOR('',#11503,1.);
#11503 = DIRECTION('',(1.,0.,0.));
#11504 = PLANE('',#11505);
#11505 = AXIS2_PLACEMENT_3D('',#11506,#11507,#11508);
#11506 = CARTESIAN_POINT('',(102.999857,-69.999897,0.));
#11507 = DIRECTION('',(0.,1.,0.));
#11508 = DIRECTION('',(1.,0.,0.));
#11509 = ADVANCED_FACE('',(#11510),#11535,.T.);
#11510 = FACE_BOUND('',#11511,.T.);
#11511 = EDGE_LOOP('',(#11512,#11513,#11521,#11529));
#11512 = ORIENTED_EDGE('',*,*,#11459,.T.);
#11513 = ORIENTED_EDGE('',*,*,#11514,.T.);
#11514 = EDGE_CURVE('',#11451,#11515,#11517,.T.);
#11515 = VERTEX_POINT('',#11516);
#11516 = CARTESIAN_POINT('',(184.999857,-133.149897,1.51));
#11517 = LINE('',#11518,#11519);
#11518 = CARTESIAN_POINT('',(184.999857,-73.149897,1.51));
#11519 = VECTOR('',#11520,1.);
#11520 = DIRECTION('',(0.,-1.,0.));
#11521 = ORIENTED_EDGE('',*,*,#11522,.F.);
#11522 = EDGE_CURVE('',#11523,#11515,#11525,.T.);
#11523 = VERTEX_POINT('',#11524);
#11524 = CARTESIAN_POINT('',(184.999857,-133.149897,0.));
#11525 = LINE('',#11526,#11527);
#11526 = CARTESIAN_POINT('',(184.999857,-133.149897,0.));
#11527 = VECTOR('',#11528,1.);
#11528 = DIRECTION('',(0.,0.,1.));
#11529 = ORIENTED_EDGE('',*,*,#11530,.F.);
#11530 = EDGE_CURVE('',#11460,#11523,#11531,.T.);
#11531 = LINE('',#11532,#11533);
#11532 = CARTESIAN_POINT('',(184.999857,-73.149897,0.));
#11533 = VECTOR('',#11534,1.);
#11534 = DIRECTION('',(0.,-1.,0.));
#11535 = PLANE('',#11536);
#11536 = AXIS2_PLACEMENT_3D('',#11537,#11538,#11539);
#11537 = CARTESIAN_POINT('',(184.999857,-73.149897,0.));
#11538 = DIRECTION('',(1.,0.,-0.));
#11539 = DIRECTION('',(0.,-1.,0.));
#11540 = ADVANCED_FACE('',(#11541,#11655,#11666,#11677,#11688,#11699,
    #11710,#11721,#11732,#11743,#11754,#11765,#11776,#11787,#11798,
    #11809,#11820,#11831,#11842,#11853,#11864,#11875,#11886,#11897,
    #11908,#11919,#11930,#11941,#11952,#11963,#11974,#11985,#11996,
    #12007,#12018,#12029,#12040,#12051,#12062,#12073,#12084,#12095,
    #12106,#12117,#12128,#12139,#12150,#12161,#12172,#12183,#12194,
    #12205),#12216,.F.);
#11541 = FACE_BOUND('',#11542,.F.);
#11542 = EDGE_LOOP('',(#11543,#11544,#11545,#11554,#11562,#11571,#11579,
    #11588,#11596,#11605,#11613,#11622,#11630,#11639,#11647,#11654));
#11543 = ORIENTED_EDGE('',*,*,#11467,.F.);
#11544 = ORIENTED_EDGE('',*,*,#11499,.F.);
#11545 = ORIENTED_EDGE('',*,*,#11546,.F.);
#11546 = EDGE_CURVE('',#11547,#11483,#11549,.T.);
#11547 = VERTEX_POINT('',#11548);
#11548 = CARTESIAN_POINT('',(99.999857,-72.999897,0.));
#11549 = CIRCLE('',#11550,3.000001172987);
#11550 = AXIS2_PLACEMENT_3D('',#11551,#11552,#11553);
#11551 = CARTESIAN_POINT('',(102.99985817298,-72.99989817298,0.));
#11552 = DIRECTION('',(0.,0.,-1.));
#11553 = DIRECTION('',(-1.,3.909953568695E-07,0.));
#11554 = ORIENTED_EDGE('',*,*,#11555,.F.);
#11555 = EDGE_CURVE('',#11556,#11547,#11558,.T.);
#11556 = VERTEX_POINT('',#11557);
#11557 = CARTESIAN_POINT('',(99.999857,-74.999897,0.));
#11558 = LINE('',#11559,#11560);
#11559 = CARTESIAN_POINT('',(99.999857,-74.999897,0.));
#11560 = VECTOR('',#11561,1.);
#11561 = DIRECTION('',(0.,1.,0.));
#11562 = ORIENTED_EDGE('',*,*,#11563,.F.);
#11563 = EDGE_CURVE('',#11564,#11556,#11566,.T.);
#11564 = VERTEX_POINT('',#11565);
#11565 = CARTESIAN_POINT('',(102.999857,-77.999897,0.));
#11566 = CIRCLE('',#11567,3.000001172987);
#11567 = AXIS2_PLACEMENT_3D('',#11568,#11569,#11570);
#11568 = CARTESIAN_POINT('',(102.99985817298,-74.99989582701,0.));
#11569 = DIRECTION('',(0.,0.,-1.));
#11570 = DIRECTION('',(-3.909953616065E-07,-1.,-0.));
#11571 = ORIENTED_EDGE('',*,*,#11572,.F.);
#11572 = EDGE_CURVE('',#11573,#11564,#11575,.T.);
#11573 = VERTEX_POINT('',#11574);
#11574 = CARTESIAN_POINT('',(116.999857,-77.999897,0.));
#11575 = LINE('',#11576,#11577);
#11576 = CARTESIAN_POINT('',(116.999857,-77.999897,0.));
#11577 = VECTOR('',#11578,1.);
#11578 = DIRECTION('',(-1.,0.,0.));
#11579 = ORIENTED_EDGE('',*,*,#11580,.F.);
#11580 = EDGE_CURVE('',#11581,#11573,#11583,.T.);
#11581 = VERTEX_POINT('',#11582);
#11582 = CARTESIAN_POINT('',(119.999857,-80.999897,0.));
#11583 = CIRCLE('',#11584,3.000001172987);
#11584 = AXIS2_PLACEMENT_3D('',#11585,#11586,#11587);
#11585 = CARTESIAN_POINT('',(116.99985582701,-80.99989817298,0.));
#11586 = DIRECTION('',(0.,0.,1.));
#11587 = DIRECTION('',(1.,3.909953663434E-07,-0.));
#11588 = ORIENTED_EDGE('',*,*,#11589,.F.);
#11589 = EDGE_CURVE('',#11590,#11581,#11592,.T.);
#11590 = VERTEX_POINT('',#11591);
#11591 = CARTESIAN_POINT('',(119.999857,-124.999897,0.));
#11592 = LINE('',#11593,#11594);
#11593 = CARTESIAN_POINT('',(119.999857,-124.999897,0.));
#11594 = VECTOR('',#11595,1.);
#11595 = DIRECTION('',(0.,1.,0.));
#11596 = ORIENTED_EDGE('',*,*,#11597,.F.);
#11597 = EDGE_CURVE('',#11598,#11590,#11600,.T.);
#11598 = VERTEX_POINT('',#11599);
#11599 = CARTESIAN_POINT('',(116.999857,-127.999897,0.));
#11600 = CIRCLE('',#11601,3.000001172987);
#11601 = AXIS2_PLACEMENT_3D('',#11602,#11603,#11604);
#11602 = CARTESIAN_POINT('',(116.99985582701,-124.999895827,0.));
#11603 = DIRECTION('',(0.,0.,1.));
#11604 = DIRECTION('',(3.909953663434E-07,-1.,0.));
#11605 = ORIENTED_EDGE('',*,*,#11606,.F.);
#11606 = EDGE_CURVE('',#11607,#11598,#11609,.T.);
#11607 = VERTEX_POINT('',#11608);
#11608 = CARTESIAN_POINT('',(102.999857,-127.999897,0.));
#11609 = LINE('',#11610,#11611);
#11610 = CARTESIAN_POINT('',(102.999857,-127.999897,0.));
#11611 = VECTOR('',#11612,1.);
#11612 = DIRECTION('',(1.,0.,0.));
#11613 = ORIENTED_EDGE('',*,*,#11614,.F.);
#11614 = EDGE_CURVE('',#11615,#11607,#11617,.T.);
#11615 = VERTEX_POINT('',#11616);
#11616 = CARTESIAN_POINT('',(99.999857,-130.999897,0.));
#11617 = CIRCLE('',#11618,3.000001172987);
#11618 = AXIS2_PLACEMENT_3D('',#11619,#11620,#11621);
#11619 = CARTESIAN_POINT('',(102.99985817298,-130.9998981729,0.));
#11620 = DIRECTION('',(0.,0.,-1.));
#11621 = DIRECTION('',(-1.,3.909953521326E-07,0.));
#11622 = ORIENTED_EDGE('',*,*,#11623,.F.);
#11623 = EDGE_CURVE('',#11624,#11615,#11626,.T.);
#11624 = VERTEX_POINT('',#11625);
#11625 = CARTESIAN_POINT('',(99.999857,-132.999897,0.));
#11626 = LINE('',#11627,#11628);
#11627 = CARTESIAN_POINT('',(99.999857,-132.999897,0.));
#11628 = VECTOR('',#11629,1.);
#11629 = DIRECTION('',(0.,1.,0.));
#11630 = ORIENTED_EDGE('',*,*,#11631,.F.);
#11631 = EDGE_CURVE('',#11632,#11624,#11634,.T.);
#11632 = VERTEX_POINT('',#11633);
#11633 = CARTESIAN_POINT('',(102.999857,-135.999897,0.));
#11634 = CIRCLE('',#11635,3.000001172987);
#11635 = AXIS2_PLACEMENT_3D('',#11636,#11637,#11638);
#11636 = CARTESIAN_POINT('',(102.99985817298,-132.999895827,0.));
#11637 = DIRECTION('',(0.,0.,-1.));
#11638 = DIRECTION('',(-3.909953616065E-07,-1.,-0.));
#11639 = ORIENTED_EDGE('',*,*,#11640,.F.);
#11640 = EDGE_CURVE('',#11641,#11632,#11643,.T.);
#11641 = VERTEX_POINT('',#11642);
#11642 = CARTESIAN_POINT('',(181.999857,-135.999897,0.));
#11643 = LINE('',#11644,#11645);
#11644 = CARTESIAN_POINT('',(181.999857,-135.999897,0.));
#11645 = VECTOR('',#11646,1.);
#11646 = DIRECTION('',(-1.,0.,0.));
#11647 = ORIENTED_EDGE('',*,*,#11648,.F.);
#11648 = EDGE_CURVE('',#11523,#11641,#11649,.T.);
#11649 = CIRCLE('',#11650,3.003949087059);
#11650 = AXIS2_PLACEMENT_3D('',#11651,#11652,#11653);
#11651 = CARTESIAN_POINT('',(181.99985536729,-132.9959479129,0.));
#11652 = DIRECTION('',(0.,0.,-1.));
#11653 = DIRECTION('',(0.998685911699,-5.12489002298E-02,0.));
#11654 = ORIENTED_EDGE('',*,*,#11530,.F.);
#11655 = FACE_BOUND('',#11656,.F.);
#11656 = EDGE_LOOP('',(#11657));
#11657 = ORIENTED_EDGE('',*,*,#11658,.T.);
#11658 = EDGE_CURVE('',#11659,#11659,#11661,.T.);
#11659 = VERTEX_POINT('',#11660);
#11660 = CARTESIAN_POINT('',(102.999857,-134.499897,0.));
#11661 = CIRCLE('',#11662,1.5);
#11662 = AXIS2_PLACEMENT_3D('',#11663,#11664,#11665);
#11663 = CARTESIAN_POINT('',(102.999857,-132.999897,0.));
#11664 = DIRECTION('',(-0.,0.,-1.));
#11665 = DIRECTION('',(-0.,-1.,0.));
#11666 = FACE_BOUND('',#11667,.F.);
#11667 = EDGE_LOOP('',(#11668));
#11668 = ORIENTED_EDGE('',*,*,#11669,.T.);
#11669 = EDGE_CURVE('',#11670,#11670,#11672,.T.);
#11670 = VERTEX_POINT('',#11671);
#11671 = CARTESIAN_POINT('',(131.199857,-133.949897,0.));
#11672 = CIRCLE('',#11673,0.35);
#11673 = AXIS2_PLACEMENT_3D('',#11674,#11675,#11676);
#11674 = CARTESIAN_POINT('',(131.199857,-133.599897,0.));
#11675 = DIRECTION('',(-0.,0.,-1.));
#11676 = DIRECTION('',(-0.,-1.,0.));
#11677 = FACE_BOUND('',#11678,.F.);
#11678 = EDGE_LOOP('',(#11679));
#11679 = ORIENTED_EDGE('',*,*,#11680,.T.);
#11680 = EDGE_CURVE('',#11681,#11681,#11683,.T.);
#11681 = VERTEX_POINT('',#11682);
#11682 = CARTESIAN_POINT('',(129.084857,-116.259897,0.));
#11683 = CIRCLE('',#11684,0.51);
#11684 = AXIS2_PLACEMENT_3D('',#11685,#11686,#11687);
#11685 = CARTESIAN_POINT('',(129.084857,-115.749897,0.));
#11686 = DIRECTION('',(-0.,0.,-1.));
#11687 = DIRECTION('',(-0.,-1.,0.));
#11688 = FACE_BOUND('',#11689,.F.);
#11689 = EDGE_LOOP('',(#11690));
#11690 = ORIENTED_EDGE('',*,*,#11691,.T.);
#11691 = EDGE_CURVE('',#11692,#11692,#11694,.T.);
#11692 = VERTEX_POINT('',#11693);
#11693 = CARTESIAN_POINT('',(132.084857,-116.259897,0.));
#11694 = CIRCLE('',#11695,0.51);
#11695 = AXIS2_PLACEMENT_3D('',#11696,#11697,#11698);
#11696 = CARTESIAN_POINT('',(132.084857,-115.749897,0.));
#11697 = DIRECTION('',(-0.,0.,-1.));
#11698 = DIRECTION('',(-0.,-1.,0.));
#11699 = FACE_BOUND('',#11700,.F.);
#11700 = EDGE_LOOP('',(#11701));
#11701 = ORIENTED_EDGE('',*,*,#11702,.T.);
#11702 = EDGE_CURVE('',#11703,#11703,#11705,.T.);
#11703 = VERTEX_POINT('',#11704);
#11704 = CARTESIAN_POINT('',(124.764857,-115.089897,0.));
#11705 = CIRCLE('',#11706,1.5);
#11706 = AXIS2_PLACEMENT_3D('',#11707,#11708,#11709);
#11707 = CARTESIAN_POINT('',(124.764857,-113.589897,0.));
#11708 = DIRECTION('',(-0.,0.,-1.));
#11709 = DIRECTION('',(-0.,-1.,0.));
#11710 = FACE_BOUND('',#11711,.F.);
#11711 = EDGE_LOOP('',(#11712));
#11712 = ORIENTED_EDGE('',*,*,#11713,.T.);
#11713 = EDGE_CURVE('',#11714,#11714,#11716,.T.);
#11714 = VERTEX_POINT('',#11715);
#11715 = CARTESIAN_POINT('',(129.084857,-113.259897,0.));
#11716 = CIRCLE('',#11717,0.51);
#11717 = AXIS2_PLACEMENT_3D('',#11718,#11719,#11720);
#11718 = CARTESIAN_POINT('',(129.084857,-112.749897,0.));
#11719 = DIRECTION('',(-0.,0.,-1.));
#11720 = DIRECTION('',(-0.,-1.,0.));
#11721 = FACE_BOUND('',#11722,.F.);
#11722 = EDGE_LOOP('',(#11723));
#11723 = ORIENTED_EDGE('',*,*,#11724,.T.);
#11724 = EDGE_CURVE('',#11725,#11725,#11727,.T.);
#11725 = VERTEX_POINT('',#11726);
#11726 = CARTESIAN_POINT('',(132.084857,-113.259897,0.));
#11727 = CIRCLE('',#11728,0.51);
#11728 = AXIS2_PLACEMENT_3D('',#11729,#11730,#11731);
#11729 = CARTESIAN_POINT('',(132.084857,-112.749897,0.));
#11730 = DIRECTION('',(-0.,0.,-1.));
#11731 = DIRECTION('',(-0.,-1.,0.));
#11732 = FACE_BOUND('',#11733,.F.);
#11733 = EDGE_LOOP('',(#11734));
#11734 = ORIENTED_EDGE('',*,*,#11735,.T.);
#11735 = EDGE_CURVE('',#11736,#11736,#11738,.T.);
#11736 = VERTEX_POINT('',#11737);
#11737 = CARTESIAN_POINT('',(129.084857,-110.259897,0.));
#11738 = CIRCLE('',#11739,0.51);
#11739 = AXIS2_PLACEMENT_3D('',#11740,#11741,#11742);
#11740 = CARTESIAN_POINT('',(129.084857,-109.749897,0.));
#11741 = DIRECTION('',(-0.,0.,-1.));
#11742 = DIRECTION('',(-0.,-1.,0.));
#11743 = FACE_BOUND('',#11744,.F.);
#11744 = EDGE_LOOP('',(#11745));
#11745 = ORIENTED_EDGE('',*,*,#11746,.T.);
#11746 = EDGE_CURVE('',#11747,#11747,#11749,.T.);
#11747 = VERTEX_POINT('',#11748);
#11748 = CARTESIAN_POINT('',(132.084857,-110.259897,0.));
#11749 = CIRCLE('',#11750,0.51);
#11750 = AXIS2_PLACEMENT_3D('',#11751,#11752,#11753);
#11751 = CARTESIAN_POINT('',(132.084857,-109.749897,0.));
#11752 = DIRECTION('',(-0.,0.,-1.));
#11753 = DIRECTION('',(-0.,-1.,0.));
#11754 = FACE_BOUND('',#11755,.F.);
#11755 = EDGE_LOOP('',(#11756));
#11756 = ORIENTED_EDGE('',*,*,#11757,.T.);
#11757 = EDGE_CURVE('',#11758,#11758,#11760,.T.);
#11758 = VERTEX_POINT('',#11759);
#11759 = CARTESIAN_POINT('',(129.084857,-107.259897,0.));
#11760 = CIRCLE('',#11761,0.51);
#11761 = AXIS2_PLACEMENT_3D('',#11762,#11763,#11764);
#11762 = CARTESIAN_POINT('',(129.084857,-106.749897,0.));
#11763 = DIRECTION('',(-0.,0.,-1.));
#11764 = DIRECTION('',(-0.,-1.,0.));
#11765 = FACE_BOUND('',#11766,.F.);
#11766 = EDGE_LOOP('',(#11767));
#11767 = ORIENTED_EDGE('',*,*,#11768,.T.);
#11768 = EDGE_CURVE('',#11769,#11769,#11771,.T.);
#11769 = VERTEX_POINT('',#11770);
#11770 = CARTESIAN_POINT('',(132.084857,-107.259897,0.));
#11771 = CIRCLE('',#11772,0.51);
#11772 = AXIS2_PLACEMENT_3D('',#11773,#11774,#11775);
#11773 = CARTESIAN_POINT('',(132.084857,-106.749897,0.));
#11774 = DIRECTION('',(-0.,0.,-1.));
#11775 = DIRECTION('',(-0.,-1.,0.));
#11776 = FACE_BOUND('',#11777,.F.);
#11777 = EDGE_LOOP('',(#11778));
#11778 = ORIENTED_EDGE('',*,*,#11779,.T.);
#11779 = EDGE_CURVE('',#11780,#11780,#11782,.T.);
#11780 = VERTEX_POINT('',#11781);
#11781 = CARTESIAN_POINT('',(129.084857,-104.259897,0.));
#11782 = CIRCLE('',#11783,0.51);
#11783 = AXIS2_PLACEMENT_3D('',#11784,#11785,#11786);
#11784 = CARTESIAN_POINT('',(129.084857,-103.749897,0.));
#11785 = DIRECTION('',(-0.,0.,-1.));
#11786 = DIRECTION('',(-0.,-1.,0.));
#11787 = FACE_BOUND('',#11788,.F.);
#11788 = EDGE_LOOP('',(#11789));
#11789 = ORIENTED_EDGE('',*,*,#11790,.T.);
#11790 = EDGE_CURVE('',#11791,#11791,#11793,.T.);
#11791 = VERTEX_POINT('',#11792);
#11792 = CARTESIAN_POINT('',(132.084857,-104.259897,0.));
#11793 = CIRCLE('',#11794,0.51);
#11794 = AXIS2_PLACEMENT_3D('',#11795,#11796,#11797);
#11795 = CARTESIAN_POINT('',(132.084857,-103.749897,0.));
#11796 = DIRECTION('',(-0.,0.,-1.));
#11797 = DIRECTION('',(-0.,-1.,0.));
#11798 = FACE_BOUND('',#11799,.F.);
#11799 = EDGE_LOOP('',(#11800));
#11800 = ORIENTED_EDGE('',*,*,#11801,.T.);
#11801 = EDGE_CURVE('',#11802,#11802,#11804,.T.);
#11802 = VERTEX_POINT('',#11803);
#11803 = CARTESIAN_POINT('',(147.969857,-128.499897,0.));
#11804 = CIRCLE('',#11805,0.5);
#11805 = AXIS2_PLACEMENT_3D('',#11806,#11807,#11808);
#11806 = CARTESIAN_POINT('',(147.969857,-127.999897,0.));
#11807 = DIRECTION('',(-0.,0.,-1.));
#11808 = DIRECTION('',(-0.,-1.,0.));
#11809 = FACE_BOUND('',#11810,.F.);
#11810 = EDGE_LOOP('',(#11811));
#11811 = ORIENTED_EDGE('',*,*,#11812,.T.);
#11812 = EDGE_CURVE('',#11813,#11813,#11815,.T.);
#11813 = VERTEX_POINT('',#11814);
#11814 = CARTESIAN_POINT('',(150.509857,-128.499897,0.));
#11815 = CIRCLE('',#11816,0.5);
#11816 = AXIS2_PLACEMENT_3D('',#11817,#11818,#11819);
#11817 = CARTESIAN_POINT('',(150.509857,-127.999897,0.));
#11818 = DIRECTION('',(-0.,0.,-1.));
#11819 = DIRECTION('',(-0.,-1.,0.));
#11820 = FACE_BOUND('',#11821,.F.);
#11821 = EDGE_LOOP('',(#11822));
#11822 = ORIENTED_EDGE('',*,*,#11823,.T.);
#11823 = EDGE_CURVE('',#11824,#11824,#11826,.T.);
#11824 = VERTEX_POINT('',#11825);
#11825 = CARTESIAN_POINT('',(153.049857,-128.499897,0.));
#11826 = CIRCLE('',#11827,0.5);
#11827 = AXIS2_PLACEMENT_3D('',#11828,#11829,#11830);
#11828 = CARTESIAN_POINT('',(153.049857,-127.999897,0.));
#11829 = DIRECTION('',(-0.,0.,-1.));
#11830 = DIRECTION('',(-0.,-1.,0.));
#11831 = FACE_BOUND('',#11832,.F.);
#11832 = EDGE_LOOP('',(#11833));
#11833 = ORIENTED_EDGE('',*,*,#11834,.T.);
#11834 = EDGE_CURVE('',#11835,#11835,#11837,.T.);
#11835 = VERTEX_POINT('',#11836);
#11836 = CARTESIAN_POINT('',(155.589857,-128.499897,0.));
#11837 = CIRCLE('',#11838,0.5);
#11838 = AXIS2_PLACEMENT_3D('',#11839,#11840,#11841);
#11839 = CARTESIAN_POINT('',(155.589857,-127.999897,0.));
#11840 = DIRECTION('',(-0.,0.,-1.));
#11841 = DIRECTION('',(-0.,-1.,0.));
#11842 = FACE_BOUND('',#11843,.F.);
#11843 = EDGE_LOOP('',(#11844));
#11844 = ORIENTED_EDGE('',*,*,#11845,.T.);
#11845 = EDGE_CURVE('',#11846,#11846,#11848,.T.);
#11846 = VERTEX_POINT('',#11847);
#11847 = CARTESIAN_POINT('',(158.129857,-128.499897,0.));
#11848 = CIRCLE('',#11849,0.5);
#11849 = AXIS2_PLACEMENT_3D('',#11850,#11851,#11852);
#11850 = CARTESIAN_POINT('',(158.129857,-127.999897,0.));
#11851 = DIRECTION('',(-0.,0.,-1.));
#11852 = DIRECTION('',(-0.,-1.,0.));
#11853 = FACE_BOUND('',#11854,.F.);
#11854 = EDGE_LOOP('',(#11855));
#11855 = ORIENTED_EDGE('',*,*,#11856,.T.);
#11856 = EDGE_CURVE('',#11857,#11857,#11859,.T.);
#11857 = VERTEX_POINT('',#11858);
#11858 = CARTESIAN_POINT('',(160.669857,-128.499897,0.));
#11859 = CIRCLE('',#11860,0.5);
#11860 = AXIS2_PLACEMENT_3D('',#11861,#11862,#11863);
#11861 = CARTESIAN_POINT('',(160.669857,-127.999897,0.));
#11862 = DIRECTION('',(-0.,0.,-1.));
#11863 = DIRECTION('',(-0.,-1.,0.));
#11864 = FACE_BOUND('',#11865,.F.);
#11865 = EDGE_LOOP('',(#11866));
#11866 = ORIENTED_EDGE('',*,*,#11867,.T.);
#11867 = EDGE_CURVE('',#11868,#11868,#11870,.T.);
#11868 = VERTEX_POINT('',#11869);
#11869 = CARTESIAN_POINT('',(163.209857,-128.499897,0.));
#11870 = CIRCLE('',#11871,0.5);
#11871 = AXIS2_PLACEMENT_3D('',#11872,#11873,#11874);
#11872 = CARTESIAN_POINT('',(163.209857,-127.999897,0.));
#11873 = DIRECTION('',(-0.,0.,-1.));
#11874 = DIRECTION('',(-0.,-1.,0.));
#11875 = FACE_BOUND('',#11876,.F.);
#11876 = EDGE_LOOP('',(#11877));
#11877 = ORIENTED_EDGE('',*,*,#11878,.T.);
#11878 = EDGE_CURVE('',#11879,#11879,#11881,.T.);
#11879 = VERTEX_POINT('',#11880);
#11880 = CARTESIAN_POINT('',(165.749857,-128.499897,0.));
#11881 = CIRCLE('',#11882,0.5);
#11882 = AXIS2_PLACEMENT_3D('',#11883,#11884,#11885);
#11883 = CARTESIAN_POINT('',(165.749857,-127.999897,0.));
#11884 = DIRECTION('',(-0.,0.,-1.));
#11885 = DIRECTION('',(-0.,-1.,0.));
#11886 = FACE_BOUND('',#11887,.F.);
#11887 = EDGE_LOOP('',(#11888));
#11888 = ORIENTED_EDGE('',*,*,#11889,.T.);
#11889 = EDGE_CURVE('',#11890,#11890,#11892,.T.);
#11890 = VERTEX_POINT('',#11891);
#11891 = CARTESIAN_POINT('',(168.289857,-128.499897,0.));
#11892 = CIRCLE('',#11893,0.5);
#11893 = AXIS2_PLACEMENT_3D('',#11894,#11895,#11896);
#11894 = CARTESIAN_POINT('',(168.289857,-127.999897,0.));
#11895 = DIRECTION('',(-0.,0.,-1.));
#11896 = DIRECTION('',(-0.,-1.,0.));
#11897 = FACE_BOUND('',#11898,.F.);
#11898 = EDGE_LOOP('',(#11899));
#11899 = ORIENTED_EDGE('',*,*,#11900,.T.);
#11900 = EDGE_CURVE('',#11901,#11901,#11903,.T.);
#11901 = VERTEX_POINT('',#11902);
#11902 = CARTESIAN_POINT('',(170.829857,-128.499897,0.));
#11903 = CIRCLE('',#11904,0.5);
#11904 = AXIS2_PLACEMENT_3D('',#11905,#11906,#11907);
#11905 = CARTESIAN_POINT('',(170.829857,-127.999897,0.));
#11906 = DIRECTION('',(-0.,0.,-1.));
#11907 = DIRECTION('',(-0.,-1.,0.));
#11908 = FACE_BOUND('',#11909,.F.);
#11909 = EDGE_LOOP('',(#11910));
#11910 = ORIENTED_EDGE('',*,*,#11911,.T.);
#11911 = EDGE_CURVE('',#11912,#11912,#11914,.T.);
#11912 = VERTEX_POINT('',#11913);
#11913 = CARTESIAN_POINT('',(181.999857,-134.499897,0.));
#11914 = CIRCLE('',#11915,1.5);
#11915 = AXIS2_PLACEMENT_3D('',#11916,#11917,#11918);
#11916 = CARTESIAN_POINT('',(181.999857,-132.999897,0.));
#11917 = DIRECTION('',(-0.,0.,-1.));
#11918 = DIRECTION('',(-0.,-1.,0.));
#11919 = FACE_BOUND('',#11920,.F.);
#11920 = EDGE_LOOP('',(#11921));
#11921 = ORIENTED_EDGE('',*,*,#11922,.T.);
#11922 = EDGE_CURVE('',#11923,#11923,#11925,.T.);
#11923 = VERTEX_POINT('',#11924);
#11924 = CARTESIAN_POINT('',(176.249857,-128.599897,0.));
#11925 = CIRCLE('',#11926,0.35);
#11926 = AXIS2_PLACEMENT_3D('',#11927,#11928,#11929);
#11927 = CARTESIAN_POINT('',(176.249857,-128.249897,0.));
#11928 = DIRECTION('',(-0.,0.,-1.));
#11929 = DIRECTION('',(-0.,-1.,0.));
#11930 = FACE_BOUND('',#11931,.F.);
#11931 = EDGE_LOOP('',(#11932));
#11932 = ORIENTED_EDGE('',*,*,#11933,.T.);
#11933 = EDGE_CURVE('',#11934,#11934,#11936,.T.);
#11934 = VERTEX_POINT('',#11935);
#11935 = CARTESIAN_POINT('',(182.199857,-126.749897,0.));
#11936 = CIRCLE('',#11937,0.35);
#11937 = AXIS2_PLACEMENT_3D('',#11938,#11939,#11940);
#11938 = CARTESIAN_POINT('',(182.199857,-126.399897,0.));
#11939 = DIRECTION('',(-0.,0.,-1.));
#11940 = DIRECTION('',(-0.,-1.,0.));
#11941 = FACE_BOUND('',#11942,.F.);
#11942 = EDGE_LOOP('',(#11943));
#11943 = ORIENTED_EDGE('',*,*,#11944,.T.);
#11944 = EDGE_CURVE('',#11945,#11945,#11947,.T.);
#11945 = VERTEX_POINT('',#11946);
#11946 = CARTESIAN_POINT('',(183.569857,-123.634897,0.));
#11947 = CIRCLE('',#11948,0.635);
#11948 = AXIS2_PLACEMENT_3D('',#11949,#11950,#11951);
#11949 = CARTESIAN_POINT('',(183.569857,-122.999897,0.));
#11950 = DIRECTION('',(-0.,0.,-1.));
#11951 = DIRECTION('',(-0.,-1.,0.));
#11952 = FACE_BOUND('',#11953,.F.);
#11953 = EDGE_LOOP('',(#11954));
#11954 = ORIENTED_EDGE('',*,*,#11955,.T.);
#11955 = EDGE_CURVE('',#11956,#11956,#11958,.T.);
#11956 = VERTEX_POINT('',#11957);
#11957 = CARTESIAN_POINT('',(181.609857,-120.509897,0.));
#11958 = CIRCLE('',#11959,0.51);
#11959 = AXIS2_PLACEMENT_3D('',#11960,#11961,#11962);
#11960 = CARTESIAN_POINT('',(181.609857,-119.999897,0.));
#11961 = DIRECTION('',(-0.,0.,-1.));
#11962 = DIRECTION('',(5.57288420204E-14,-1.,-0.));
#11963 = FACE_BOUND('',#11964,.F.);
#11964 = EDGE_LOOP('',(#11965));
#11965 = ORIENTED_EDGE('',*,*,#11966,.T.);
#11966 = EDGE_CURVE('',#11967,#11967,#11969,.T.);
#11967 = VERTEX_POINT('',#11968);
#11968 = CARTESIAN_POINT('',(181.609857,-117.509897,0.));
#11969 = CIRCLE('',#11970,0.51);
#11970 = AXIS2_PLACEMENT_3D('',#11971,#11972,#11973);
#11971 = CARTESIAN_POINT('',(181.609857,-116.999897,0.));
#11972 = DIRECTION('',(-0.,0.,-1.));
#11973 = DIRECTION('',(5.57288420204E-14,-1.,-0.));
#11974 = FACE_BOUND('',#11975,.F.);
#11975 = EDGE_LOOP('',(#11976));
#11976 = ORIENTED_EDGE('',*,*,#11977,.T.);
#11977 = EDGE_CURVE('',#11978,#11978,#11980,.T.);
#11978 = VERTEX_POINT('',#11979);
#11979 = CARTESIAN_POINT('',(183.569857,-114.634897,0.));
#11980 = CIRCLE('',#11981,0.635);
#11981 = AXIS2_PLACEMENT_3D('',#11982,#11983,#11984);
#11982 = CARTESIAN_POINT('',(183.569857,-113.999897,0.));
#11983 = DIRECTION('',(-0.,0.,-1.));
#11984 = DIRECTION('',(-0.,-1.,0.));
#11985 = FACE_BOUND('',#11986,.F.);
#11986 = EDGE_LOOP('',(#11987));
#11987 = ORIENTED_EDGE('',*,*,#11988,.T.);
#11988 = EDGE_CURVE('',#11989,#11989,#11991,.T.);
#11989 = VERTEX_POINT('',#11990);
#11990 = CARTESIAN_POINT('',(129.084857,-101.259897,0.));
#11991 = CIRCLE('',#11992,0.51);
#11992 = AXIS2_PLACEMENT_3D('',#11993,#11994,#11995);
#11993 = CARTESIAN_POINT('',(129.084857,-100.749897,0.));
#11994 = DIRECTION('',(-0.,0.,-1.));
#11995 = DIRECTION('',(-0.,-1.,0.));
#11996 = FACE_BOUND('',#11997,.F.);
#11997 = EDGE_LOOP('',(#11998));
#11998 = ORIENTED_EDGE('',*,*,#11999,.T.);
#11999 = EDGE_CURVE('',#12000,#12000,#12002,.T.);
#12000 = VERTEX_POINT('',#12001);
#12001 = CARTESIAN_POINT('',(132.084857,-101.259897,0.));
#12002 = CIRCLE('',#12003,0.51);
#12003 = AXIS2_PLACEMENT_3D('',#12004,#12005,#12006);
#12004 = CARTESIAN_POINT('',(132.084857,-100.749897,0.));
#12005 = DIRECTION('',(-0.,0.,-1.));
#12006 = DIRECTION('',(-0.,-1.,0.));
#12007 = FACE_BOUND('',#12008,.F.);
#12008 = EDGE_LOOP('',(#12009));
#12009 = ORIENTED_EDGE('',*,*,#12010,.T.);
#12010 = EDGE_CURVE('',#12011,#12011,#12013,.T.);
#12011 = VERTEX_POINT('',#12012);
#12012 = CARTESIAN_POINT('',(129.084857,-98.259897,0.));
#12013 = CIRCLE('',#12014,0.51);
#12014 = AXIS2_PLACEMENT_3D('',#12015,#12016,#12017);
#12015 = CARTESIAN_POINT('',(129.084857,-97.749897,0.));
#12016 = DIRECTION('',(-0.,0.,-1.));
#12017 = DIRECTION('',(-0.,-1.,0.));
#12018 = FACE_BOUND('',#12019,.F.);
#12019 = EDGE_LOOP('',(#12020));
#12020 = ORIENTED_EDGE('',*,*,#12021,.T.);
#12021 = EDGE_CURVE('',#12022,#12022,#12024,.T.);
#12022 = VERTEX_POINT('',#12023);
#12023 = CARTESIAN_POINT('',(132.084857,-98.259897,0.));
#12024 = CIRCLE('',#12025,0.51);
#12025 = AXIS2_PLACEMENT_3D('',#12026,#12027,#12028);
#12026 = CARTESIAN_POINT('',(132.084857,-97.749897,0.));
#12027 = DIRECTION('',(-0.,0.,-1.));
#12028 = DIRECTION('',(-0.,-1.,0.));
#12029 = FACE_BOUND('',#12030,.F.);
#12030 = EDGE_LOOP('',(#12031));
#12031 = ORIENTED_EDGE('',*,*,#12032,.T.);
#12032 = EDGE_CURVE('',#12033,#12033,#12035,.T.);
#12033 = VERTEX_POINT('',#12034);
#12034 = CARTESIAN_POINT('',(124.764857,-95.389897,0.));
#12035 = CIRCLE('',#12036,1.5);
#12036 = AXIS2_PLACEMENT_3D('',#12037,#12038,#12039);
#12037 = CARTESIAN_POINT('',(124.764857,-93.889897,0.));
#12038 = DIRECTION('',(-0.,0.,-1.));
#12039 = DIRECTION('',(-0.,-1.,0.));
#12040 = FACE_BOUND('',#12041,.F.);
#12041 = EDGE_LOOP('',(#12042));
#12042 = ORIENTED_EDGE('',*,*,#12043,.T.);
#12043 = EDGE_CURVE('',#12044,#12044,#12046,.T.);
#12044 = VERTEX_POINT('',#12045);
#12045 = CARTESIAN_POINT('',(129.084857,-95.259897,0.));
#12046 = CIRCLE('',#12047,0.51);
#12047 = AXIS2_PLACEMENT_3D('',#12048,#12049,#12050);
#12048 = CARTESIAN_POINT('',(129.084857,-94.749897,0.));
#12049 = DIRECTION('',(-0.,0.,-1.));
#12050 = DIRECTION('',(-0.,-1.,0.));
#12051 = FACE_BOUND('',#12052,.F.);
#12052 = EDGE_LOOP('',(#12053));
#12053 = ORIENTED_EDGE('',*,*,#12054,.T.);
#12054 = EDGE_CURVE('',#12055,#12055,#12057,.T.);
#12055 = VERTEX_POINT('',#12056);
#12056 = CARTESIAN_POINT('',(132.084857,-95.259897,0.));
#12057 = CIRCLE('',#12058,0.51);
#12058 = AXIS2_PLACEMENT_3D('',#12059,#12060,#12061);
#12059 = CARTESIAN_POINT('',(132.084857,-94.749897,0.));
#12060 = DIRECTION('',(-0.,0.,-1.));
#12061 = DIRECTION('',(-0.,-1.,0.));
#12062 = FACE_BOUND('',#12063,.F.);
#12063 = EDGE_LOOP('',(#12064));
#12064 = ORIENTED_EDGE('',*,*,#12065,.T.);
#12065 = EDGE_CURVE('',#12066,#12066,#12068,.T.);
#12066 = VERTEX_POINT('',#12067);
#12067 = CARTESIAN_POINT('',(129.084857,-92.259897,0.));
#12068 = CIRCLE('',#12069,0.51);
#12069 = AXIS2_PLACEMENT_3D('',#12070,#12071,#12072);
#12070 = CARTESIAN_POINT('',(129.084857,-91.749897,0.));
#12071 = DIRECTION('',(-0.,0.,-1.));
#12072 = DIRECTION('',(-0.,-1.,0.));
#12073 = FACE_BOUND('',#12074,.F.);
#12074 = EDGE_LOOP('',(#12075));
#12075 = ORIENTED_EDGE('',*,*,#12076,.T.);
#12076 = EDGE_CURVE('',#12077,#12077,#12079,.T.);
#12077 = VERTEX_POINT('',#12078);
#12078 = CARTESIAN_POINT('',(132.084857,-92.259897,0.));
#12079 = CIRCLE('',#12080,0.51);
#12080 = AXIS2_PLACEMENT_3D('',#12081,#12082,#12083);
#12081 = CARTESIAN_POINT('',(132.084857,-91.749897,0.));
#12082 = DIRECTION('',(-0.,0.,-1.));
#12083 = DIRECTION('',(-0.,-1.,0.));
#12084 = FACE_BOUND('',#12085,.F.);
#12085 = EDGE_LOOP('',(#12086));
#12086 = ORIENTED_EDGE('',*,*,#12087,.T.);
#12087 = EDGE_CURVE('',#12088,#12088,#12090,.T.);
#12088 = VERTEX_POINT('',#12089);
#12089 = CARTESIAN_POINT('',(102.999857,-74.499897,0.));
#12090 = CIRCLE('',#12091,1.5);
#12091 = AXIS2_PLACEMENT_3D('',#12092,#12093,#12094);
#12092 = CARTESIAN_POINT('',(102.999857,-72.999897,0.));
#12093 = DIRECTION('',(-0.,0.,-1.));
#12094 = DIRECTION('',(-0.,-1.,0.));
#12095 = FACE_BOUND('',#12096,.F.);
#12096 = EDGE_LOOP('',(#12097));
#12097 = ORIENTED_EDGE('',*,*,#12098,.T.);
#12098 = EDGE_CURVE('',#12099,#12099,#12101,.T.);
#12099 = VERTEX_POINT('',#12100);
#12100 = CARTESIAN_POINT('',(147.999857,-78.499897,0.));
#12101 = CIRCLE('',#12102,0.5);
#12102 = AXIS2_PLACEMENT_3D('',#12103,#12104,#12105);
#12103 = CARTESIAN_POINT('',(147.999857,-77.999897,0.));
#12104 = DIRECTION('',(-0.,0.,-1.));
#12105 = DIRECTION('',(-0.,-1.,0.));
#12106 = FACE_BOUND('',#12107,.F.);
#12107 = EDGE_LOOP('',(#12108));
#12108 = ORIENTED_EDGE('',*,*,#12109,.T.);
#12109 = EDGE_CURVE('',#12110,#12110,#12112,.T.);
#12110 = VERTEX_POINT('',#12111);
#12111 = CARTESIAN_POINT('',(150.539857,-78.499897,0.));
#12112 = CIRCLE('',#12113,0.5);
#12113 = AXIS2_PLACEMENT_3D('',#12114,#12115,#12116);
#12114 = CARTESIAN_POINT('',(150.539857,-77.999897,0.));
#12115 = DIRECTION('',(-0.,0.,-1.));
#12116 = DIRECTION('',(-0.,-1.,0.));
#12117 = FACE_BOUND('',#12118,.F.);
#12118 = EDGE_LOOP('',(#12119));
#12119 = ORIENTED_EDGE('',*,*,#12120,.T.);
#12120 = EDGE_CURVE('',#12121,#12121,#12123,.T.);
#12121 = VERTEX_POINT('',#12122);
#12122 = CARTESIAN_POINT('',(153.079857,-78.499897,0.));
#12123 = CIRCLE('',#12124,0.5);
#12124 = AXIS2_PLACEMENT_3D('',#12125,#12126,#12127);
#12125 = CARTESIAN_POINT('',(153.079857,-77.999897,0.));
#12126 = DIRECTION('',(-0.,0.,-1.));
#12127 = DIRECTION('',(-0.,-1.,0.));
#12128 = FACE_BOUND('',#12129,.F.);
#12129 = EDGE_LOOP('',(#12130));
#12130 = ORIENTED_EDGE('',*,*,#12131,.T.);
#12131 = EDGE_CURVE('',#12132,#12132,#12134,.T.);
#12132 = VERTEX_POINT('',#12133);
#12133 = CARTESIAN_POINT('',(155.619857,-78.499897,0.));
#12134 = CIRCLE('',#12135,0.5);
#12135 = AXIS2_PLACEMENT_3D('',#12136,#12137,#12138);
#12136 = CARTESIAN_POINT('',(155.619857,-77.999897,0.));
#12137 = DIRECTION('',(-0.,0.,-1.));
#12138 = DIRECTION('',(-0.,-1.,0.));
#12139 = FACE_BOUND('',#12140,.F.);
#12140 = EDGE_LOOP('',(#12141));
#12141 = ORIENTED_EDGE('',*,*,#12142,.T.);
#12142 = EDGE_CURVE('',#12143,#12143,#12145,.T.);
#12143 = VERTEX_POINT('',#12144);
#12144 = CARTESIAN_POINT('',(158.159857,-78.499897,0.));
#12145 = CIRCLE('',#12146,0.5);
#12146 = AXIS2_PLACEMENT_3D('',#12147,#12148,#12149);
#12147 = CARTESIAN_POINT('',(158.159857,-77.999897,0.));
#12148 = DIRECTION('',(-0.,0.,-1.));
#12149 = DIRECTION('',(-0.,-1.,0.));
#12150 = FACE_BOUND('',#12151,.F.);
#12151 = EDGE_LOOP('',(#12152));
#12152 = ORIENTED_EDGE('',*,*,#12153,.T.);
#12153 = EDGE_CURVE('',#12154,#12154,#12156,.T.);
#12154 = VERTEX_POINT('',#12155);
#12155 = CARTESIAN_POINT('',(160.699857,-78.499897,0.));
#12156 = CIRCLE('',#12157,0.5);
#12157 = AXIS2_PLACEMENT_3D('',#12158,#12159,#12160);
#12158 = CARTESIAN_POINT('',(160.699857,-77.999897,0.));
#12159 = DIRECTION('',(-0.,0.,-1.));
#12160 = DIRECTION('',(-0.,-1.,0.));
#12161 = FACE_BOUND('',#12162,.F.);
#12162 = EDGE_LOOP('',(#12163));
#12163 = ORIENTED_EDGE('',*,*,#12164,.T.);
#12164 = EDGE_CURVE('',#12165,#12165,#12167,.T.);
#12165 = VERTEX_POINT('',#12166);
#12166 = CARTESIAN_POINT('',(163.239857,-78.499897,0.));
#12167 = CIRCLE('',#12168,0.5);
#12168 = AXIS2_PLACEMENT_3D('',#12169,#12170,#12171);
#12169 = CARTESIAN_POINT('',(163.239857,-77.999897,0.));
#12170 = DIRECTION('',(-0.,0.,-1.));
#12171 = DIRECTION('',(-0.,-1.,0.));
#12172 = FACE_BOUND('',#12173,.F.);
#12173 = EDGE_LOOP('',(#12174));
#12174 = ORIENTED_EDGE('',*,*,#12175,.T.);
#12175 = EDGE_CURVE('',#12176,#12176,#12178,.T.);
#12176 = VERTEX_POINT('',#12177);
#12177 = CARTESIAN_POINT('',(165.779857,-78.499897,0.));
#12178 = CIRCLE('',#12179,0.5);
#12179 = AXIS2_PLACEMENT_3D('',#12180,#12181,#12182);
#12180 = CARTESIAN_POINT('',(165.779857,-77.999897,0.));
#12181 = DIRECTION('',(-0.,0.,-1.));
#12182 = DIRECTION('',(-0.,-1.,0.));
#12183 = FACE_BOUND('',#12184,.F.);
#12184 = EDGE_LOOP('',(#12185));
#12185 = ORIENTED_EDGE('',*,*,#12186,.T.);
#12186 = EDGE_CURVE('',#12187,#12187,#12189,.T.);
#12187 = VERTEX_POINT('',#12188);
#12188 = CARTESIAN_POINT('',(168.319857,-78.499897,0.));
#12189 = CIRCLE('',#12190,0.5);
#12190 = AXIS2_PLACEMENT_3D('',#12191,#12192,#12193);
#12191 = CARTESIAN_POINT('',(168.319857,-77.999897,0.));
#12192 = DIRECTION('',(-0.,0.,-1.));
#12193 = DIRECTION('',(-0.,-1.,0.));
#12194 = FACE_BOUND('',#12195,.F.);
#12195 = EDGE_LOOP('',(#12196));
#12196 = ORIENTED_EDGE('',*,*,#12197,.T.);
#12197 = EDGE_CURVE('',#12198,#12198,#12200,.T.);
#12198 = VERTEX_POINT('',#12199);
#12199 = CARTESIAN_POINT('',(170.859857,-78.499897,0.));
#12200 = CIRCLE('',#12201,0.5);
#12201 = AXIS2_PLACEMENT_3D('',#12202,#12203,#12204);
#12202 = CARTESIAN_POINT('',(170.859857,-77.999897,0.));
#12203 = DIRECTION('',(-0.,0.,-1.));
#12204 = DIRECTION('',(-0.,-1.,0.));
#12205 = FACE_BOUND('',#12206,.F.);
#12206 = EDGE_LOOP('',(#12207));
#12207 = ORIENTED_EDGE('',*,*,#12208,.T.);
#12208 = EDGE_CURVE('',#12209,#12209,#12211,.T.);
#12209 = VERTEX_POINT('',#12210);
#12210 = CARTESIAN_POINT('',(181.999857,-74.499897,0.));
#12211 = CIRCLE('',#12212,1.5);
#12212 = AXIS2_PLACEMENT_3D('',#12213,#12214,#12215);
#12213 = CARTESIAN_POINT('',(181.999857,-72.999897,0.));
#12214 = DIRECTION('',(-0.,0.,-1.));
#12215 = DIRECTION('',(-0.,-1.,0.));
#12216 = PLANE('',#12217);
#12217 = AXIS2_PLACEMENT_3D('',#12218,#12219,#12220);
#12218 = CARTESIAN_POINT('',(0.,0.,0.));
#12219 = DIRECTION('',(0.,0.,1.));
#12220 = DIRECTION('',(1.,0.,-0.));
#12221 = ADVANCED_FACE('',(#12222,#12336,#12347,#12358,#12369,#12380,
    #12391,#12402,#12413,#12424,#12435,#12446,#12457,#12468,#12479,
    #12490,#12501,#12512,#12523,#12534,#12545,#12556,#12567,#12578,
    #12589,#12600,#12611,#12622,#12633,#12644,#12655,#12666,#12677,
    #12688,#12699,#12710,#12721,#12732,#12743,#12754,#12765,#12776,
    #12787,#12798,#12809,#12820,#12831,#12842,#12853,#12864,#12875,
    #12886),#12897,.T.);
#12222 = FACE_BOUND('',#12223,.T.);
#12223 = EDGE_LOOP('',(#12224,#12225,#12226,#12235,#12243,#12252,#12260,
    #12269,#12277,#12286,#12294,#12303,#12311,#12320,#12328,#12335));
#12224 = ORIENTED_EDGE('',*,*,#11450,.F.);
#12225 = ORIENTED_EDGE('',*,*,#11492,.F.);
#12226 = ORIENTED_EDGE('',*,*,#12227,.F.);
#12227 = EDGE_CURVE('',#12228,#11485,#12230,.T.);
#12228 = VERTEX_POINT('',#12229);
#12229 = CARTESIAN_POINT('',(99.999857,-72.999897,1.51));
#12230 = CIRCLE('',#12231,3.000001172987);
#12231 = AXIS2_PLACEMENT_3D('',#12232,#12233,#12234);
#12232 = CARTESIAN_POINT('',(102.99985817298,-72.99989817298,1.51));
#12233 = DIRECTION('',(0.,0.,-1.));
#12234 = DIRECTION('',(-1.,3.909953568695E-07,0.));
#12235 = ORIENTED_EDGE('',*,*,#12236,.F.);
#12236 = EDGE_CURVE('',#12237,#12228,#12239,.T.);
#12237 = VERTEX_POINT('',#12238);
#12238 = CARTESIAN_POINT('',(99.999857,-74.999897,1.51));
#12239 = LINE('',#12240,#12241);
#12240 = CARTESIAN_POINT('',(99.999857,-74.999897,1.51));
#12241 = VECTOR('',#12242,1.);
#12242 = DIRECTION('',(0.,1.,0.));
#12243 = ORIENTED_EDGE('',*,*,#12244,.F.);
#12244 = EDGE_CURVE('',#12245,#12237,#12247,.T.);
#12245 = VERTEX_POINT('',#12246);
#12246 = CARTESIAN_POINT('',(102.999857,-77.999897,1.51));
#12247 = CIRCLE('',#12248,3.000001172987);
#12248 = AXIS2_PLACEMENT_3D('',#12249,#12250,#12251);
#12249 = CARTESIAN_POINT('',(102.99985817298,-74.99989582701,1.51));
#12250 = DIRECTION('',(0.,0.,-1.));
#12251 = DIRECTION('',(-3.909953616065E-07,-1.,-0.));
#12252 = ORIENTED_EDGE('',*,*,#12253,.F.);
#12253 = EDGE_CURVE('',#12254,#12245,#12256,.T.);
#12254 = VERTEX_POINT('',#12255);
#12255 = CARTESIAN_POINT('',(116.999857,-77.999897,1.51));
#12256 = LINE('',#12257,#12258);
#12257 = CARTESIAN_POINT('',(116.999857,-77.999897,1.51));
#12258 = VECTOR('',#12259,1.);
#12259 = DIRECTION('',(-1.,0.,0.));
#12260 = ORIENTED_EDGE('',*,*,#12261,.F.);
#12261 = EDGE_CURVE('',#12262,#12254,#12264,.T.);
#12262 = VERTEX_POINT('',#12263);
#12263 = CARTESIAN_POINT('',(119.999857,-80.999897,1.51));
#12264 = CIRCLE('',#12265,3.000001172987);
#12265 = AXIS2_PLACEMENT_3D('',#12266,#12267,#12268);
#12266 = CARTESIAN_POINT('',(116.99985582701,-80.99989817298,1.51));
#12267 = DIRECTION('',(0.,0.,1.));
#12268 = DIRECTION('',(1.,3.909953663434E-07,-0.));
#12269 = ORIENTED_EDGE('',*,*,#12270,.F.);
#12270 = EDGE_CURVE('',#12271,#12262,#12273,.T.);
#12271 = VERTEX_POINT('',#12272);
#12272 = CARTESIAN_POINT('',(119.999857,-124.999897,1.51));
#12273 = LINE('',#12274,#12275);
#12274 = CARTESIAN_POINT('',(119.999857,-124.999897,1.51));
#12275 = VECTOR('',#12276,1.);
#12276 = DIRECTION('',(0.,1.,0.));
#12277 = ORIENTED_EDGE('',*,*,#12278,.F.);
#12278 = EDGE_CURVE('',#12279,#12271,#12281,.T.);
#12279 = VERTEX_POINT('',#12280);
#12280 = CARTESIAN_POINT('',(116.999857,-127.999897,1.51));
#12281 = CIRCLE('',#12282,3.000001172987);
#12282 = AXIS2_PLACEMENT_3D('',#12283,#12284,#12285);
#12283 = CARTESIAN_POINT('',(116.99985582701,-124.999895827,1.51));
#12284 = DIRECTION('',(0.,0.,1.));
#12285 = DIRECTION('',(3.909953663434E-07,-1.,0.));
#12286 = ORIENTED_EDGE('',*,*,#12287,.F.);
#12287 = EDGE_CURVE('',#12288,#12279,#12290,.T.);
#12288 = VERTEX_POINT('',#12289);
#12289 = CARTESIAN_POINT('',(102.999857,-127.999897,1.51));
#12290 = LINE('',#12291,#12292);
#12291 = CARTESIAN_POINT('',(102.999857,-127.999897,1.51));
#12292 = VECTOR('',#12293,1.);
#12293 = DIRECTION('',(1.,0.,0.));
#12294 = ORIENTED_EDGE('',*,*,#12295,.F.);
#12295 = EDGE_CURVE('',#12296,#12288,#12298,.T.);
#12296 = VERTEX_POINT('',#12297);
#12297 = CARTESIAN_POINT('',(99.999857,-130.999897,1.51));
#12298 = CIRCLE('',#12299,3.000001172987);
#12299 = AXIS2_PLACEMENT_3D('',#12300,#12301,#12302);
#12300 = CARTESIAN_POINT('',(102.99985817298,-130.9998981729,1.51));
#12301 = DIRECTION('',(0.,0.,-1.));
#12302 = DIRECTION('',(-1.,3.909953521326E-07,0.));
#12303 = ORIENTED_EDGE('',*,*,#12304,.F.);
#12304 = EDGE_CURVE('',#12305,#12296,#12307,.T.);
#12305 = VERTEX_POINT('',#12306);
#12306 = CARTESIAN_POINT('',(99.999857,-132.999897,1.51));
#12307 = LINE('',#12308,#12309);
#12308 = CARTESIAN_POINT('',(99.999857,-132.999897,1.51));
#12309 = VECTOR('',#12310,1.);
#12310 = DIRECTION('',(0.,1.,0.));
#12311 = ORIENTED_EDGE('',*,*,#12312,.F.);
#12312 = EDGE_CURVE('',#12313,#12305,#12315,.T.);
#12313 = VERTEX_POINT('',#12314);
#12314 = CARTESIAN_POINT('',(102.999857,-135.999897,1.51));
#12315 = CIRCLE('',#12316,3.000001172987);
#12316 = AXIS2_PLACEMENT_3D('',#12317,#12318,#12319);
#12317 = CARTESIAN_POINT('',(102.99985817298,-132.999895827,1.51));
#12318 = DIRECTION('',(0.,0.,-1.));
#12319 = DIRECTION('',(-3.909953616065E-07,-1.,-0.));
#12320 = ORIENTED_EDGE('',*,*,#12321,.F.);
#12321 = EDGE_CURVE('',#12322,#12313,#12324,.T.);
#12322 = VERTEX_POINT('',#12323);
#12323 = CARTESIAN_POINT('',(181.999857,-135.999897,1.51));
#12324 = LINE('',#12325,#12326);
#12325 = CARTESIAN_POINT('',(181.999857,-135.999897,1.51));
#12326 = VECTOR('',#12327,1.);
#12327 = DIRECTION('',(-1.,0.,0.));
#12328 = ORIENTED_EDGE('',*,*,#12329,.F.);
#12329 = EDGE_CURVE('',#11515,#12322,#12330,.T.);
#12330 = CIRCLE('',#12331,3.003949087059);
#12331 = AXIS2_PLACEMENT_3D('',#12332,#12333,#12334);
#12332 = CARTESIAN_POINT('',(181.99985536729,-132.9959479129,1.51));
#12333 = DIRECTION('',(0.,0.,-1.));
#12334 = DIRECTION('',(0.998685911699,-5.12489002298E-02,0.));
#12335 = ORIENTED_EDGE('',*,*,#11514,.F.);
#12336 = FACE_BOUND('',#12337,.T.);
#12337 = EDGE_LOOP('',(#12338));
#12338 = ORIENTED_EDGE('',*,*,#12339,.T.);
#12339 = EDGE_CURVE('',#12340,#12340,#12342,.T.);
#12340 = VERTEX_POINT('',#12341);
#12341 = CARTESIAN_POINT('',(102.999857,-134.499897,1.51));
#12342 = CIRCLE('',#12343,1.5);
#12343 = AXIS2_PLACEMENT_3D('',#12344,#12345,#12346);
#12344 = CARTESIAN_POINT('',(102.999857,-132.999897,1.51));
#12345 = DIRECTION('',(-0.,0.,-1.));
#12346 = DIRECTION('',(-0.,-1.,0.));
#12347 = FACE_BOUND('',#12348,.T.);
#12348 = EDGE_LOOP('',(#12349));
#12349 = ORIENTED_EDGE('',*,*,#12350,.T.);
#12350 = EDGE_CURVE('',#12351,#12351,#12353,.T.);
#12351 = VERTEX_POINT('',#12352);
#12352 = CARTESIAN_POINT('',(131.199857,-133.949897,1.51));
#12353 = CIRCLE('',#12354,0.35);
#12354 = AXIS2_PLACEMENT_3D('',#12355,#12356,#12357);
#12355 = CARTESIAN_POINT('',(131.199857,-133.599897,1.51));
#12356 = DIRECTION('',(-0.,0.,-1.));
#12357 = DIRECTION('',(-0.,-1.,0.));
#12358 = FACE_BOUND('',#12359,.T.);
#12359 = EDGE_LOOP('',(#12360));
#12360 = ORIENTED_EDGE('',*,*,#12361,.T.);
#12361 = EDGE_CURVE('',#12362,#12362,#12364,.T.);
#12362 = VERTEX_POINT('',#12363);
#12363 = CARTESIAN_POINT('',(129.084857,-116.259897,1.51));
#12364 = CIRCLE('',#12365,0.51);
#12365 = AXIS2_PLACEMENT_3D('',#12366,#12367,#12368);
#12366 = CARTESIAN_POINT('',(129.084857,-115.749897,1.51));
#12367 = DIRECTION('',(-0.,0.,-1.));
#12368 = DIRECTION('',(-0.,-1.,0.));
#12369 = FACE_BOUND('',#12370,.T.);
#12370 = EDGE_LOOP('',(#12371));
#12371 = ORIENTED_EDGE('',*,*,#12372,.T.);
#12372 = EDGE_CURVE('',#12373,#12373,#12375,.T.);
#12373 = VERTEX_POINT('',#12374);
#12374 = CARTESIAN_POINT('',(132.084857,-116.259897,1.51));
#12375 = CIRCLE('',#12376,0.51);
#12376 = AXIS2_PLACEMENT_3D('',#12377,#12378,#12379);
#12377 = CARTESIAN_POINT('',(132.084857,-115.749897,1.51));
#12378 = DIRECTION('',(-0.,0.,-1.));
#12379 = DIRECTION('',(-0.,-1.,0.));
#12380 = FACE_BOUND('',#12381,.T.);
#12381 = EDGE_LOOP('',(#12382));
#12382 = ORIENTED_EDGE('',*,*,#12383,.T.);
#12383 = EDGE_CURVE('',#12384,#12384,#12386,.T.);
#12384 = VERTEX_POINT('',#12385);
#12385 = CARTESIAN_POINT('',(124.764857,-115.089897,1.51));
#12386 = CIRCLE('',#12387,1.5);
#12387 = AXIS2_PLACEMENT_3D('',#12388,#12389,#12390);
#12388 = CARTESIAN_POINT('',(124.764857,-113.589897,1.51));
#12389 = DIRECTION('',(-0.,0.,-1.));
#12390 = DIRECTION('',(-0.,-1.,0.));
#12391 = FACE_BOUND('',#12392,.T.);
#12392 = EDGE_LOOP('',(#12393));
#12393 = ORIENTED_EDGE('',*,*,#12394,.T.);
#12394 = EDGE_CURVE('',#12395,#12395,#12397,.T.);
#12395 = VERTEX_POINT('',#12396);
#12396 = CARTESIAN_POINT('',(129.084857,-113.259897,1.51));
#12397 = CIRCLE('',#12398,0.51);
#12398 = AXIS2_PLACEMENT_3D('',#12399,#12400,#12401);
#12399 = CARTESIAN_POINT('',(129.084857,-112.749897,1.51));
#12400 = DIRECTION('',(-0.,0.,-1.));
#12401 = DIRECTION('',(-0.,-1.,0.));
#12402 = FACE_BOUND('',#12403,.T.);
#12403 = EDGE_LOOP('',(#12404));
#12404 = ORIENTED_EDGE('',*,*,#12405,.T.);
#12405 = EDGE_CURVE('',#12406,#12406,#12408,.T.);
#12406 = VERTEX_POINT('',#12407);
#12407 = CARTESIAN_POINT('',(132.084857,-113.259897,1.51));
#12408 = CIRCLE('',#12409,0.51);
#12409 = AXIS2_PLACEMENT_3D('',#12410,#12411,#12412);
#12410 = CARTESIAN_POINT('',(132.084857,-112.749897,1.51));
#12411 = DIRECTION('',(-0.,0.,-1.));
#12412 = DIRECTION('',(-0.,-1.,0.));
#12413 = FACE_BOUND('',#12414,.T.);
#12414 = EDGE_LOOP('',(#12415));
#12415 = ORIENTED_EDGE('',*,*,#12416,.T.);
#12416 = EDGE_CURVE('',#12417,#12417,#12419,.T.);
#12417 = VERTEX_POINT('',#12418);
#12418 = CARTESIAN_POINT('',(129.084857,-110.259897,1.51));
#12419 = CIRCLE('',#12420,0.51);
#12420 = AXIS2_PLACEMENT_3D('',#12421,#12422,#12423);
#12421 = CARTESIAN_POINT('',(129.084857,-109.749897,1.51));
#12422 = DIRECTION('',(-0.,0.,-1.));
#12423 = DIRECTION('',(-0.,-1.,0.));
#12424 = FACE_BOUND('',#12425,.T.);
#12425 = EDGE_LOOP('',(#12426));
#12426 = ORIENTED_EDGE('',*,*,#12427,.T.);
#12427 = EDGE_CURVE('',#12428,#12428,#12430,.T.);
#12428 = VERTEX_POINT('',#12429);
#12429 = CARTESIAN_POINT('',(132.084857,-110.259897,1.51));
#12430 = CIRCLE('',#12431,0.51);
#12431 = AXIS2_PLACEMENT_3D('',#12432,#12433,#12434);
#12432 = CARTESIAN_POINT('',(132.084857,-109.749897,1.51));
#12433 = DIRECTION('',(-0.,0.,-1.));
#12434 = DIRECTION('',(-0.,-1.,0.));
#12435 = FACE_BOUND('',#12436,.T.);
#12436 = EDGE_LOOP('',(#12437));
#12437 = ORIENTED_EDGE('',*,*,#12438,.T.);
#12438 = EDGE_CURVE('',#12439,#12439,#12441,.T.);
#12439 = VERTEX_POINT('',#12440);
#12440 = CARTESIAN_POINT('',(129.084857,-107.259897,1.51));
#12441 = CIRCLE('',#12442,0.51);
#12442 = AXIS2_PLACEMENT_3D('',#12443,#12444,#12445);
#12443 = CARTESIAN_POINT('',(129.084857,-106.749897,1.51));
#12444 = DIRECTION('',(-0.,0.,-1.));
#12445 = DIRECTION('',(-0.,-1.,0.));
#12446 = FACE_BOUND('',#12447,.T.);
#12447 = EDGE_LOOP('',(#12448));
#12448 = ORIENTED_EDGE('',*,*,#12449,.T.);
#12449 = EDGE_CURVE('',#12450,#12450,#12452,.T.);
#12450 = VERTEX_POINT('',#12451);
#12451 = CARTESIAN_POINT('',(132.084857,-107.259897,1.51));
#12452 = CIRCLE('',#12453,0.51);
#12453 = AXIS2_PLACEMENT_3D('',#12454,#12455,#12456);
#12454 = CARTESIAN_POINT('',(132.084857,-106.749897,1.51));
#12455 = DIRECTION('',(-0.,0.,-1.));
#12456 = DIRECTION('',(-0.,-1.,0.));
#12457 = FACE_BOUND('',#12458,.T.);
#12458 = EDGE_LOOP('',(#12459));
#12459 = ORIENTED_EDGE('',*,*,#12460,.T.);
#12460 = EDGE_CURVE('',#12461,#12461,#12463,.T.);
#12461 = VERTEX_POINT('',#12462);
#12462 = CARTESIAN_POINT('',(129.084857,-104.259897,1.51));
#12463 = CIRCLE('',#12464,0.51);
#12464 = AXIS2_PLACEMENT_3D('',#12465,#12466,#12467);
#12465 = CARTESIAN_POINT('',(129.084857,-103.749897,1.51));
#12466 = DIRECTION('',(-0.,0.,-1.));
#12467 = DIRECTION('',(-0.,-1.,0.));
#12468 = FACE_BOUND('',#12469,.T.);
#12469 = EDGE_LOOP('',(#12470));
#12470 = ORIENTED_EDGE('',*,*,#12471,.T.);
#12471 = EDGE_CURVE('',#12472,#12472,#12474,.T.);
#12472 = VERTEX_POINT('',#12473);
#12473 = CARTESIAN_POINT('',(132.084857,-104.259897,1.51));
#12474 = CIRCLE('',#12475,0.51);
#12475 = AXIS2_PLACEMENT_3D('',#12476,#12477,#12478);
#12476 = CARTESIAN_POINT('',(132.084857,-103.749897,1.51));
#12477 = DIRECTION('',(-0.,0.,-1.));
#12478 = DIRECTION('',(-0.,-1.,0.));
#12479 = FACE_BOUND('',#12480,.T.);
#12480 = EDGE_LOOP('',(#12481));
#12481 = ORIENTED_EDGE('',*,*,#12482,.T.);
#12482 = EDGE_CURVE('',#12483,#12483,#12485,.T.);
#12483 = VERTEX_POINT('',#12484);
#12484 = CARTESIAN_POINT('',(147.969857,-128.499897,1.51));
#12485 = CIRCLE('',#12486,0.5);
#12486 = AXIS2_PLACEMENT_3D('',#12487,#12488,#12489);
#12487 = CARTESIAN_POINT('',(147.969857,-127.999897,1.51));
#12488 = DIRECTION('',(-0.,0.,-1.));
#12489 = DIRECTION('',(-0.,-1.,0.));
#12490 = FACE_BOUND('',#12491,.T.);
#12491 = EDGE_LOOP('',(#12492));
#12492 = ORIENTED_EDGE('',*,*,#12493,.T.);
#12493 = EDGE_CURVE('',#12494,#12494,#12496,.T.);
#12494 = VERTEX_POINT('',#12495);
#12495 = CARTESIAN_POINT('',(150.509857,-128.499897,1.51));
#12496 = CIRCLE('',#12497,0.5);
#12497 = AXIS2_PLACEMENT_3D('',#12498,#12499,#12500);
#12498 = CARTESIAN_POINT('',(150.509857,-127.999897,1.51));
#12499 = DIRECTION('',(-0.,0.,-1.));
#12500 = DIRECTION('',(-0.,-1.,0.));
#12501 = FACE_BOUND('',#12502,.T.);
#12502 = EDGE_LOOP('',(#12503));
#12503 = ORIENTED_EDGE('',*,*,#12504,.T.);
#12504 = EDGE_CURVE('',#12505,#12505,#12507,.T.);
#12505 = VERTEX_POINT('',#12506);
#12506 = CARTESIAN_POINT('',(153.049857,-128.499897,1.51));
#12507 = CIRCLE('',#12508,0.5);
#12508 = AXIS2_PLACEMENT_3D('',#12509,#12510,#12511);
#12509 = CARTESIAN_POINT('',(153.049857,-127.999897,1.51));
#12510 = DIRECTION('',(-0.,0.,-1.));
#12511 = DIRECTION('',(-0.,-1.,0.));
#12512 = FACE_BOUND('',#12513,.T.);
#12513 = EDGE_LOOP('',(#12514));
#12514 = ORIENTED_EDGE('',*,*,#12515,.T.);
#12515 = EDGE_CURVE('',#12516,#12516,#12518,.T.);
#12516 = VERTEX_POINT('',#12517);
#12517 = CARTESIAN_POINT('',(155.589857,-128.499897,1.51));
#12518 = CIRCLE('',#12519,0.5);
#12519 = AXIS2_PLACEMENT_3D('',#12520,#12521,#12522);
#12520 = CARTESIAN_POINT('',(155.589857,-127.999897,1.51));
#12521 = DIRECTION('',(-0.,0.,-1.));
#12522 = DIRECTION('',(-0.,-1.,0.));
#12523 = FACE_BOUND('',#12524,.T.);
#12524 = EDGE_LOOP('',(#12525));
#12525 = ORIENTED_EDGE('',*,*,#12526,.T.);
#12526 = EDGE_CURVE('',#12527,#12527,#12529,.T.);
#12527 = VERTEX_POINT('',#12528);
#12528 = CARTESIAN_POINT('',(158.129857,-128.499897,1.51));
#12529 = CIRCLE('',#12530,0.5);
#12530 = AXIS2_PLACEMENT_3D('',#12531,#12532,#12533);
#12531 = CARTESIAN_POINT('',(158.129857,-127.999897,1.51));
#12532 = DIRECTION('',(-0.,0.,-1.));
#12533 = DIRECTION('',(-0.,-1.,0.));
#12534 = FACE_BOUND('',#12535,.T.);
#12535 = EDGE_LOOP('',(#12536));
#12536 = ORIENTED_EDGE('',*,*,#12537,.T.);
#12537 = EDGE_CURVE('',#12538,#12538,#12540,.T.);
#12538 = VERTEX_POINT('',#12539);
#12539 = CARTESIAN_POINT('',(160.669857,-128.499897,1.51));
#12540 = CIRCLE('',#12541,0.5);
#12541 = AXIS2_PLACEMENT_3D('',#12542,#12543,#12544);
#12542 = CARTESIAN_POINT('',(160.669857,-127.999897,1.51));
#12543 = DIRECTION('',(-0.,0.,-1.));
#12544 = DIRECTION('',(-0.,-1.,0.));
#12545 = FACE_BOUND('',#12546,.T.);
#12546 = EDGE_LOOP('',(#12547));
#12547 = ORIENTED_EDGE('',*,*,#12548,.T.);
#12548 = EDGE_CURVE('',#12549,#12549,#12551,.T.);
#12549 = VERTEX_POINT('',#12550);
#12550 = CARTESIAN_POINT('',(163.209857,-128.499897,1.51));
#12551 = CIRCLE('',#12552,0.5);
#12552 = AXIS2_PLACEMENT_3D('',#12553,#12554,#12555);
#12553 = CARTESIAN_POINT('',(163.209857,-127.999897,1.51));
#12554 = DIRECTION('',(-0.,0.,-1.));
#12555 = DIRECTION('',(-0.,-1.,0.));
#12556 = FACE_BOUND('',#12557,.T.);
#12557 = EDGE_LOOP('',(#12558));
#12558 = ORIENTED_EDGE('',*,*,#12559,.T.);
#12559 = EDGE_CURVE('',#12560,#12560,#12562,.T.);
#12560 = VERTEX_POINT('',#12561);
#12561 = CARTESIAN_POINT('',(165.749857,-128.499897,1.51));
#12562 = CIRCLE('',#12563,0.5);
#12563 = AXIS2_PLACEMENT_3D('',#12564,#12565,#12566);
#12564 = CARTESIAN_POINT('',(165.749857,-127.999897,1.51));
#12565 = DIRECTION('',(-0.,0.,-1.));
#12566 = DIRECTION('',(-0.,-1.,0.));
#12567 = FACE_BOUND('',#12568,.T.);
#12568 = EDGE_LOOP('',(#12569));
#12569 = ORIENTED_EDGE('',*,*,#12570,.T.);
#12570 = EDGE_CURVE('',#12571,#12571,#12573,.T.);
#12571 = VERTEX_POINT('',#12572);
#12572 = CARTESIAN_POINT('',(168.289857,-128.499897,1.51));
#12573 = CIRCLE('',#12574,0.5);
#12574 = AXIS2_PLACEMENT_3D('',#12575,#12576,#12577);
#12575 = CARTESIAN_POINT('',(168.289857,-127.999897,1.51));
#12576 = DIRECTION('',(-0.,0.,-1.));
#12577 = DIRECTION('',(-0.,-1.,0.));
#12578 = FACE_BOUND('',#12579,.T.);
#12579 = EDGE_LOOP('',(#12580));
#12580 = ORIENTED_EDGE('',*,*,#12581,.T.);
#12581 = EDGE_CURVE('',#12582,#12582,#12584,.T.);
#12582 = VERTEX_POINT('',#12583);
#12583 = CARTESIAN_POINT('',(170.829857,-128.499897,1.51));
#12584 = CIRCLE('',#12585,0.5);
#12585 = AXIS2_PLACEMENT_3D('',#12586,#12587,#12588);
#12586 = CARTESIAN_POINT('',(170.829857,-127.999897,1.51));
#12587 = DIRECTION('',(-0.,0.,-1.));
#12588 = DIRECTION('',(-0.,-1.,0.));
#12589 = FACE_BOUND('',#12590,.T.);
#12590 = EDGE_LOOP('',(#12591));
#12591 = ORIENTED_EDGE('',*,*,#12592,.T.);
#12592 = EDGE_CURVE('',#12593,#12593,#12595,.T.);
#12593 = VERTEX_POINT('',#12594);
#12594 = CARTESIAN_POINT('',(181.999857,-134.499897,1.51));
#12595 = CIRCLE('',#12596,1.5);
#12596 = AXIS2_PLACEMENT_3D('',#12597,#12598,#12599);
#12597 = CARTESIAN_POINT('',(181.999857,-132.999897,1.51));
#12598 = DIRECTION('',(-0.,0.,-1.));
#12599 = DIRECTION('',(-0.,-1.,0.));
#12600 = FACE_BOUND('',#12601,.T.);
#12601 = EDGE_LOOP('',(#12602));
#12602 = ORIENTED_EDGE('',*,*,#12603,.T.);
#12603 = EDGE_CURVE('',#12604,#12604,#12606,.T.);
#12604 = VERTEX_POINT('',#12605);
#12605 = CARTESIAN_POINT('',(176.249857,-128.599897,1.51));
#12606 = CIRCLE('',#12607,0.35);
#12607 = AXIS2_PLACEMENT_3D('',#12608,#12609,#12610);
#12608 = CARTESIAN_POINT('',(176.249857,-128.249897,1.51));
#12609 = DIRECTION('',(-0.,0.,-1.));
#12610 = DIRECTION('',(-0.,-1.,0.));
#12611 = FACE_BOUND('',#12612,.T.);
#12612 = EDGE_LOOP('',(#12613));
#12613 = ORIENTED_EDGE('',*,*,#12614,.T.);
#12614 = EDGE_CURVE('',#12615,#12615,#12617,.T.);
#12615 = VERTEX_POINT('',#12616);
#12616 = CARTESIAN_POINT('',(182.199857,-126.749897,1.51));
#12617 = CIRCLE('',#12618,0.35);
#12618 = AXIS2_PLACEMENT_3D('',#12619,#12620,#12621);
#12619 = CARTESIAN_POINT('',(182.199857,-126.399897,1.51));
#12620 = DIRECTION('',(-0.,0.,-1.));
#12621 = DIRECTION('',(-0.,-1.,0.));
#12622 = FACE_BOUND('',#12623,.T.);
#12623 = EDGE_LOOP('',(#12624));
#12624 = ORIENTED_EDGE('',*,*,#12625,.T.);
#12625 = EDGE_CURVE('',#12626,#12626,#12628,.T.);
#12626 = VERTEX_POINT('',#12627);
#12627 = CARTESIAN_POINT('',(183.569857,-123.634897,1.51));
#12628 = CIRCLE('',#12629,0.635);
#12629 = AXIS2_PLACEMENT_3D('',#12630,#12631,#12632);
#12630 = CARTESIAN_POINT('',(183.569857,-122.999897,1.51));
#12631 = DIRECTION('',(-0.,0.,-1.));
#12632 = DIRECTION('',(-0.,-1.,0.));
#12633 = FACE_BOUND('',#12634,.T.);
#12634 = EDGE_LOOP('',(#12635));
#12635 = ORIENTED_EDGE('',*,*,#12636,.T.);
#12636 = EDGE_CURVE('',#12637,#12637,#12639,.T.);
#12637 = VERTEX_POINT('',#12638);
#12638 = CARTESIAN_POINT('',(181.609857,-120.509897,1.51));
#12639 = CIRCLE('',#12640,0.51);
#12640 = AXIS2_PLACEMENT_3D('',#12641,#12642,#12643);
#12641 = CARTESIAN_POINT('',(181.609857,-119.999897,1.51));
#12642 = DIRECTION('',(-0.,0.,-1.));
#12643 = DIRECTION('',(5.57288420204E-14,-1.,-0.));
#12644 = FACE_BOUND('',#12645,.T.);
#12645 = EDGE_LOOP('',(#12646));
#12646 = ORIENTED_EDGE('',*,*,#12647,.T.);
#12647 = EDGE_CURVE('',#12648,#12648,#12650,.T.);
#12648 = VERTEX_POINT('',#12649);
#12649 = CARTESIAN_POINT('',(181.609857,-117.509897,1.51));
#12650 = CIRCLE('',#12651,0.51);
#12651 = AXIS2_PLACEMENT_3D('',#12652,#12653,#12654);
#12652 = CARTESIAN_POINT('',(181.609857,-116.999897,1.51));
#12653 = DIRECTION('',(-0.,0.,-1.));
#12654 = DIRECTION('',(5.57288420204E-14,-1.,-0.));
#12655 = FACE_BOUND('',#12656,.T.);
#12656 = EDGE_LOOP('',(#12657));
#12657 = ORIENTED_EDGE('',*,*,#12658,.T.);
#12658 = EDGE_CURVE('',#12659,#12659,#12661,.T.);
#12659 = VERTEX_POINT('',#12660);
#12660 = CARTESIAN_POINT('',(183.569857,-114.634897,1.51));
#12661 = CIRCLE('',#12662,0.635);
#12662 = AXIS2_PLACEMENT_3D('',#12663,#12664,#12665);
#12663 = CARTESIAN_POINT('',(183.569857,-113.999897,1.51));
#12664 = DIRECTION('',(-0.,0.,-1.));
#12665 = DIRECTION('',(-0.,-1.,0.));
#12666 = FACE_BOUND('',#12667,.T.);
#12667 = EDGE_LOOP('',(#12668));
#12668 = ORIENTED_EDGE('',*,*,#12669,.T.);
#12669 = EDGE_CURVE('',#12670,#12670,#12672,.T.);
#12670 = VERTEX_POINT('',#12671);
#12671 = CARTESIAN_POINT('',(129.084857,-101.259897,1.51));
#12672 = CIRCLE('',#12673,0.51);
#12673 = AXIS2_PLACEMENT_3D('',#12674,#12675,#12676);
#12674 = CARTESIAN_POINT('',(129.084857,-100.749897,1.51));
#12675 = DIRECTION('',(-0.,0.,-1.));
#12676 = DIRECTION('',(-0.,-1.,0.));
#12677 = FACE_BOUND('',#12678,.T.);
#12678 = EDGE_LOOP('',(#12679));
#12679 = ORIENTED_EDGE('',*,*,#12680,.T.);
#12680 = EDGE_CURVE('',#12681,#12681,#12683,.T.);
#12681 = VERTEX_POINT('',#12682);
#12682 = CARTESIAN_POINT('',(132.084857,-101.259897,1.51));
#12683 = CIRCLE('',#12684,0.51);
#12684 = AXIS2_PLACEMENT_3D('',#12685,#12686,#12687);
#12685 = CARTESIAN_POINT('',(132.084857,-100.749897,1.51));
#12686 = DIRECTION('',(-0.,0.,-1.));
#12687 = DIRECTION('',(-0.,-1.,0.));
#12688 = FACE_BOUND('',#12689,.T.);
#12689 = EDGE_LOOP('',(#12690));
#12690 = ORIENTED_EDGE('',*,*,#12691,.T.);
#12691 = EDGE_CURVE('',#12692,#12692,#12694,.T.);
#12692 = VERTEX_POINT('',#12693);
#12693 = CARTESIAN_POINT('',(129.084857,-98.259897,1.51));
#12694 = CIRCLE('',#12695,0.51);
#12695 = AXIS2_PLACEMENT_3D('',#12696,#12697,#12698);
#12696 = CARTESIAN_POINT('',(129.084857,-97.749897,1.51));
#12697 = DIRECTION('',(-0.,0.,-1.));
#12698 = DIRECTION('',(-0.,-1.,0.));
#12699 = FACE_BOUND('',#12700,.T.);
#12700 = EDGE_LOOP('',(#12701));
#12701 = ORIENTED_EDGE('',*,*,#12702,.T.);
#12702 = EDGE_CURVE('',#12703,#12703,#12705,.T.);
#12703 = VERTEX_POINT('',#12704);
#12704 = CARTESIAN_POINT('',(132.084857,-98.259897,1.51));
#12705 = CIRCLE('',#12706,0.51);
#12706 = AXIS2_PLACEMENT_3D('',#12707,#12708,#12709);
#12707 = CARTESIAN_POINT('',(132.084857,-97.749897,1.51));
#12708 = DIRECTION('',(-0.,0.,-1.));
#12709 = DIRECTION('',(-0.,-1.,0.));
#12710 = FACE_BOUND('',#12711,.T.);
#12711 = EDGE_LOOP('',(#12712));
#12712 = ORIENTED_EDGE('',*,*,#12713,.T.);
#12713 = EDGE_CURVE('',#12714,#12714,#12716,.T.);
#12714 = VERTEX_POINT('',#12715);
#12715 = CARTESIAN_POINT('',(124.764857,-95.389897,1.51));
#12716 = CIRCLE('',#12717,1.5);
#12717 = AXIS2_PLACEMENT_3D('',#12718,#12719,#12720);
#12718 = CARTESIAN_POINT('',(124.764857,-93.889897,1.51));
#12719 = DIRECTION('',(-0.,0.,-1.));
#12720 = DIRECTION('',(-0.,-1.,0.));
#12721 = FACE_BOUND('',#12722,.T.);
#12722 = EDGE_LOOP('',(#12723));
#12723 = ORIENTED_EDGE('',*,*,#12724,.T.);
#12724 = EDGE_CURVE('',#12725,#12725,#12727,.T.);
#12725 = VERTEX_POINT('',#12726);
#12726 = CARTESIAN_POINT('',(129.084857,-95.259897,1.51));
#12727 = CIRCLE('',#12728,0.51);
#12728 = AXIS2_PLACEMENT_3D('',#12729,#12730,#12731);
#12729 = CARTESIAN_POINT('',(129.084857,-94.749897,1.51));
#12730 = DIRECTION('',(-0.,0.,-1.));
#12731 = DIRECTION('',(-0.,-1.,0.));
#12732 = FACE_BOUND('',#12733,.T.);
#12733 = EDGE_LOOP('',(#12734));
#12734 = ORIENTED_EDGE('',*,*,#12735,.T.);
#12735 = EDGE_CURVE('',#12736,#12736,#12738,.T.);
#12736 = VERTEX_POINT('',#12737);
#12737 = CARTESIAN_POINT('',(132.084857,-95.259897,1.51));
#12738 = CIRCLE('',#12739,0.51);
#12739 = AXIS2_PLACEMENT_3D('',#12740,#12741,#12742);
#12740 = CARTESIAN_POINT('',(132.084857,-94.749897,1.51));
#12741 = DIRECTION('',(-0.,0.,-1.));
#12742 = DIRECTION('',(-0.,-1.,0.));
#12743 = FACE_BOUND('',#12744,.T.);
#12744 = EDGE_LOOP('',(#12745));
#12745 = ORIENTED_EDGE('',*,*,#12746,.T.);
#12746 = EDGE_CURVE('',#12747,#12747,#12749,.T.);
#12747 = VERTEX_POINT('',#12748);
#12748 = CARTESIAN_POINT('',(129.084857,-92.259897,1.51));
#12749 = CIRCLE('',#12750,0.51);
#12750 = AXIS2_PLACEMENT_3D('',#12751,#12752,#12753);
#12751 = CARTESIAN_POINT('',(129.084857,-91.749897,1.51));
#12752 = DIRECTION('',(-0.,0.,-1.));
#12753 = DIRECTION('',(-0.,-1.,0.));
#12754 = FACE_BOUND('',#12755,.T.);
#12755 = EDGE_LOOP('',(#12756));
#12756 = ORIENTED_EDGE('',*,*,#12757,.T.);
#12757 = EDGE_CURVE('',#12758,#12758,#12760,.T.);
#12758 = VERTEX_POINT('',#12759);
#12759 = CARTESIAN_POINT('',(132.084857,-92.259897,1.51));
#12760 = CIRCLE('',#12761,0.51);
#12761 = AXIS2_PLACEMENT_3D('',#12762,#12763,#12764);
#12762 = CARTESIAN_POINT('',(132.084857,-91.749897,1.51));
#12763 = DIRECTION('',(-0.,0.,-1.));
#12764 = DIRECTION('',(-0.,-1.,0.));
#12765 = FACE_BOUND('',#12766,.T.);
#12766 = EDGE_LOOP('',(#12767));
#12767 = ORIENTED_EDGE('',*,*,#12768,.T.);
#12768 = EDGE_CURVE('',#12769,#12769,#12771,.T.);
#12769 = VERTEX_POINT('',#12770);
#12770 = CARTESIAN_POINT('',(102.999857,-74.499897,1.51));
#12771 = CIRCLE('',#12772,1.5);
#12772 = AXIS2_PLACEMENT_3D('',#12773,#12774,#12775);
#12773 = CARTESIAN_POINT('',(102.999857,-72.999897,1.51));
#12774 = DIRECTION('',(-0.,0.,-1.));
#12775 = DIRECTION('',(-0.,-1.,0.));
#12776 = FACE_BOUND('',#12777,.T.);
#12777 = EDGE_LOOP('',(#12778));
#12778 = ORIENTED_EDGE('',*,*,#12779,.T.);
#12779 = EDGE_CURVE('',#12780,#12780,#12782,.T.);
#12780 = VERTEX_POINT('',#12781);
#12781 = CARTESIAN_POINT('',(147.999857,-78.499897,1.51));
#12782 = CIRCLE('',#12783,0.5);
#12783 = AXIS2_PLACEMENT_3D('',#12784,#12785,#12786);
#12784 = CARTESIAN_POINT('',(147.999857,-77.999897,1.51));
#12785 = DIRECTION('',(-0.,0.,-1.));
#12786 = DIRECTION('',(-0.,-1.,0.));
#12787 = FACE_BOUND('',#12788,.T.);
#12788 = EDGE_LOOP('',(#12789));
#12789 = ORIENTED_EDGE('',*,*,#12790,.T.);
#12790 = EDGE_CURVE('',#12791,#12791,#12793,.T.);
#12791 = VERTEX_POINT('',#12792);
#12792 = CARTESIAN_POINT('',(150.539857,-78.499897,1.51));
#12793 = CIRCLE('',#12794,0.5);
#12794 = AXIS2_PLACEMENT_3D('',#12795,#12796,#12797);
#12795 = CARTESIAN_POINT('',(150.539857,-77.999897,1.51));
#12796 = DIRECTION('',(-0.,0.,-1.));
#12797 = DIRECTION('',(-0.,-1.,0.));
#12798 = FACE_BOUND('',#12799,.T.);
#12799 = EDGE_LOOP('',(#12800));
#12800 = ORIENTED_EDGE('',*,*,#12801,.T.);
#12801 = EDGE_CURVE('',#12802,#12802,#12804,.T.);
#12802 = VERTEX_POINT('',#12803);
#12803 = CARTESIAN_POINT('',(153.079857,-78.499897,1.51));
#12804 = CIRCLE('',#12805,0.5);
#12805 = AXIS2_PLACEMENT_3D('',#12806,#12807,#12808);
#12806 = CARTESIAN_POINT('',(153.079857,-77.999897,1.51));
#12807 = DIRECTION('',(-0.,0.,-1.));
#12808 = DIRECTION('',(-0.,-1.,0.));
#12809 = FACE_BOUND('',#12810,.T.);
#12810 = EDGE_LOOP('',(#12811));
#12811 = ORIENTED_EDGE('',*,*,#12812,.T.);
#12812 = EDGE_CURVE('',#12813,#12813,#12815,.T.);
#12813 = VERTEX_POINT('',#12814);
#12814 = CARTESIAN_POINT('',(155.619857,-78.499897,1.51));
#12815 = CIRCLE('',#12816,0.5);
#12816 = AXIS2_PLACEMENT_3D('',#12817,#12818,#12819);
#12817 = CARTESIAN_POINT('',(155.619857,-77.999897,1.51));
#12818 = DIRECTION('',(-0.,0.,-1.));
#12819 = DIRECTION('',(-0.,-1.,0.));
#12820 = FACE_BOUND('',#12821,.T.);
#12821 = EDGE_LOOP('',(#12822));
#12822 = ORIENTED_EDGE('',*,*,#12823,.T.);
#12823 = EDGE_CURVE('',#12824,#12824,#12826,.T.);
#12824 = VERTEX_POINT('',#12825);
#12825 = CARTESIAN_POINT('',(158.159857,-78.499897,1.51));
#12826 = CIRCLE('',#12827,0.5);
#12827 = AXIS2_PLACEMENT_3D('',#12828,#12829,#12830);
#12828 = CARTESIAN_POINT('',(158.159857,-77.999897,1.51));
#12829 = DIRECTION('',(-0.,0.,-1.));
#12830 = DIRECTION('',(-0.,-1.,0.));
#12831 = FACE_BOUND('',#12832,.T.);
#12832 = EDGE_LOOP('',(#12833));
#12833 = ORIENTED_EDGE('',*,*,#12834,.T.);
#12834 = EDGE_CURVE('',#12835,#12835,#12837,.T.);
#12835 = VERTEX_POINT('',#12836);
#12836 = CARTESIAN_POINT('',(160.699857,-78.499897,1.51));
#12837 = CIRCLE('',#12838,0.5);
#12838 = AXIS2_PLACEMENT_3D('',#12839,#12840,#12841);
#12839 = CARTESIAN_POINT('',(160.699857,-77.999897,1.51));
#12840 = DIRECTION('',(-0.,0.,-1.));
#12841 = DIRECTION('',(-0.,-1.,0.));
#12842 = FACE_BOUND('',#12843,.T.);
#12843 = EDGE_LOOP('',(#12844));
#12844 = ORIENTED_EDGE('',*,*,#12845,.T.);
#12845 = EDGE_CURVE('',#12846,#12846,#12848,.T.);
#12846 = VERTEX_POINT('',#12847);
#12847 = CARTESIAN_POINT('',(163.239857,-78.499897,1.51));
#12848 = CIRCLE('',#12849,0.5);
#12849 = AXIS2_PLACEMENT_3D('',#12850,#12851,#12852);
#12850 = CARTESIAN_POINT('',(163.239857,-77.999897,1.51));
#12851 = DIRECTION('',(-0.,0.,-1.));
#12852 = DIRECTION('',(-0.,-1.,0.));
#12853 = FACE_BOUND('',#12854,.T.);
#12854 = EDGE_LOOP('',(#12855));
#12855 = ORIENTED_EDGE('',*,*,#12856,.T.);
#12856 = EDGE_CURVE('',#12857,#12857,#12859,.T.);
#12857 = VERTEX_POINT('',#12858);
#12858 = CARTESIAN_POINT('',(165.779857,-78.499897,1.51));
#12859 = CIRCLE('',#12860,0.5);
#12860 = AXIS2_PLACEMENT_3D('',#12861,#12862,#12863);
#12861 = CARTESIAN_POINT('',(165.779857,-77.999897,1.51));
#12862 = DIRECTION('',(-0.,0.,-1.));
#12863 = DIRECTION('',(-0.,-1.,0.));
#12864 = FACE_BOUND('',#12865,.T.);
#12865 = EDGE_LOOP('',(#12866));
#12866 = ORIENTED_EDGE('',*,*,#12867,.T.);
#12867 = EDGE_CURVE('',#12868,#12868,#12870,.T.);
#12868 = VERTEX_POINT('',#12869);
#12869 = CARTESIAN_POINT('',(168.319857,-78.499897,1.51));
#12870 = CIRCLE('',#12871,0.5);
#12871 = AXIS2_PLACEMENT_3D('',#12872,#12873,#12874);
#12872 = CARTESIAN_POINT('',(168.319857,-77.999897,1.51));
#12873 = DIRECTION('',(-0.,0.,-1.));
#12874 = DIRECTION('',(-0.,-1.,0.));
#12875 = FACE_BOUND('',#12876,.T.);
#12876 = EDGE_LOOP('',(#12877));
#12877 = ORIENTED_EDGE('',*,*,#12878,.T.);
#12878 = EDGE_CURVE('',#12879,#12879,#12881,.T.);
#12879 = VERTEX_POINT('',#12880);
#12880 = CARTESIAN_POINT('',(170.859857,-78.499897,1.51));
#12881 = CIRCLE('',#12882,0.5);
#12882 = AXIS2_PLACEMENT_3D('',#12883,#12884,#12885);
#12883 = CARTESIAN_POINT('',(170.859857,-77.999897,1.51));
#12884 = DIRECTION('',(-0.,0.,-1.));
#12885 = DIRECTION('',(-0.,-1.,0.));
#12886 = FACE_BOUND('',#12887,.T.);
#12887 = EDGE_LOOP('',(#12888));
#12888 = ORIENTED_EDGE('',*,*,#12889,.T.);
#12889 = EDGE_CURVE('',#12890,#12890,#12892,.T.);
#12890 = VERTEX_POINT('',#12891);
#12891 = CARTESIAN_POINT('',(181.999857,-74.499897,1.51));
#12892 = CIRCLE('',#12893,1.5);
#12893 = AXIS2_PLACEMENT_3D('',#12894,#12895,#12896);
#12894 = CARTESIAN_POINT('',(181.999857,-72.999897,1.51));
#12895 = DIRECTION('',(-0.,0.,-1.));
#12896 = DIRECTION('',(-0.,-1.,0.));
#12897 = PLANE('',#12898);
#12898 = AXIS2_PLACEMENT_3D('',#12899,#12900,#12901);
#12899 = CARTESIAN_POINT('',(0.,0.,1.51));
#12900 = DIRECTION('',(0.,0.,1.));
#12901 = DIRECTION('',(1.,0.,-0.));
#12902 = ADVANCED_FACE('',(#12903),#12914,.T.);
#12903 = FACE_BOUND('',#12904,.T.);
#12904 = EDGE_LOOP('',(#12905,#12911,#12912,#12913));
#12905 = ORIENTED_EDGE('',*,*,#12906,.T.);
#12906 = EDGE_CURVE('',#11547,#12228,#12907,.T.);
#12907 = LINE('',#12908,#12909);
#12908 = CARTESIAN_POINT('',(99.999857,-72.999897,0.));
#12909 = VECTOR('',#12910,1.);
#12910 = DIRECTION('',(0.,0.,1.));
#12911 = ORIENTED_EDGE('',*,*,#12227,.T.);
#12912 = ORIENTED_EDGE('',*,*,#11482,.F.);
#12913 = ORIENTED_EDGE('',*,*,#11546,.F.);
#12914 = CYLINDRICAL_SURFACE('',#12915,3.000001172987);
#12915 = AXIS2_PLACEMENT_3D('',#12916,#12917,#12918);
#12916 = CARTESIAN_POINT('',(102.99985817298,-72.99989817298,0.));
#12917 = DIRECTION('',(0.,0.,-1.));
#12918 = DIRECTION('',(-1.,3.909953568695E-07,0.));
#12919 = ADVANCED_FACE('',(#12920),#12931,.T.);
#12920 = FACE_BOUND('',#12921,.T.);
#12921 = EDGE_LOOP('',(#12922,#12923,#12924,#12930));
#12922 = ORIENTED_EDGE('',*,*,#11522,.T.);
#12923 = ORIENTED_EDGE('',*,*,#12329,.T.);
#12924 = ORIENTED_EDGE('',*,*,#12925,.F.);
#12925 = EDGE_CURVE('',#11641,#12322,#12926,.T.);
#12926 = LINE('',#12927,#12928);
#12927 = CARTESIAN_POINT('',(181.999857,-135.999897,0.));
#12928 = VECTOR('',#12929,1.);
#12929 = DIRECTION('',(0.,0.,1.));
#12930 = ORIENTED_EDGE('',*,*,#11648,.F.);
#12931 = CYLINDRICAL_SURFACE('',#12932,3.003949087059);
#12932 = AXIS2_PLACEMENT_3D('',#12933,#12934,#12935);
#12933 = CARTESIAN_POINT('',(181.99985536729,-132.9959479129,0.));
#12934 = DIRECTION('',(0.,0.,-1.));
#12935 = DIRECTION('',(0.998685911699,-5.12489002298E-02,0.));
#12936 = ADVANCED_FACE('',(#12937),#12948,.T.);
#12937 = FACE_BOUND('',#12938,.T.);
#12938 = EDGE_LOOP('',(#12939,#12945,#12946,#12947));
#12939 = ORIENTED_EDGE('',*,*,#12940,.T.);
#12940 = EDGE_CURVE('',#11556,#12237,#12941,.T.);
#12941 = LINE('',#12942,#12943);
#12942 = CARTESIAN_POINT('',(99.999857,-74.999897,0.));
#12943 = VECTOR('',#12944,1.);
#12944 = DIRECTION('',(0.,0.,1.));
#12945 = ORIENTED_EDGE('',*,*,#12236,.T.);
#12946 = ORIENTED_EDGE('',*,*,#12906,.F.);
#12947 = ORIENTED_EDGE('',*,*,#11555,.F.);
#12948 = PLANE('',#12949);
#12949 = AXIS2_PLACEMENT_3D('',#12950,#12951,#12952);
#12950 = CARTESIAN_POINT('',(99.999857,-74.999897,0.));
#12951 = DIRECTION('',(-1.,0.,0.));
#12952 = DIRECTION('',(0.,1.,0.));
#12953 = ADVANCED_FACE('',(#12954),#12965,.T.);
#12954 = FACE_BOUND('',#12955,.T.);
#12955 = EDGE_LOOP('',(#12956,#12957,#12958,#12964));
#12956 = ORIENTED_EDGE('',*,*,#12925,.T.);
#12957 = ORIENTED_EDGE('',*,*,#12321,.T.);
#12958 = ORIENTED_EDGE('',*,*,#12959,.F.);
#12959 = EDGE_CURVE('',#11632,#12313,#12960,.T.);
#12960 = LINE('',#12961,#12962);
#12961 = CARTESIAN_POINT('',(102.999857,-135.999897,0.));
#12962 = VECTOR('',#12963,1.);
#12963 = DIRECTION('',(0.,0.,1.));
#12964 = ORIENTED_EDGE('',*,*,#11640,.F.);
#12965 = PLANE('',#12966);
#12966 = AXIS2_PLACEMENT_3D('',#12967,#12968,#12969);
#12967 = CARTESIAN_POINT('',(181.999857,-135.999897,0.));
#12968 = DIRECTION('',(0.,-1.,0.));
#12969 = DIRECTION('',(-1.,0.,0.));
#12970 = ADVANCED_FACE('',(#12971),#12982,.T.);
#12971 = FACE_BOUND('',#12972,.T.);
#12972 = EDGE_LOOP('',(#12973,#12979,#12980,#12981));
#12973 = ORIENTED_EDGE('',*,*,#12974,.T.);
#12974 = EDGE_CURVE('',#11564,#12245,#12975,.T.);
#12975 = LINE('',#12976,#12977);
#12976 = CARTESIAN_POINT('',(102.999857,-77.999897,0.));
#12977 = VECTOR('',#12978,1.);
#12978 = DIRECTION('',(0.,0.,1.));
#12979 = ORIENTED_EDGE('',*,*,#12244,.T.);
#12980 = ORIENTED_EDGE('',*,*,#12940,.F.);
#12981 = ORIENTED_EDGE('',*,*,#11563,.F.);
#12982 = CYLINDRICAL_SURFACE('',#12983,3.000001172987);
#12983 = AXIS2_PLACEMENT_3D('',#12984,#12985,#12986);
#12984 = CARTESIAN_POINT('',(102.99985817298,-74.99989582701,0.));
#12985 = DIRECTION('',(0.,0.,-1.));
#12986 = DIRECTION('',(-3.909953616065E-07,-1.,-0.));
#12987 = ADVANCED_FACE('',(#12988),#12999,.T.);
#12988 = FACE_BOUND('',#12989,.T.);
#12989 = EDGE_LOOP('',(#12990,#12991,#12992,#12998));
#12990 = ORIENTED_EDGE('',*,*,#12959,.T.);
#12991 = ORIENTED_EDGE('',*,*,#12312,.T.);
#12992 = ORIENTED_EDGE('',*,*,#12993,.F.);
#12993 = EDGE_CURVE('',#11624,#12305,#12994,.T.);
#12994 = LINE('',#12995,#12996);
#12995 = CARTESIAN_POINT('',(99.999857,-132.999897,0.));
#12996 = VECTOR('',#12997,1.);
#12997 = DIRECTION('',(0.,0.,1.));
#12998 = ORIENTED_EDGE('',*,*,#11631,.F.);
#12999 = CYLINDRICAL_SURFACE('',#13000,3.000001172987);
#13000 = AXIS2_PLACEMENT_3D('',#13001,#13002,#13003);
#13001 = CARTESIAN_POINT('',(102.99985817298,-132.999895827,0.));
#13002 = DIRECTION('',(0.,0.,-1.));
#13003 = DIRECTION('',(-3.909953616065E-07,-1.,-0.));
#13004 = ADVANCED_FACE('',(#13005),#13016,.T.);
#13005 = FACE_BOUND('',#13006,.T.);
#13006 = EDGE_LOOP('',(#13007,#13013,#13014,#13015));
#13007 = ORIENTED_EDGE('',*,*,#13008,.T.);
#13008 = EDGE_CURVE('',#11573,#12254,#13009,.T.);
#13009 = LINE('',#13010,#13011);
#13010 = CARTESIAN_POINT('',(116.999857,-77.999897,0.));
#13011 = VECTOR('',#13012,1.);
#13012 = DIRECTION('',(0.,0.,1.));
#13013 = ORIENTED_EDGE('',*,*,#12253,.T.);
#13014 = ORIENTED_EDGE('',*,*,#12974,.F.);
#13015 = ORIENTED_EDGE('',*,*,#11572,.F.);
#13016 = PLANE('',#13017);
#13017 = AXIS2_PLACEMENT_3D('',#13018,#13019,#13020);
#13018 = CARTESIAN_POINT('',(116.999857,-77.999897,0.));
#13019 = DIRECTION('',(0.,-1.,0.));
#13020 = DIRECTION('',(-1.,0.,0.));
#13021 = ADVANCED_FACE('',(#13022),#13033,.T.);
#13022 = FACE_BOUND('',#13023,.T.);
#13023 = EDGE_LOOP('',(#13024,#13025,#13026,#13032));
#13024 = ORIENTED_EDGE('',*,*,#12993,.T.);
#13025 = ORIENTED_EDGE('',*,*,#12304,.T.);
#13026 = ORIENTED_EDGE('',*,*,#13027,.F.);
#13027 = EDGE_CURVE('',#11615,#12296,#13028,.T.);
#13028 = LINE('',#13029,#13030);
#13029 = CARTESIAN_POINT('',(99.999857,-130.999897,0.));
#13030 = VECTOR('',#13031,1.);
#13031 = DIRECTION('',(0.,0.,1.));
#13032 = ORIENTED_EDGE('',*,*,#11623,.F.);
#13033 = PLANE('',#13034);
#13034 = AXIS2_PLACEMENT_3D('',#13035,#13036,#13037);
#13035 = CARTESIAN_POINT('',(99.999857,-132.999897,0.));
#13036 = DIRECTION('',(-1.,0.,0.));
#13037 = DIRECTION('',(0.,1.,0.));
#13038 = ADVANCED_FACE('',(#13039),#13050,.F.);
#13039 = FACE_BOUND('',#13040,.T.);
#13040 = EDGE_LOOP('',(#13041,#13047,#13048,#13049));
#13041 = ORIENTED_EDGE('',*,*,#13042,.T.);
#13042 = EDGE_CURVE('',#11581,#12262,#13043,.T.);
#13043 = LINE('',#13044,#13045);
#13044 = CARTESIAN_POINT('',(119.999857,-80.999897,0.));
#13045 = VECTOR('',#13046,1.);
#13046 = DIRECTION('',(0.,0.,1.));
#13047 = ORIENTED_EDGE('',*,*,#12261,.T.);
#13048 = ORIENTED_EDGE('',*,*,#13008,.F.);
#13049 = ORIENTED_EDGE('',*,*,#11580,.F.);
#13050 = CYLINDRICAL_SURFACE('',#13051,3.000001172987);
#13051 = AXIS2_PLACEMENT_3D('',#13052,#13053,#13054);
#13052 = CARTESIAN_POINT('',(116.99985582701,-80.99989817298,0.));
#13053 = DIRECTION('',(-0.,-0.,-1.));
#13054 = DIRECTION('',(1.,3.909953663434E-07,-0.));
#13055 = ADVANCED_FACE('',(#13056),#13067,.T.);
#13056 = FACE_BOUND('',#13057,.T.);
#13057 = EDGE_LOOP('',(#13058,#13059,#13060,#13066));
#13058 = ORIENTED_EDGE('',*,*,#13027,.T.);
#13059 = ORIENTED_EDGE('',*,*,#12295,.T.);
#13060 = ORIENTED_EDGE('',*,*,#13061,.F.);
#13061 = EDGE_CURVE('',#11607,#12288,#13062,.T.);
#13062 = LINE('',#13063,#13064);
#13063 = CARTESIAN_POINT('',(102.999857,-127.999897,0.));
#13064 = VECTOR('',#13065,1.);
#13065 = DIRECTION('',(0.,0.,1.));
#13066 = ORIENTED_EDGE('',*,*,#11614,.F.);
#13067 = CYLINDRICAL_SURFACE('',#13068,3.000001172987);
#13068 = AXIS2_PLACEMENT_3D('',#13069,#13070,#13071);
#13069 = CARTESIAN_POINT('',(102.99985817298,-130.9998981729,0.));
#13070 = DIRECTION('',(0.,0.,-1.));
#13071 = DIRECTION('',(-1.,3.909953521326E-07,0.));
#13072 = ADVANCED_FACE('',(#13073),#13084,.T.);
#13073 = FACE_BOUND('',#13074,.T.);
#13074 = EDGE_LOOP('',(#13075,#13081,#13082,#13083));
#13075 = ORIENTED_EDGE('',*,*,#13076,.T.);
#13076 = EDGE_CURVE('',#11590,#12271,#13077,.T.);
#13077 = LINE('',#13078,#13079);
#13078 = CARTESIAN_POINT('',(119.999857,-124.999897,0.));
#13079 = VECTOR('',#13080,1.);
#13080 = DIRECTION('',(0.,0.,1.));
#13081 = ORIENTED_EDGE('',*,*,#12270,.T.);
#13082 = ORIENTED_EDGE('',*,*,#13042,.F.);
#13083 = ORIENTED_EDGE('',*,*,#11589,.F.);
#13084 = PLANE('',#13085);
#13085 = AXIS2_PLACEMENT_3D('',#13086,#13087,#13088);
#13086 = CARTESIAN_POINT('',(119.999857,-124.999897,0.));
#13087 = DIRECTION('',(-1.,0.,0.));
#13088 = DIRECTION('',(0.,1.,0.));
#13089 = ADVANCED_FACE('',(#13090),#13101,.T.);
#13090 = FACE_BOUND('',#13091,.T.);
#13091 = EDGE_LOOP('',(#13092,#13093,#13094,#13100));
#13092 = ORIENTED_EDGE('',*,*,#13061,.T.);
#13093 = ORIENTED_EDGE('',*,*,#12287,.T.);
#13094 = ORIENTED_EDGE('',*,*,#13095,.F.);
#13095 = EDGE_CURVE('',#11598,#12279,#13096,.T.);
#13096 = LINE('',#13097,#13098);
#13097 = CARTESIAN_POINT('',(116.999857,-127.999897,0.));
#13098 = VECTOR('',#13099,1.);
#13099 = DIRECTION('',(0.,0.,1.));
#13100 = ORIENTED_EDGE('',*,*,#11606,.F.);
#13101 = PLANE('',#13102);
#13102 = AXIS2_PLACEMENT_3D('',#13103,#13104,#13105);
#13103 = CARTESIAN_POINT('',(102.999857,-127.999897,0.));
#13104 = DIRECTION('',(0.,1.,0.));
#13105 = DIRECTION('',(1.,0.,0.));
#13106 = ADVANCED_FACE('',(#13107),#13113,.F.);
#13107 = FACE_BOUND('',#13108,.T.);
#13108 = EDGE_LOOP('',(#13109,#13110,#13111,#13112));
#13109 = ORIENTED_EDGE('',*,*,#13095,.T.);
#13110 = ORIENTED_EDGE('',*,*,#12278,.T.);
#13111 = ORIENTED_EDGE('',*,*,#13076,.F.);
#13112 = ORIENTED_EDGE('',*,*,#11597,.F.);
#13113 = CYLINDRICAL_SURFACE('',#13114,3.000001172987);
#13114 = AXIS2_PLACEMENT_3D('',#13115,#13116,#13117);
#13115 = CARTESIAN_POINT('',(116.99985582701,-124.999895827,0.));
#13116 = DIRECTION('',(-0.,-0.,-1.));
#13117 = DIRECTION('',(3.909953663434E-07,-1.,0.));
#13118 = ADVANCED_FACE('',(#13119),#13130,.F.);
#13119 = FACE_BOUND('',#13120,.T.);
#13120 = EDGE_LOOP('',(#13121,#13122,#13128,#13129));
#13121 = ORIENTED_EDGE('',*,*,#11658,.T.);
#13122 = ORIENTED_EDGE('',*,*,#13123,.T.);
#13123 = EDGE_CURVE('',#11659,#12340,#13124,.T.);
#13124 = LINE('',#13125,#13126);
#13125 = CARTESIAN_POINT('',(102.999857,-134.499897,-4.6E-02));
#13126 = VECTOR('',#13127,1.);
#13127 = DIRECTION('',(0.,0.,1.));
#13128 = ORIENTED_EDGE('',*,*,#12339,.F.);
#13129 = ORIENTED_EDGE('',*,*,#13123,.F.);
#13130 = CYLINDRICAL_SURFACE('',#13131,1.5);
#13131 = AXIS2_PLACEMENT_3D('',#13132,#13133,#13134);
#13132 = CARTESIAN_POINT('',(102.999857,-132.999897,-4.6E-02));
#13133 = DIRECTION('',(-0.,-0.,-1.));
#13134 = DIRECTION('',(-0.,-1.,0.));
#13135 = ADVANCED_FACE('',(#13136),#13147,.F.);
#13136 = FACE_BOUND('',#13137,.T.);
#13137 = EDGE_LOOP('',(#13138,#13139,#13145,#13146));
#13138 = ORIENTED_EDGE('',*,*,#11669,.T.);
#13139 = ORIENTED_EDGE('',*,*,#13140,.T.);
#13140 = EDGE_CURVE('',#11670,#12351,#13141,.T.);
#13141 = LINE('',#13142,#13143);
#13142 = CARTESIAN_POINT('',(131.199857,-133.949897,-4.6E-02));
#13143 = VECTOR('',#13144,1.);
#13144 = DIRECTION('',(0.,0.,1.));
#13145 = ORIENTED_EDGE('',*,*,#12350,.F.);
#13146 = ORIENTED_EDGE('',*,*,#13140,.F.);
#13147 = CYLINDRICAL_SURFACE('',#13148,0.35);
#13148 = AXIS2_PLACEMENT_3D('',#13149,#13150,#13151);
#13149 = CARTESIAN_POINT('',(131.199857,-133.599897,-4.6E-02));
#13150 = DIRECTION('',(-0.,-0.,-1.));
#13151 = DIRECTION('',(-0.,-1.,0.));
#13152 = ADVANCED_FACE('',(#13153),#13164,.F.);
#13153 = FACE_BOUND('',#13154,.T.);
#13154 = EDGE_LOOP('',(#13155,#13156,#13162,#13163));
#13155 = ORIENTED_EDGE('',*,*,#11680,.T.);
#13156 = ORIENTED_EDGE('',*,*,#13157,.T.);
#13157 = EDGE_CURVE('',#11681,#12362,#13158,.T.);
#13158 = LINE('',#13159,#13160);
#13159 = CARTESIAN_POINT('',(129.084857,-116.259897,-4.6E-02));
#13160 = VECTOR('',#13161,1.);
#13161 = DIRECTION('',(0.,0.,1.));
#13162 = ORIENTED_EDGE('',*,*,#12361,.F.);
#13163 = ORIENTED_EDGE('',*,*,#13157,.F.);
#13164 = CYLINDRICAL_SURFACE('',#13165,0.51);
#13165 = AXIS2_PLACEMENT_3D('',#13166,#13167,#13168);
#13166 = CARTESIAN_POINT('',(129.084857,-115.749897,-4.6E-02));
#13167 = DIRECTION('',(-0.,-0.,-1.));
#13168 = DIRECTION('',(-0.,-1.,0.));
#13169 = ADVANCED_FACE('',(#13170),#13181,.F.);
#13170 = FACE_BOUND('',#13171,.T.);
#13171 = EDGE_LOOP('',(#13172,#13173,#13179,#13180));
#13172 = ORIENTED_EDGE('',*,*,#11691,.T.);
#13173 = ORIENTED_EDGE('',*,*,#13174,.T.);
#13174 = EDGE_CURVE('',#11692,#12373,#13175,.T.);
#13175 = LINE('',#13176,#13177);
#13176 = CARTESIAN_POINT('',(132.084857,-116.259897,-4.6E-02));
#13177 = VECTOR('',#13178,1.);
#13178 = DIRECTION('',(0.,0.,1.));
#13179 = ORIENTED_EDGE('',*,*,#12372,.F.);
#13180 = ORIENTED_EDGE('',*,*,#13174,.F.);
#13181 = CYLINDRICAL_SURFACE('',#13182,0.51);
#13182 = AXIS2_PLACEMENT_3D('',#13183,#13184,#13185);
#13183 = CARTESIAN_POINT('',(132.084857,-115.749897,-4.6E-02));
#13184 = DIRECTION('',(-0.,-0.,-1.));
#13185 = DIRECTION('',(-0.,-1.,0.));
#13186 = ADVANCED_FACE('',(#13187),#13198,.F.);
#13187 = FACE_BOUND('',#13188,.T.);
#13188 = EDGE_LOOP('',(#13189,#13190,#13196,#13197));
#13189 = ORIENTED_EDGE('',*,*,#11702,.T.);
#13190 = ORIENTED_EDGE('',*,*,#13191,.T.);
#13191 = EDGE_CURVE('',#11703,#12384,#13192,.T.);
#13192 = LINE('',#13193,#13194);
#13193 = CARTESIAN_POINT('',(124.764857,-115.089897,-4.6E-02));
#13194 = VECTOR('',#13195,1.);
#13195 = DIRECTION('',(0.,0.,1.));
#13196 = ORIENTED_EDGE('',*,*,#12383,.F.);
#13197 = ORIENTED_EDGE('',*,*,#13191,.F.);
#13198 = CYLINDRICAL_SURFACE('',#13199,1.5);
#13199 = AXIS2_PLACEMENT_3D('',#13200,#13201,#13202);
#13200 = CARTESIAN_POINT('',(124.764857,-113.589897,-4.6E-02));
#13201 = DIRECTION('',(-0.,-0.,-1.));
#13202 = DIRECTION('',(-0.,-1.,0.));
#13203 = ADVANCED_FACE('',(#13204),#13215,.F.);
#13204 = FACE_BOUND('',#13205,.T.);
#13205 = EDGE_LOOP('',(#13206,#13207,#13213,#13214));
#13206 = ORIENTED_EDGE('',*,*,#11713,.T.);
#13207 = ORIENTED_EDGE('',*,*,#13208,.T.);
#13208 = EDGE_CURVE('',#11714,#12395,#13209,.T.);
#13209 = LINE('',#13210,#13211);
#13210 = CARTESIAN_POINT('',(129.084857,-113.259897,-4.6E-02));
#13211 = VECTOR('',#13212,1.);
#13212 = DIRECTION('',(0.,0.,1.));
#13213 = ORIENTED_EDGE('',*,*,#12394,.F.);
#13214 = ORIENTED_EDGE('',*,*,#13208,.F.);
#13215 = CYLINDRICAL_SURFACE('',#13216,0.51);
#13216 = AXIS2_PLACEMENT_3D('',#13217,#13218,#13219);
#13217 = CARTESIAN_POINT('',(129.084857,-112.749897,-4.6E-02));
#13218 = DIRECTION('',(-0.,-0.,-1.));
#13219 = DIRECTION('',(-0.,-1.,0.));
#13220 = ADVANCED_FACE('',(#13221),#13232,.F.);
#13221 = FACE_BOUND('',#13222,.T.);
#13222 = EDGE_LOOP('',(#13223,#13224,#13230,#13231));
#13223 = ORIENTED_EDGE('',*,*,#11724,.T.);
#13224 = ORIENTED_EDGE('',*,*,#13225,.T.);
#13225 = EDGE_CURVE('',#11725,#12406,#13226,.T.);
#13226 = LINE('',#13227,#13228);
#13227 = CARTESIAN_POINT('',(132.084857,-113.259897,-4.6E-02));
#13228 = VECTOR('',#13229,1.);
#13229 = DIRECTION('',(0.,0.,1.));
#13230 = ORIENTED_EDGE('',*,*,#12405,.F.);
#13231 = ORIENTED_EDGE('',*,*,#13225,.F.);
#13232 = CYLINDRICAL_SURFACE('',#13233,0.51);
#13233 = AXIS2_PLACEMENT_3D('',#13234,#13235,#13236);
#13234 = CARTESIAN_POINT('',(132.084857,-112.749897,-4.6E-02));
#13235 = DIRECTION('',(-0.,-0.,-1.));
#13236 = DIRECTION('',(-0.,-1.,0.));
#13237 = ADVANCED_FACE('',(#13238),#13249,.F.);
#13238 = FACE_BOUND('',#13239,.T.);
#13239 = EDGE_LOOP('',(#13240,#13241,#13247,#13248));
#13240 = ORIENTED_EDGE('',*,*,#11735,.T.);
#13241 = ORIENTED_EDGE('',*,*,#13242,.T.);
#13242 = EDGE_CURVE('',#11736,#12417,#13243,.T.);
#13243 = LINE('',#13244,#13245);
#13244 = CARTESIAN_POINT('',(129.084857,-110.259897,-4.6E-02));
#13245 = VECTOR('',#13246,1.);
#13246 = DIRECTION('',(0.,0.,1.));
#13247 = ORIENTED_EDGE('',*,*,#12416,.F.);
#13248 = ORIENTED_EDGE('',*,*,#13242,.F.);
#13249 = CYLINDRICAL_SURFACE('',#13250,0.51);
#13250 = AXIS2_PLACEMENT_3D('',#13251,#13252,#13253);
#13251 = CARTESIAN_POINT('',(129.084857,-109.749897,-4.6E-02));
#13252 = DIRECTION('',(-0.,-0.,-1.));
#13253 = DIRECTION('',(-0.,-1.,0.));
#13254 = ADVANCED_FACE('',(#13255),#13266,.F.);
#13255 = FACE_BOUND('',#13256,.T.);
#13256 = EDGE_LOOP('',(#13257,#13258,#13264,#13265));
#13257 = ORIENTED_EDGE('',*,*,#11746,.T.);
#13258 = ORIENTED_EDGE('',*,*,#13259,.T.);
#13259 = EDGE_CURVE('',#11747,#12428,#13260,.T.);
#13260 = LINE('',#13261,#13262);
#13261 = CARTESIAN_POINT('',(132.084857,-110.259897,-4.6E-02));
#13262 = VECTOR('',#13263,1.);
#13263 = DIRECTION('',(0.,0.,1.));
#13264 = ORIENTED_EDGE('',*,*,#12427,.F.);
#13265 = ORIENTED_EDGE('',*,*,#13259,.F.);
#13266 = CYLINDRICAL_SURFACE('',#13267,0.51);
#13267 = AXIS2_PLACEMENT_3D('',#13268,#13269,#13270);
#13268 = CARTESIAN_POINT('',(132.084857,-109.749897,-4.6E-02));
#13269 = DIRECTION('',(-0.,-0.,-1.));
#13270 = DIRECTION('',(-0.,-1.,0.));
#13271 = ADVANCED_FACE('',(#13272),#13283,.F.);
#13272 = FACE_BOUND('',#13273,.T.);
#13273 = EDGE_LOOP('',(#13274,#13275,#13281,#13282));
#13274 = ORIENTED_EDGE('',*,*,#11757,.T.);
#13275 = ORIENTED_EDGE('',*,*,#13276,.T.);
#13276 = EDGE_CURVE('',#11758,#12439,#13277,.T.);
#13277 = LINE('',#13278,#13279);
#13278 = CARTESIAN_POINT('',(129.084857,-107.259897,-4.6E-02));
#13279 = VECTOR('',#13280,1.);
#13280 = DIRECTION('',(0.,0.,1.));
#13281 = ORIENTED_EDGE('',*,*,#12438,.F.);
#13282 = ORIENTED_EDGE('',*,*,#13276,.F.);
#13283 = CYLINDRICAL_SURFACE('',#13284,0.51);
#13284 = AXIS2_PLACEMENT_3D('',#13285,#13286,#13287);
#13285 = CARTESIAN_POINT('',(129.084857,-106.749897,-4.6E-02));
#13286 = DIRECTION('',(-0.,-0.,-1.));
#13287 = DIRECTION('',(-0.,-1.,0.));
#13288 = ADVANCED_FACE('',(#13289),#13300,.F.);
#13289 = FACE_BOUND('',#13290,.T.);
#13290 = EDGE_LOOP('',(#13291,#13292,#13298,#13299));
#13291 = ORIENTED_EDGE('',*,*,#11768,.T.);
#13292 = ORIENTED_EDGE('',*,*,#13293,.T.);
#13293 = EDGE_CURVE('',#11769,#12450,#13294,.T.);
#13294 = LINE('',#13295,#13296);
#13295 = CARTESIAN_POINT('',(132.084857,-107.259897,-4.6E-02));
#13296 = VECTOR('',#13297,1.);
#13297 = DIRECTION('',(0.,0.,1.));
#13298 = ORIENTED_EDGE('',*,*,#12449,.F.);
#13299 = ORIENTED_EDGE('',*,*,#13293,.F.);
#13300 = CYLINDRICAL_SURFACE('',#13301,0.51);
#13301 = AXIS2_PLACEMENT_3D('',#13302,#13303,#13304);
#13302 = CARTESIAN_POINT('',(132.084857,-106.749897,-4.6E-02));
#13303 = DIRECTION('',(-0.,-0.,-1.));
#13304 = DIRECTION('',(-0.,-1.,0.));
#13305 = ADVANCED_FACE('',(#13306),#13317,.F.);
#13306 = FACE_BOUND('',#13307,.T.);
#13307 = EDGE_LOOP('',(#13308,#13309,#13315,#13316));
#13308 = ORIENTED_EDGE('',*,*,#11779,.T.);
#13309 = ORIENTED_EDGE('',*,*,#13310,.T.);
#13310 = EDGE_CURVE('',#11780,#12461,#13311,.T.);
#13311 = LINE('',#13312,#13313);
#13312 = CARTESIAN_POINT('',(129.084857,-104.259897,-4.6E-02));
#13313 = VECTOR('',#13314,1.);
#13314 = DIRECTION('',(0.,0.,1.));
#13315 = ORIENTED_EDGE('',*,*,#12460,.F.);
#13316 = ORIENTED_EDGE('',*,*,#13310,.F.);
#13317 = CYLINDRICAL_SURFACE('',#13318,0.51);
#13318 = AXIS2_PLACEMENT_3D('',#13319,#13320,#13321);
#13319 = CARTESIAN_POINT('',(129.084857,-103.749897,-4.6E-02));
#13320 = DIRECTION('',(-0.,-0.,-1.));
#13321 = DIRECTION('',(-0.,-1.,0.));
#13322 = ADVANCED_FACE('',(#13323),#13334,.F.);
#13323 = FACE_BOUND('',#13324,.T.);
#13324 = EDGE_LOOP('',(#13325,#13326,#13332,#13333));
#13325 = ORIENTED_EDGE('',*,*,#11790,.T.);
#13326 = ORIENTED_EDGE('',*,*,#13327,.T.);
#13327 = EDGE_CURVE('',#11791,#12472,#13328,.T.);
#13328 = LINE('',#13329,#13330);
#13329 = CARTESIAN_POINT('',(132.084857,-104.259897,-4.6E-02));
#13330 = VECTOR('',#13331,1.);
#13331 = DIRECTION('',(0.,0.,1.));
#13332 = ORIENTED_EDGE('',*,*,#12471,.F.);
#13333 = ORIENTED_EDGE('',*,*,#13327,.F.);
#13334 = CYLINDRICAL_SURFACE('',#13335,0.51);
#13335 = AXIS2_PLACEMENT_3D('',#13336,#13337,#13338);
#13336 = CARTESIAN_POINT('',(132.084857,-103.749897,-4.6E-02));
#13337 = DIRECTION('',(-0.,-0.,-1.));
#13338 = DIRECTION('',(-0.,-1.,0.));
#13339 = ADVANCED_FACE('',(#13340),#13351,.F.);
#13340 = FACE_BOUND('',#13341,.T.);
#13341 = EDGE_LOOP('',(#13342,#13343,#13349,#13350));
#13342 = ORIENTED_EDGE('',*,*,#11801,.T.);
#13343 = ORIENTED_EDGE('',*,*,#13344,.T.);
#13344 = EDGE_CURVE('',#11802,#12483,#13345,.T.);
#13345 = LINE('',#13346,#13347);
#13346 = CARTESIAN_POINT('',(147.969857,-128.499897,-4.6E-02));
#13347 = VECTOR('',#13348,1.);
#13348 = DIRECTION('',(0.,0.,1.));
#13349 = ORIENTED_EDGE('',*,*,#12482,.F.);
#13350 = ORIENTED_EDGE('',*,*,#13344,.F.);
#13351 = CYLINDRICAL_SURFACE('',#13352,0.5);
#13352 = AXIS2_PLACEMENT_3D('',#13353,#13354,#13355);
#13353 = CARTESIAN_POINT('',(147.969857,-127.999897,-4.6E-02));
#13354 = DIRECTION('',(-0.,-0.,-1.));
#13355 = DIRECTION('',(-0.,-1.,0.));
#13356 = ADVANCED_FACE('',(#13357),#13368,.F.);
#13357 = FACE_BOUND('',#13358,.T.);
#13358 = EDGE_LOOP('',(#13359,#13360,#13366,#13367));
#13359 = ORIENTED_EDGE('',*,*,#11812,.T.);
#13360 = ORIENTED_EDGE('',*,*,#13361,.T.);
#13361 = EDGE_CURVE('',#11813,#12494,#13362,.T.);
#13362 = LINE('',#13363,#13364);
#13363 = CARTESIAN_POINT('',(150.509857,-128.499897,-4.6E-02));
#13364 = VECTOR('',#13365,1.);
#13365 = DIRECTION('',(0.,0.,1.));
#13366 = ORIENTED_EDGE('',*,*,#12493,.F.);
#13367 = ORIENTED_EDGE('',*,*,#13361,.F.);
#13368 = CYLINDRICAL_SURFACE('',#13369,0.5);
#13369 = AXIS2_PLACEMENT_3D('',#13370,#13371,#13372);
#13370 = CARTESIAN_POINT('',(150.509857,-127.999897,-4.6E-02));
#13371 = DIRECTION('',(-0.,-0.,-1.));
#13372 = DIRECTION('',(-0.,-1.,0.));
#13373 = ADVANCED_FACE('',(#13374),#13385,.F.);
#13374 = FACE_BOUND('',#13375,.T.);
#13375 = EDGE_LOOP('',(#13376,#13377,#13383,#13384));
#13376 = ORIENTED_EDGE('',*,*,#11823,.T.);
#13377 = ORIENTED_EDGE('',*,*,#13378,.T.);
#13378 = EDGE_CURVE('',#11824,#12505,#13379,.T.);
#13379 = LINE('',#13380,#13381);
#13380 = CARTESIAN_POINT('',(153.049857,-128.499897,-4.6E-02));
#13381 = VECTOR('',#13382,1.);
#13382 = DIRECTION('',(0.,0.,1.));
#13383 = ORIENTED_EDGE('',*,*,#12504,.F.);
#13384 = ORIENTED_EDGE('',*,*,#13378,.F.);
#13385 = CYLINDRICAL_SURFACE('',#13386,0.5);
#13386 = AXIS2_PLACEMENT_3D('',#13387,#13388,#13389);
#13387 = CARTESIAN_POINT('',(153.049857,-127.999897,-4.6E-02));
#13388 = DIRECTION('',(-0.,-0.,-1.));
#13389 = DIRECTION('',(-0.,-1.,0.));
#13390 = ADVANCED_FACE('',(#13391),#13402,.F.);
#13391 = FACE_BOUND('',#13392,.T.);
#13392 = EDGE_LOOP('',(#13393,#13394,#13400,#13401));
#13393 = ORIENTED_EDGE('',*,*,#11834,.T.);
#13394 = ORIENTED_EDGE('',*,*,#13395,.T.);
#13395 = EDGE_CURVE('',#11835,#12516,#13396,.T.);
#13396 = LINE('',#13397,#13398);
#13397 = CARTESIAN_POINT('',(155.589857,-128.499897,-4.6E-02));
#13398 = VECTOR('',#13399,1.);
#13399 = DIRECTION('',(0.,0.,1.));
#13400 = ORIENTED_EDGE('',*,*,#12515,.F.);
#13401 = ORIENTED_EDGE('',*,*,#13395,.F.);
#13402 = CYLINDRICAL_SURFACE('',#13403,0.5);
#13403 = AXIS2_PLACEMENT_3D('',#13404,#13405,#13406);
#13404 = CARTESIAN_POINT('',(155.589857,-127.999897,-4.6E-02));
#13405 = DIRECTION('',(-0.,-0.,-1.));
#13406 = DIRECTION('',(-0.,-1.,0.));
#13407 = ADVANCED_FACE('',(#13408),#13419,.F.);
#13408 = FACE_BOUND('',#13409,.T.);
#13409 = EDGE_LOOP('',(#13410,#13411,#13417,#13418));
#13410 = ORIENTED_EDGE('',*,*,#11845,.T.);
#13411 = ORIENTED_EDGE('',*,*,#13412,.T.);
#13412 = EDGE_CURVE('',#11846,#12527,#13413,.T.);
#13413 = LINE('',#13414,#13415);
#13414 = CARTESIAN_POINT('',(158.129857,-128.499897,-4.6E-02));
#13415 = VECTOR('',#13416,1.);
#13416 = DIRECTION('',(0.,0.,1.));
#13417 = ORIENTED_EDGE('',*,*,#12526,.F.);
#13418 = ORIENTED_EDGE('',*,*,#13412,.F.);
#13419 = CYLINDRICAL_SURFACE('',#13420,0.5);
#13420 = AXIS2_PLACEMENT_3D('',#13421,#13422,#13423);
#13421 = CARTESIAN_POINT('',(158.129857,-127.999897,-4.6E-02));
#13422 = DIRECTION('',(-0.,-0.,-1.));
#13423 = DIRECTION('',(-0.,-1.,0.));
#13424 = ADVANCED_FACE('',(#13425),#13436,.F.);
#13425 = FACE_BOUND('',#13426,.T.);
#13426 = EDGE_LOOP('',(#13427,#13428,#13434,#13435));
#13427 = ORIENTED_EDGE('',*,*,#11856,.T.);
#13428 = ORIENTED_EDGE('',*,*,#13429,.T.);
#13429 = EDGE_CURVE('',#11857,#12538,#13430,.T.);
#13430 = LINE('',#13431,#13432);
#13431 = CARTESIAN_POINT('',(160.669857,-128.499897,-4.6E-02));
#13432 = VECTOR('',#13433,1.);
#13433 = DIRECTION('',(0.,0.,1.));
#13434 = ORIENTED_EDGE('',*,*,#12537,.F.);
#13435 = ORIENTED_EDGE('',*,*,#13429,.F.);
#13436 = CYLINDRICAL_SURFACE('',#13437,0.5);
#13437 = AXIS2_PLACEMENT_3D('',#13438,#13439,#13440);
#13438 = CARTESIAN_POINT('',(160.669857,-127.999897,-4.6E-02));
#13439 = DIRECTION('',(-0.,-0.,-1.));
#13440 = DIRECTION('',(-0.,-1.,0.));
#13441 = ADVANCED_FACE('',(#13442),#13453,.F.);
#13442 = FACE_BOUND('',#13443,.T.);
#13443 = EDGE_LOOP('',(#13444,#13445,#13451,#13452));
#13444 = ORIENTED_EDGE('',*,*,#11867,.T.);
#13445 = ORIENTED_EDGE('',*,*,#13446,.T.);
#13446 = EDGE_CURVE('',#11868,#12549,#13447,.T.);
#13447 = LINE('',#13448,#13449);
#13448 = CARTESIAN_POINT('',(163.209857,-128.499897,-4.6E-02));
#13449 = VECTOR('',#13450,1.);
#13450 = DIRECTION('',(0.,0.,1.));
#13451 = ORIENTED_EDGE('',*,*,#12548,.F.);
#13452 = ORIENTED_EDGE('',*,*,#13446,.F.);
#13453 = CYLINDRICAL_SURFACE('',#13454,0.5);
#13454 = AXIS2_PLACEMENT_3D('',#13455,#13456,#13457);
#13455 = CARTESIAN_POINT('',(163.209857,-127.999897,-4.6E-02));
#13456 = DIRECTION('',(-0.,-0.,-1.));
#13457 = DIRECTION('',(-0.,-1.,0.));
#13458 = ADVANCED_FACE('',(#13459),#13470,.F.);
#13459 = FACE_BOUND('',#13460,.T.);
#13460 = EDGE_LOOP('',(#13461,#13462,#13468,#13469));
#13461 = ORIENTED_EDGE('',*,*,#11878,.T.);
#13462 = ORIENTED_EDGE('',*,*,#13463,.T.);
#13463 = EDGE_CURVE('',#11879,#12560,#13464,.T.);
#13464 = LINE('',#13465,#13466);
#13465 = CARTESIAN_POINT('',(165.749857,-128.499897,-4.6E-02));
#13466 = VECTOR('',#13467,1.);
#13467 = DIRECTION('',(0.,0.,1.));
#13468 = ORIENTED_EDGE('',*,*,#12559,.F.);
#13469 = ORIENTED_EDGE('',*,*,#13463,.F.);
#13470 = CYLINDRICAL_SURFACE('',#13471,0.5);
#13471 = AXIS2_PLACEMENT_3D('',#13472,#13473,#13474);
#13472 = CARTESIAN_POINT('',(165.749857,-127.999897,-4.6E-02));
#13473 = DIRECTION('',(-0.,-0.,-1.));
#13474 = DIRECTION('',(-0.,-1.,0.));
#13475 = ADVANCED_FACE('',(#13476),#13487,.F.);
#13476 = FACE_BOUND('',#13477,.T.);
#13477 = EDGE_LOOP('',(#13478,#13479,#13485,#13486));
#13478 = ORIENTED_EDGE('',*,*,#11889,.T.);
#13479 = ORIENTED_EDGE('',*,*,#13480,.T.);
#13480 = EDGE_CURVE('',#11890,#12571,#13481,.T.);
#13481 = LINE('',#13482,#13483);
#13482 = CARTESIAN_POINT('',(168.289857,-128.499897,-4.6E-02));
#13483 = VECTOR('',#13484,1.);
#13484 = DIRECTION('',(0.,0.,1.));
#13485 = ORIENTED_EDGE('',*,*,#12570,.F.);
#13486 = ORIENTED_EDGE('',*,*,#13480,.F.);
#13487 = CYLINDRICAL_SURFACE('',#13488,0.5);
#13488 = AXIS2_PLACEMENT_3D('',#13489,#13490,#13491);
#13489 = CARTESIAN_POINT('',(168.289857,-127.999897,-4.6E-02));
#13490 = DIRECTION('',(-0.,-0.,-1.));
#13491 = DIRECTION('',(-0.,-1.,0.));
#13492 = ADVANCED_FACE('',(#13493),#13504,.F.);
#13493 = FACE_BOUND('',#13494,.T.);
#13494 = EDGE_LOOP('',(#13495,#13496,#13502,#13503));
#13495 = ORIENTED_EDGE('',*,*,#11900,.T.);
#13496 = ORIENTED_EDGE('',*,*,#13497,.T.);
#13497 = EDGE_CURVE('',#11901,#12582,#13498,.T.);
#13498 = LINE('',#13499,#13500);
#13499 = CARTESIAN_POINT('',(170.829857,-128.499897,-4.6E-02));
#13500 = VECTOR('',#13501,1.);
#13501 = DIRECTION('',(0.,0.,1.));
#13502 = ORIENTED_EDGE('',*,*,#12581,.F.);
#13503 = ORIENTED_EDGE('',*,*,#13497,.F.);
#13504 = CYLINDRICAL_SURFACE('',#13505,0.5);
#13505 = AXIS2_PLACEMENT_3D('',#13506,#13507,#13508);
#13506 = CARTESIAN_POINT('',(170.829857,-127.999897,-4.6E-02));
#13507 = DIRECTION('',(-0.,-0.,-1.));
#13508 = DIRECTION('',(-0.,-1.,0.));
#13509 = ADVANCED_FACE('',(#13510),#13521,.F.);
#13510 = FACE_BOUND('',#13511,.T.);
#13511 = EDGE_LOOP('',(#13512,#13513,#13519,#13520));
#13512 = ORIENTED_EDGE('',*,*,#11911,.T.);
#13513 = ORIENTED_EDGE('',*,*,#13514,.T.);
#13514 = EDGE_CURVE('',#11912,#12593,#13515,.T.);
#13515 = LINE('',#13516,#13517);
#13516 = CARTESIAN_POINT('',(181.999857,-134.499897,-4.6E-02));
#13517 = VECTOR('',#13518,1.);
#13518 = DIRECTION('',(0.,0.,1.));
#13519 = ORIENTED_EDGE('',*,*,#12592,.F.);
#13520 = ORIENTED_EDGE('',*,*,#13514,.F.);
#13521 = CYLINDRICAL_SURFACE('',#13522,1.5);
#13522 = AXIS2_PLACEMENT_3D('',#13523,#13524,#13525);
#13523 = CARTESIAN_POINT('',(181.999857,-132.999897,-4.6E-02));
#13524 = DIRECTION('',(-0.,-0.,-1.));
#13525 = DIRECTION('',(-0.,-1.,0.));
#13526 = ADVANCED_FACE('',(#13527),#13538,.F.);
#13527 = FACE_BOUND('',#13528,.T.);
#13528 = EDGE_LOOP('',(#13529,#13530,#13536,#13537));
#13529 = ORIENTED_EDGE('',*,*,#11922,.T.);
#13530 = ORIENTED_EDGE('',*,*,#13531,.T.);
#13531 = EDGE_CURVE('',#11923,#12604,#13532,.T.);
#13532 = LINE('',#13533,#13534);
#13533 = CARTESIAN_POINT('',(176.249857,-128.599897,-4.6E-02));
#13534 = VECTOR('',#13535,1.);
#13535 = DIRECTION('',(0.,0.,1.));
#13536 = ORIENTED_EDGE('',*,*,#12603,.F.);
#13537 = ORIENTED_EDGE('',*,*,#13531,.F.);
#13538 = CYLINDRICAL_SURFACE('',#13539,0.35);
#13539 = AXIS2_PLACEMENT_3D('',#13540,#13541,#13542);
#13540 = CARTESIAN_POINT('',(176.249857,-128.249897,-4.6E-02));
#13541 = DIRECTION('',(-0.,-0.,-1.));
#13542 = DIRECTION('',(-0.,-1.,0.));
#13543 = ADVANCED_FACE('',(#13544),#13555,.F.);
#13544 = FACE_BOUND('',#13545,.T.);
#13545 = EDGE_LOOP('',(#13546,#13547,#13553,#13554));
#13546 = ORIENTED_EDGE('',*,*,#11933,.T.);
#13547 = ORIENTED_EDGE('',*,*,#13548,.T.);
#13548 = EDGE_CURVE('',#11934,#12615,#13549,.T.);
#13549 = LINE('',#13550,#13551);
#13550 = CARTESIAN_POINT('',(182.199857,-126.749897,-4.6E-02));
#13551 = VECTOR('',#13552,1.);
#13552 = DIRECTION('',(0.,0.,1.));
#13553 = ORIENTED_EDGE('',*,*,#12614,.F.);
#13554 = ORIENTED_EDGE('',*,*,#13548,.F.);
#13555 = CYLINDRICAL_SURFACE('',#13556,0.35);
#13556 = AXIS2_PLACEMENT_3D('',#13557,#13558,#13559);
#13557 = CARTESIAN_POINT('',(182.199857,-126.399897,-4.6E-02));
#13558 = DIRECTION('',(-0.,-0.,-1.));
#13559 = DIRECTION('',(-0.,-1.,0.));
#13560 = ADVANCED_FACE('',(#13561),#13572,.F.);
#13561 = FACE_BOUND('',#13562,.T.);
#13562 = EDGE_LOOP('',(#13563,#13564,#13570,#13571));
#13563 = ORIENTED_EDGE('',*,*,#11944,.T.);
#13564 = ORIENTED_EDGE('',*,*,#13565,.T.);
#13565 = EDGE_CURVE('',#11945,#12626,#13566,.T.);
#13566 = LINE('',#13567,#13568);
#13567 = CARTESIAN_POINT('',(183.569857,-123.634897,-4.6E-02));
#13568 = VECTOR('',#13569,1.);
#13569 = DIRECTION('',(0.,0.,1.));
#13570 = ORIENTED_EDGE('',*,*,#12625,.F.);
#13571 = ORIENTED_EDGE('',*,*,#13565,.F.);
#13572 = CYLINDRICAL_SURFACE('',#13573,0.635);
#13573 = AXIS2_PLACEMENT_3D('',#13574,#13575,#13576);
#13574 = CARTESIAN_POINT('',(183.569857,-122.999897,-4.6E-02));
#13575 = DIRECTION('',(-0.,-0.,-1.));
#13576 = DIRECTION('',(-0.,-1.,0.));
#13577 = ADVANCED_FACE('',(#13578),#13589,.F.);
#13578 = FACE_BOUND('',#13579,.T.);
#13579 = EDGE_LOOP('',(#13580,#13581,#13587,#13588));
#13580 = ORIENTED_EDGE('',*,*,#11955,.T.);
#13581 = ORIENTED_EDGE('',*,*,#13582,.T.);
#13582 = EDGE_CURVE('',#11956,#12637,#13583,.T.);
#13583 = LINE('',#13584,#13585);
#13584 = CARTESIAN_POINT('',(181.609857,-120.509897,-4.6E-02));
#13585 = VECTOR('',#13586,1.);
#13586 = DIRECTION('',(0.,0.,1.));
#13587 = ORIENTED_EDGE('',*,*,#12636,.F.);
#13588 = ORIENTED_EDGE('',*,*,#13582,.F.);
#13589 = CYLINDRICAL_SURFACE('',#13590,0.51);
#13590 = AXIS2_PLACEMENT_3D('',#13591,#13592,#13593);
#13591 = CARTESIAN_POINT('',(181.609857,-119.999897,-4.6E-02));
#13592 = DIRECTION('',(-0.,0.,-1.));
#13593 = DIRECTION('',(5.57288420204E-14,-1.,-0.));
#13594 = ADVANCED_FACE('',(#13595),#13606,.F.);
#13595 = FACE_BOUND('',#13596,.T.);
#13596 = EDGE_LOOP('',(#13597,#13598,#13604,#13605));
#13597 = ORIENTED_EDGE('',*,*,#11966,.T.);
#13598 = ORIENTED_EDGE('',*,*,#13599,.T.);
#13599 = EDGE_CURVE('',#11967,#12648,#13600,.T.);
#13600 = LINE('',#13601,#13602);
#13601 = CARTESIAN_POINT('',(181.609857,-117.509897,-4.6E-02));
#13602 = VECTOR('',#13603,1.);
#13603 = DIRECTION('',(0.,0.,1.));
#13604 = ORIENTED_EDGE('',*,*,#12647,.F.);
#13605 = ORIENTED_EDGE('',*,*,#13599,.F.);
#13606 = CYLINDRICAL_SURFACE('',#13607,0.51);
#13607 = AXIS2_PLACEMENT_3D('',#13608,#13609,#13610);
#13608 = CARTESIAN_POINT('',(181.609857,-116.999897,-4.6E-02));
#13609 = DIRECTION('',(-0.,0.,-1.));
#13610 = DIRECTION('',(5.57288420204E-14,-1.,-0.));
#13611 = ADVANCED_FACE('',(#13612),#13623,.F.);
#13612 = FACE_BOUND('',#13613,.T.);
#13613 = EDGE_LOOP('',(#13614,#13615,#13621,#13622));
#13614 = ORIENTED_EDGE('',*,*,#11977,.T.);
#13615 = ORIENTED_EDGE('',*,*,#13616,.T.);
#13616 = EDGE_CURVE('',#11978,#12659,#13617,.T.);
#13617 = LINE('',#13618,#13619);
#13618 = CARTESIAN_POINT('',(183.569857,-114.634897,-4.6E-02));
#13619 = VECTOR('',#13620,1.);
#13620 = DIRECTION('',(0.,0.,1.));
#13621 = ORIENTED_EDGE('',*,*,#12658,.F.);
#13622 = ORIENTED_EDGE('',*,*,#13616,.F.);
#13623 = CYLINDRICAL_SURFACE('',#13624,0.635);
#13624 = AXIS2_PLACEMENT_3D('',#13625,#13626,#13627);
#13625 = CARTESIAN_POINT('',(183.569857,-113.999897,-4.6E-02));
#13626 = DIRECTION('',(-0.,-0.,-1.));
#13627 = DIRECTION('',(-0.,-1.,0.));
#13628 = ADVANCED_FACE('',(#13629),#13640,.F.);
#13629 = FACE_BOUND('',#13630,.T.);
#13630 = EDGE_LOOP('',(#13631,#13632,#13638,#13639));
#13631 = ORIENTED_EDGE('',*,*,#11988,.T.);
#13632 = ORIENTED_EDGE('',*,*,#13633,.T.);
#13633 = EDGE_CURVE('',#11989,#12670,#13634,.T.);
#13634 = LINE('',#13635,#13636);
#13635 = CARTESIAN_POINT('',(129.084857,-101.259897,-4.6E-02));
#13636 = VECTOR('',#13637,1.);
#13637 = DIRECTION('',(0.,0.,1.));
#13638 = ORIENTED_EDGE('',*,*,#12669,.F.);
#13639 = ORIENTED_EDGE('',*,*,#13633,.F.);
#13640 = CYLINDRICAL_SURFACE('',#13641,0.51);
#13641 = AXIS2_PLACEMENT_3D('',#13642,#13643,#13644);
#13642 = CARTESIAN_POINT('',(129.084857,-100.749897,-4.6E-02));
#13643 = DIRECTION('',(-0.,-0.,-1.));
#13644 = DIRECTION('',(-0.,-1.,0.));
#13645 = ADVANCED_FACE('',(#13646),#13657,.F.);
#13646 = FACE_BOUND('',#13647,.T.);
#13647 = EDGE_LOOP('',(#13648,#13649,#13655,#13656));
#13648 = ORIENTED_EDGE('',*,*,#11999,.T.);
#13649 = ORIENTED_EDGE('',*,*,#13650,.T.);
#13650 = EDGE_CURVE('',#12000,#12681,#13651,.T.);
#13651 = LINE('',#13652,#13653);
#13652 = CARTESIAN_POINT('',(132.084857,-101.259897,-4.6E-02));
#13653 = VECTOR('',#13654,1.);
#13654 = DIRECTION('',(0.,0.,1.));
#13655 = ORIENTED_EDGE('',*,*,#12680,.F.);
#13656 = ORIENTED_EDGE('',*,*,#13650,.F.);
#13657 = CYLINDRICAL_SURFACE('',#13658,0.51);
#13658 = AXIS2_PLACEMENT_3D('',#13659,#13660,#13661);
#13659 = CARTESIAN_POINT('',(132.084857,-100.749897,-4.6E-02));
#13660 = DIRECTION('',(-0.,-0.,-1.));
#13661 = DIRECTION('',(-0.,-1.,0.));
#13662 = ADVANCED_FACE('',(#13663),#13674,.F.);
#13663 = FACE_BOUND('',#13664,.T.);
#13664 = EDGE_LOOP('',(#13665,#13666,#13672,#13673));
#13665 = ORIENTED_EDGE('',*,*,#12010,.T.);
#13666 = ORIENTED_EDGE('',*,*,#13667,.T.);
#13667 = EDGE_CURVE('',#12011,#12692,#13668,.T.);
#13668 = LINE('',#13669,#13670);
#13669 = CARTESIAN_POINT('',(129.084857,-98.259897,-4.6E-02));
#13670 = VECTOR('',#13671,1.);
#13671 = DIRECTION('',(0.,0.,1.));
#13672 = ORIENTED_EDGE('',*,*,#12691,.F.);
#13673 = ORIENTED_EDGE('',*,*,#13667,.F.);
#13674 = CYLINDRICAL_SURFACE('',#13675,0.51);
#13675 = AXIS2_PLACEMENT_3D('',#13676,#13677,#13678);
#13676 = CARTESIAN_POINT('',(129.084857,-97.749897,-4.6E-02));
#13677 = DIRECTION('',(-0.,-0.,-1.));
#13678 = DIRECTION('',(-0.,-1.,0.));
#13679 = ADVANCED_FACE('',(#13680),#13691,.F.);
#13680 = FACE_BOUND('',#13681,.T.);
#13681 = EDGE_LOOP('',(#13682,#13683,#13689,#13690));
#13682 = ORIENTED_EDGE('',*,*,#12021,.T.);
#13683 = ORIENTED_EDGE('',*,*,#13684,.T.);
#13684 = EDGE_CURVE('',#12022,#12703,#13685,.T.);
#13685 = LINE('',#13686,#13687);
#13686 = CARTESIAN_POINT('',(132.084857,-98.259897,-4.6E-02));
#13687 = VECTOR('',#13688,1.);
#13688 = DIRECTION('',(0.,0.,1.));
#13689 = ORIENTED_EDGE('',*,*,#12702,.F.);
#13690 = ORIENTED_EDGE('',*,*,#13684,.F.);
#13691 = CYLINDRICAL_SURFACE('',#13692,0.51);
#13692 = AXIS2_PLACEMENT_3D('',#13693,#13694,#13695);
#13693 = CARTESIAN_POINT('',(132.084857,-97.749897,-4.6E-02));
#13694 = DIRECTION('',(-0.,-0.,-1.));
#13695 = DIRECTION('',(-0.,-1.,0.));
#13696 = ADVANCED_FACE('',(#13697),#13708,.F.);
#13697 = FACE_BOUND('',#13698,.T.);
#13698 = EDGE_LOOP('',(#13699,#13700,#13706,#13707));
#13699 = ORIENTED_EDGE('',*,*,#12032,.T.);
#13700 = ORIENTED_EDGE('',*,*,#13701,.T.);
#13701 = EDGE_CURVE('',#12033,#12714,#13702,.T.);
#13702 = LINE('',#13703,#13704);
#13703 = CARTESIAN_POINT('',(124.764857,-95.389897,-4.6E-02));
#13704 = VECTOR('',#13705,1.);
#13705 = DIRECTION('',(0.,0.,1.));
#13706 = ORIENTED_EDGE('',*,*,#12713,.F.);
#13707 = ORIENTED_EDGE('',*,*,#13701,.F.);
#13708 = CYLINDRICAL_SURFACE('',#13709,1.5);
#13709 = AXIS2_PLACEMENT_3D('',#13710,#13711,#13712);
#13710 = CARTESIAN_POINT('',(124.764857,-93.889897,-4.6E-02));
#13711 = DIRECTION('',(-0.,-0.,-1.));
#13712 = DIRECTION('',(-0.,-1.,0.));
#13713 = ADVANCED_FACE('',(#13714),#13725,.F.);
#13714 = FACE_BOUND('',#13715,.T.);
#13715 = EDGE_LOOP('',(#13716,#13717,#13723,#13724));
#13716 = ORIENTED_EDGE('',*,*,#12043,.T.);
#13717 = ORIENTED_EDGE('',*,*,#13718,.T.);
#13718 = EDGE_CURVE('',#12044,#12725,#13719,.T.);
#13719 = LINE('',#13720,#13721);
#13720 = CARTESIAN_POINT('',(129.084857,-95.259897,-4.6E-02));
#13721 = VECTOR('',#13722,1.);
#13722 = DIRECTION('',(0.,0.,1.));
#13723 = ORIENTED_EDGE('',*,*,#12724,.F.);
#13724 = ORIENTED_EDGE('',*,*,#13718,.F.);
#13725 = CYLINDRICAL_SURFACE('',#13726,0.51);
#13726 = AXIS2_PLACEMENT_3D('',#13727,#13728,#13729);
#13727 = CARTESIAN_POINT('',(129.084857,-94.749897,-4.6E-02));
#13728 = DIRECTION('',(-0.,-0.,-1.));
#13729 = DIRECTION('',(-0.,-1.,0.));
#13730 = ADVANCED_FACE('',(#13731),#13742,.F.);
#13731 = FACE_BOUND('',#13732,.T.);
#13732 = EDGE_LOOP('',(#13733,#13734,#13740,#13741));
#13733 = ORIENTED_EDGE('',*,*,#12054,.T.);
#13734 = ORIENTED_EDGE('',*,*,#13735,.T.);
#13735 = EDGE_CURVE('',#12055,#12736,#13736,.T.);
#13736 = LINE('',#13737,#13738);
#13737 = CARTESIAN_POINT('',(132.084857,-95.259897,-4.6E-02));
#13738 = VECTOR('',#13739,1.);
#13739 = DIRECTION('',(0.,0.,1.));
#13740 = ORIENTED_EDGE('',*,*,#12735,.F.);
#13741 = ORIENTED_EDGE('',*,*,#13735,.F.);
#13742 = CYLINDRICAL_SURFACE('',#13743,0.51);
#13743 = AXIS2_PLACEMENT_3D('',#13744,#13745,#13746);
#13744 = CARTESIAN_POINT('',(132.084857,-94.749897,-4.6E-02));
#13745 = DIRECTION('',(-0.,-0.,-1.));
#13746 = DIRECTION('',(-0.,-1.,0.));
#13747 = ADVANCED_FACE('',(#13748),#13759,.F.);
#13748 = FACE_BOUND('',#13749,.T.);
#13749 = EDGE_LOOP('',(#13750,#13751,#13757,#13758));
#13750 = ORIENTED_EDGE('',*,*,#12065,.T.);
#13751 = ORIENTED_EDGE('',*,*,#13752,.T.);
#13752 = EDGE_CURVE('',#12066,#12747,#13753,.T.);
#13753 = LINE('',#13754,#13755);
#13754 = CARTESIAN_POINT('',(129.084857,-92.259897,-4.6E-02));
#13755 = VECTOR('',#13756,1.);
#13756 = DIRECTION('',(0.,0.,1.));
#13757 = ORIENTED_EDGE('',*,*,#12746,.F.);
#13758 = ORIENTED_EDGE('',*,*,#13752,.F.);
#13759 = CYLINDRICAL_SURFACE('',#13760,0.51);
#13760 = AXIS2_PLACEMENT_3D('',#13761,#13762,#13763);
#13761 = CARTESIAN_POINT('',(129.084857,-91.749897,-4.6E-02));
#13762 = DIRECTION('',(-0.,-0.,-1.));
#13763 = DIRECTION('',(-0.,-1.,0.));
#13764 = ADVANCED_FACE('',(#13765),#13776,.F.);
#13765 = FACE_BOUND('',#13766,.T.);
#13766 = EDGE_LOOP('',(#13767,#13768,#13774,#13775));
#13767 = ORIENTED_EDGE('',*,*,#12076,.T.);
#13768 = ORIENTED_EDGE('',*,*,#13769,.T.);
#13769 = EDGE_CURVE('',#12077,#12758,#13770,.T.);
#13770 = LINE('',#13771,#13772);
#13771 = CARTESIAN_POINT('',(132.084857,-92.259897,-4.6E-02));
#13772 = VECTOR('',#13773,1.);
#13773 = DIRECTION('',(0.,0.,1.));
#13774 = ORIENTED_EDGE('',*,*,#12757,.F.);
#13775 = ORIENTED_EDGE('',*,*,#13769,.F.);
#13776 = CYLINDRICAL_SURFACE('',#13777,0.51);
#13777 = AXIS2_PLACEMENT_3D('',#13778,#13779,#13780);
#13778 = CARTESIAN_POINT('',(132.084857,-91.749897,-4.6E-02));
#13779 = DIRECTION('',(-0.,-0.,-1.));
#13780 = DIRECTION('',(-0.,-1.,0.));
#13781 = ADVANCED_FACE('',(#13782),#13793,.F.);
#13782 = FACE_BOUND('',#13783,.T.);
#13783 = EDGE_LOOP('',(#13784,#13785,#13791,#13792));
#13784 = ORIENTED_EDGE('',*,*,#12087,.T.);
#13785 = ORIENTED_EDGE('',*,*,#13786,.T.);
#13786 = EDGE_CURVE('',#12088,#12769,#13787,.T.);
#13787 = LINE('',#13788,#13789);
#13788 = CARTESIAN_POINT('',(102.999857,-74.499897,-4.6E-02));
#13789 = VECTOR('',#13790,1.);
#13790 = DIRECTION('',(0.,0.,1.));
#13791 = ORIENTED_EDGE('',*,*,#12768,.F.);
#13792 = ORIENTED_EDGE('',*,*,#13786,.F.);
#13793 = CYLINDRICAL_SURFACE('',#13794,1.5);
#13794 = AXIS2_PLACEMENT_3D('',#13795,#13796,#13797);
#13795 = CARTESIAN_POINT('',(102.999857,-72.999897,-4.6E-02));
#13796 = DIRECTION('',(-0.,-0.,-1.));
#13797 = DIRECTION('',(-0.,-1.,0.));
#13798 = ADVANCED_FACE('',(#13799),#13810,.F.);
#13799 = FACE_BOUND('',#13800,.T.);
#13800 = EDGE_LOOP('',(#13801,#13802,#13808,#13809));
#13801 = ORIENTED_EDGE('',*,*,#12098,.T.);
#13802 = ORIENTED_EDGE('',*,*,#13803,.T.);
#13803 = EDGE_CURVE('',#12099,#12780,#13804,.T.);
#13804 = LINE('',#13805,#13806);
#13805 = CARTESIAN_POINT('',(147.999857,-78.499897,-4.6E-02));
#13806 = VECTOR('',#13807,1.);
#13807 = DIRECTION('',(0.,0.,1.));
#13808 = ORIENTED_EDGE('',*,*,#12779,.F.);
#13809 = ORIENTED_EDGE('',*,*,#13803,.F.);
#13810 = CYLINDRICAL_SURFACE('',#13811,0.5);
#13811 = AXIS2_PLACEMENT_3D('',#13812,#13813,#13814);
#13812 = CARTESIAN_POINT('',(147.999857,-77.999897,-4.6E-02));
#13813 = DIRECTION('',(-0.,-0.,-1.));
#13814 = DIRECTION('',(-0.,-1.,0.));
#13815 = ADVANCED_FACE('',(#13816),#13827,.F.);
#13816 = FACE_BOUND('',#13817,.T.);
#13817 = EDGE_LOOP('',(#13818,#13819,#13825,#13826));
#13818 = ORIENTED_EDGE('',*,*,#12109,.T.);
#13819 = ORIENTED_EDGE('',*,*,#13820,.T.);
#13820 = EDGE_CURVE('',#12110,#12791,#13821,.T.);
#13821 = LINE('',#13822,#13823);
#13822 = CARTESIAN_POINT('',(150.539857,-78.499897,-4.6E-02));
#13823 = VECTOR('',#13824,1.);
#13824 = DIRECTION('',(0.,0.,1.));
#13825 = ORIENTED_EDGE('',*,*,#12790,.F.);
#13826 = ORIENTED_EDGE('',*,*,#13820,.F.);
#13827 = CYLINDRICAL_SURFACE('',#13828,0.5);
#13828 = AXIS2_PLACEMENT_3D('',#13829,#13830,#13831);
#13829 = CARTESIAN_POINT('',(150.539857,-77.999897,-4.6E-02));
#13830 = DIRECTION('',(-0.,-0.,-1.));
#13831 = DIRECTION('',(-0.,-1.,0.));
#13832 = ADVANCED_FACE('',(#13833),#13844,.F.);
#13833 = FACE_BOUND('',#13834,.T.);
#13834 = EDGE_LOOP('',(#13835,#13836,#13842,#13843));
#13835 = ORIENTED_EDGE('',*,*,#12120,.T.);
#13836 = ORIENTED_EDGE('',*,*,#13837,.T.);
#13837 = EDGE_CURVE('',#12121,#12802,#13838,.T.);
#13838 = LINE('',#13839,#13840);
#13839 = CARTESIAN_POINT('',(153.079857,-78.499897,-4.6E-02));
#13840 = VECTOR('',#13841,1.);
#13841 = DIRECTION('',(0.,0.,1.));
#13842 = ORIENTED_EDGE('',*,*,#12801,.F.);
#13843 = ORIENTED_EDGE('',*,*,#13837,.F.);
#13844 = CYLINDRICAL_SURFACE('',#13845,0.5);
#13845 = AXIS2_PLACEMENT_3D('',#13846,#13847,#13848);
#13846 = CARTESIAN_POINT('',(153.079857,-77.999897,-4.6E-02));
#13847 = DIRECTION('',(-0.,-0.,-1.));
#13848 = DIRECTION('',(-0.,-1.,0.));
#13849 = ADVANCED_FACE('',(#13850),#13861,.F.);
#13850 = FACE_BOUND('',#13851,.T.);
#13851 = EDGE_LOOP('',(#13852,#13853,#13859,#13860));
#13852 = ORIENTED_EDGE('',*,*,#12131,.T.);
#13853 = ORIENTED_EDGE('',*,*,#13854,.T.);
#13854 = EDGE_CURVE('',#12132,#12813,#13855,.T.);
#13855 = LINE('',#13856,#13857);
#13856 = CARTESIAN_POINT('',(155.619857,-78.499897,-4.6E-02));
#13857 = VECTOR('',#13858,1.);
#13858 = DIRECTION('',(0.,0.,1.));
#13859 = ORIENTED_EDGE('',*,*,#12812,.F.);
#13860 = ORIENTED_EDGE('',*,*,#13854,.F.);
#13861 = CYLINDRICAL_SURFACE('',#13862,0.5);
#13862 = AXIS2_PLACEMENT_3D('',#13863,#13864,#13865);
#13863 = CARTESIAN_POINT('',(155.619857,-77.999897,-4.6E-02));
#13864 = DIRECTION('',(-0.,-0.,-1.));
#13865 = DIRECTION('',(-0.,-1.,0.));
#13866 = ADVANCED_FACE('',(#13867),#13878,.F.);
#13867 = FACE_BOUND('',#13868,.T.);
#13868 = EDGE_LOOP('',(#13869,#13870,#13876,#13877));
#13869 = ORIENTED_EDGE('',*,*,#12142,.T.);
#13870 = ORIENTED_EDGE('',*,*,#13871,.T.);
#13871 = EDGE_CURVE('',#12143,#12824,#13872,.T.);
#13872 = LINE('',#13873,#13874);
#13873 = CARTESIAN_POINT('',(158.159857,-78.499897,-4.6E-02));
#13874 = VECTOR('',#13875,1.);
#13875 = DIRECTION('',(0.,0.,1.));
#13876 = ORIENTED_EDGE('',*,*,#12823,.F.);
#13877 = ORIENTED_EDGE('',*,*,#13871,.F.);
#13878 = CYLINDRICAL_SURFACE('',#13879,0.5);
#13879 = AXIS2_PLACEMENT_3D('',#13880,#13881,#13882);
#13880 = CARTESIAN_POINT('',(158.159857,-77.999897,-4.6E-02));
#13881 = DIRECTION('',(-0.,-0.,-1.));
#13882 = DIRECTION('',(-0.,-1.,0.));
#13883 = ADVANCED_FACE('',(#13884),#13895,.F.);
#13884 = FACE_BOUND('',#13885,.T.);
#13885 = EDGE_LOOP('',(#13886,#13887,#13893,#13894));
#13886 = ORIENTED_EDGE('',*,*,#12153,.T.);
#13887 = ORIENTED_EDGE('',*,*,#13888,.T.);
#13888 = EDGE_CURVE('',#12154,#12835,#13889,.T.);
#13889 = LINE('',#13890,#13891);
#13890 = CARTESIAN_POINT('',(160.699857,-78.499897,-4.6E-02));
#13891 = VECTOR('',#13892,1.);
#13892 = DIRECTION('',(0.,0.,1.));
#13893 = ORIENTED_EDGE('',*,*,#12834,.F.);
#13894 = ORIENTED_EDGE('',*,*,#13888,.F.);
#13895 = CYLINDRICAL_SURFACE('',#13896,0.5);
#13896 = AXIS2_PLACEMENT_3D('',#13897,#13898,#13899);
#13897 = CARTESIAN_POINT('',(160.699857,-77.999897,-4.6E-02));
#13898 = DIRECTION('',(-0.,-0.,-1.));
#13899 = DIRECTION('',(-0.,-1.,0.));
#13900 = ADVANCED_FACE('',(#13901),#13912,.F.);
#13901 = FACE_BOUND('',#13902,.T.);
#13902 = EDGE_LOOP('',(#13903,#13904,#13910,#13911));
#13903 = ORIENTED_EDGE('',*,*,#12164,.T.);
#13904 = ORIENTED_EDGE('',*,*,#13905,.T.);
#13905 = EDGE_CURVE('',#12165,#12846,#13906,.T.);
#13906 = LINE('',#13907,#13908);
#13907 = CARTESIAN_POINT('',(163.239857,-78.499897,-4.6E-02));
#13908 = VECTOR('',#13909,1.);
#13909 = DIRECTION('',(0.,0.,1.));
#13910 = ORIENTED_EDGE('',*,*,#12845,.F.);
#13911 = ORIENTED_EDGE('',*,*,#13905,.F.);
#13912 = CYLINDRICAL_SURFACE('',#13913,0.5);
#13913 = AXIS2_PLACEMENT_3D('',#13914,#13915,#13916);
#13914 = CARTESIAN_POINT('',(163.239857,-77.999897,-4.6E-02));
#13915 = DIRECTION('',(-0.,-0.,-1.));
#13916 = DIRECTION('',(-0.,-1.,0.));
#13917 = ADVANCED_FACE('',(#13918),#13929,.F.);
#13918 = FACE_BOUND('',#13919,.T.);
#13919 = EDGE_LOOP('',(#13920,#13921,#13927,#13928));
#13920 = ORIENTED_EDGE('',*,*,#12175,.T.);
#13921 = ORIENTED_EDGE('',*,*,#13922,.T.);
#13922 = EDGE_CURVE('',#12176,#12857,#13923,.T.);
#13923 = LINE('',#13924,#13925);
#13924 = CARTESIAN_POINT('',(165.779857,-78.499897,-4.6E-02));
#13925 = VECTOR('',#13926,1.);
#13926 = DIRECTION('',(0.,0.,1.));
#13927 = ORIENTED_EDGE('',*,*,#12856,.F.);
#13928 = ORIENTED_EDGE('',*,*,#13922,.F.);
#13929 = CYLINDRICAL_SURFACE('',#13930,0.5);
#13930 = AXIS2_PLACEMENT_3D('',#13931,#13932,#13933);
#13931 = CARTESIAN_POINT('',(165.779857,-77.999897,-4.6E-02));
#13932 = DIRECTION('',(-0.,-0.,-1.));
#13933 = DIRECTION('',(-0.,-1.,0.));
#13934 = ADVANCED_FACE('',(#13935),#13946,.F.);
#13935 = FACE_BOUND('',#13936,.T.);
#13936 = EDGE_LOOP('',(#13937,#13938,#13944,#13945));
#13937 = ORIENTED_EDGE('',*,*,#12186,.T.);
#13938 = ORIENTED_EDGE('',*,*,#13939,.T.);
#13939 = EDGE_CURVE('',#12187,#12868,#13940,.T.);
#13940 = LINE('',#13941,#13942);
#13941 = CARTESIAN_POINT('',(168.319857,-78.499897,-4.6E-02));
#13942 = VECTOR('',#13943,1.);
#13943 = DIRECTION('',(0.,0.,1.));
#13944 = ORIENTED_EDGE('',*,*,#12867,.F.);
#13945 = ORIENTED_EDGE('',*,*,#13939,.F.);
#13946 = CYLINDRICAL_SURFACE('',#13947,0.5);
#13947 = AXIS2_PLACEMENT_3D('',#13948,#13949,#13950);
#13948 = CARTESIAN_POINT('',(168.319857,-77.999897,-4.6E-02));
#13949 = DIRECTION('',(-0.,-0.,-1.));
#13950 = DIRECTION('',(-0.,-1.,0.));
#13951 = ADVANCED_FACE('',(#13952),#13963,.F.);
#13952 = FACE_BOUND('',#13953,.T.);
#13953 = EDGE_LOOP('',(#13954,#13955,#13961,#13962));
#13954 = ORIENTED_EDGE('',*,*,#12197,.T.);
#13955 = ORIENTED_EDGE('',*,*,#13956,.T.);
#13956 = EDGE_CURVE('',#12198,#12879,#13957,.T.);
#13957 = LINE('',#13958,#13959);
#13958 = CARTESIAN_POINT('',(170.859857,-78.499897,-4.6E-02));
#13959 = VECTOR('',#13960,1.);
#13960 = DIRECTION('',(0.,0.,1.));
#13961 = ORIENTED_EDGE('',*,*,#12878,.F.);
#13962 = ORIENTED_EDGE('',*,*,#13956,.F.);
#13963 = CYLINDRICAL_SURFACE('',#13964,0.5);
#13964 = AXIS2_PLACEMENT_3D('',#13965,#13966,#13967);
#13965 = CARTESIAN_POINT('',(170.859857,-77.999897,-4.6E-02));
#13966 = DIRECTION('',(-0.,-0.,-1.));
#13967 = DIRECTION('',(-0.,-1.,0.));
#13968 = ADVANCED_FACE('',(#13969),#13980,.F.);
#13969 = FACE_BOUND('',#13970,.T.);
#13970 = EDGE_LOOP('',(#13971,#13972,#13978,#13979));
#13971 = ORIENTED_EDGE('',*,*,#12208,.T.);
#13972 = ORIENTED_EDGE('',*,*,#13973,.T.);
#13973 = EDGE_CURVE('',#12209,#12890,#13974,.T.);
#13974 = LINE('',#13975,#13976);
#13975 = CARTESIAN_POINT('',(181.999857,-74.499897,-4.6E-02));
#13976 = VECTOR('',#13977,1.);
#13977 = DIRECTION('',(0.,0.,1.));
#13978 = ORIENTED_EDGE('',*,*,#12889,.F.);
#13979 = ORIENTED_EDGE('',*,*,#13973,.F.);
#13980 = CYLINDRICAL_SURFACE('',#13981,1.5);
#13981 = AXIS2_PLACEMENT_3D('',#13982,#13983,#13984);
#13982 = CARTESIAN_POINT('',(181.999857,-72.999897,-4.6E-02));
#13983 = DIRECTION('',(-0.,-0.,-1.));
#13984 = DIRECTION('',(-0.,-1.,0.));
#13985 = ( GEOMETRIC_REPRESENTATION_CONTEXT(3) 
GLOBAL_UNCERTAINTY_ASSIGNED_CONTEXT((#13989)) 
GLOBAL_UNIT_ASSIGNED_CONTEXT((#13986,#13987,#13988)) 
REPRESENTATION_CONTEXT('Context #1',
  '3D Context with UNIT and UNCERTAINTY') );
#13986 = ( LENGTH_UNIT() NAMED_UNIT(*) SI_UNIT(.MILLI.,.METRE.) );
#13987 = ( NAMED_UNIT(*) PLANE_ANGLE_UNIT() SI_UNIT($,.RADIAN.) );
#13988 = ( NAMED_UNIT(*) SI_UNIT($,.STERADIAN.) SOLID_ANGLE_UNIT() );
#13989 = UNCERTAINTY_MEASURE_WITH_UNIT(LENGTH_MEASURE(1.E-07),#13986,
  'distance_accuracy_value','confusion accuracy');
#13990 = CONTEXT_DEPENDENT_SHAPE_REPRESENTATION(#13991,#13993);
#13991 = ( REPRESENTATION_RELATIONSHIP('','',#11433,#10) 
REPRESENTATION_RELATIONSHIP_WITH_TRANSFORMATION(#13992) 
SHAPE_REPRESENTATION_RELATIONSHIP() );
#13992 = ITEM_DEFINED_TRANSFORMATION('','',#11,#231);
#13993 = PRODUCT_DEFINITION_SHAPE('Placement','Placement of an item',
  #13994);
#13994 = NEXT_ASSEMBLY_USAGE_OCCURRENCE('1375','=>[0:1:1:7]','',#5,
  #11428,$);
#13995 = PRODUCT_RELATED_PRODUCT_CATEGORY('part',$,(#11430));
#13996 = MECHANICAL_DESIGN_GEOMETRIC_PRESENTATION_REPRESENTATION('',(
    #13997,#14005,#14012,#14019,#14026,#14033,#14040,#14047,#14055,
    #14062,#14069,#14076,#14083,#14090,#14097,#14104,#14111,#14118,
    #14125,#14132,#14139,#14146,#14153,#14160,#14167,#14174,#14181,
    #14188,#14195,#14202,#14209,#14216,#14223,#14230,#14237,#14244,
    #14252,#14259,#14266,#14273,#14280,#14287,#14294,#14301,#14308,
    #14315,#14322,#14329,#14336,#14343),#11380);
#13997 = STYLED_ITEM('color',(#13998),#9859);
#13998 = PRESENTATION_STYLE_ASSIGNMENT((#13999));
#13999 = SURFACE_STYLE_USAGE(.BOTH.,#14000);
#14000 = SURFACE_SIDE_STYLE('',(#14001));
#14001 = SURFACE_STYLE_FILL_AREA(#14002);
#14002 = FILL_AREA_STYLE('',(#14003));
#14003 = FILL_AREA_STYLE_COLOUR('',#14004);
#14004 = COLOUR_RGB('',0.894999966383,0.890999961016,0.813000030345);
#14005 = STYLED_ITEM('color',(#14006),#9899);
#14006 = PRESENTATION_STYLE_ASSIGNMENT((#14007));
#14007 = SURFACE_STYLE_USAGE(.BOTH.,#14008);
#14008 = SURFACE_SIDE_STYLE('',(#14009));
#14009 = SURFACE_STYLE_FILL_AREA(#14010);
#14010 = FILL_AREA_STYLE('',(#14011));
#14011 = FILL_AREA_STYLE_COLOUR('',#14004);
#14012 = STYLED_ITEM('color',(#14013),#9946);
#14013 = PRESENTATION_STYLE_ASSIGNMENT((#14014));
#14014 = SURFACE_STYLE_USAGE(.BOTH.,#14015);
#14015 = SURFACE_SIDE_STYLE('',(#14016));
#14016 = SURFACE_STYLE_FILL_AREA(#14017);
#14017 = FILL_AREA_STYLE('',(#14018));
#14018 = FILL_AREA_STYLE_COLOUR('',#14004);
#14019 = STYLED_ITEM('color',(#14020),#10025);
#14020 = PRESENTATION_STYLE_ASSIGNMENT((#14021));
#14021 = SURFACE_STYLE_USAGE(.BOTH.,#14022);
#14022 = SURFACE_SIDE_STYLE('',(#14023));
#14023 = SURFACE_STYLE_FILL_AREA(#14024);
#14024 = FILL_AREA_STYLE('',(#14025));
#14025 = FILL_AREA_STYLE_COLOUR('',#14004);
#14026 = STYLED_ITEM('color',(#14027),#10049);
#14027 = PRESENTATION_STYLE_ASSIGNMENT((#14028));
#14028 = SURFACE_STYLE_USAGE(.BOTH.,#14029);
#14029 = SURFACE_SIDE_STYLE('',(#14030));
#14030 = SURFACE_STYLE_FILL_AREA(#14031);
#14031 = FILL_AREA_STYLE('',(#14032));
#14032 = FILL_AREA_STYLE_COLOUR('',#14004);
#14033 = STYLED_ITEM('color',(#14034),#10089);
#14034 = PRESENTATION_STYLE_ASSIGNMENT((#14035));
#14035 = SURFACE_STYLE_USAGE(.BOTH.,#14036);
#14036 = SURFACE_SIDE_STYLE('',(#14037));
#14037 = SURFACE_STYLE_FILL_AREA(#14038);
#14038 = FILL_AREA_STYLE('',(#14039));
#14039 = FILL_AREA_STYLE_COLOUR('',#14004);
#14040 = STYLED_ITEM('color',(#14041),#10120);
#14041 = PRESENTATION_STYLE_ASSIGNMENT((#14042));
#14042 = SURFACE_STYLE_USAGE(.BOTH.,#14043);
#14043 = SURFACE_SIDE_STYLE('',(#14044));
#14044 = SURFACE_STYLE_FILL_AREA(#14045);
#14045 = FILL_AREA_STYLE('',(#14046));
#14046 = FILL_AREA_STYLE_COLOUR('',#14004);
#14047 = STYLED_ITEM('color',(#14048),#10137);
#14048 = PRESENTATION_STYLE_ASSIGNMENT((#14049));
#14049 = SURFACE_STYLE_USAGE(.BOTH.,#14050);
#14050 = SURFACE_SIDE_STYLE('',(#14051));
#14051 = SURFACE_STYLE_FILL_AREA(#14052);
#14052 = FILL_AREA_STYLE('',(#14053));
#14053 = FILL_AREA_STYLE_COLOUR('',#14054);
#14054 = COLOUR_RGB('',0.859000020776,0.737999965183,0.495999988746);
#14055 = STYLED_ITEM('color',(#14056),#10170);
#14056 = PRESENTATION_STYLE_ASSIGNMENT((#14057));
#14057 = SURFACE_STYLE_USAGE(.BOTH.,#14058);
#14058 = SURFACE_SIDE_STYLE('',(#14059));
#14059 = SURFACE_STYLE_FILL_AREA(#14060);
#14060 = FILL_AREA_STYLE('',(#14061));
#14061 = FILL_AREA_STYLE_COLOUR('',#14004);
#14062 = STYLED_ITEM('color',(#14063),#10194);
#14063 = PRESENTATION_STYLE_ASSIGNMENT((#14064));
#14064 = SURFACE_STYLE_USAGE(.BOTH.,#14065);
#14065 = SURFACE_SIDE_STYLE('',(#14066));
#14066 = SURFACE_STYLE_FILL_AREA(#14067);
#14067 = FILL_AREA_STYLE('',(#14068));
#14068 = FILL_AREA_STYLE_COLOUR('',#14054);
#14069 = STYLED_ITEM('color',(#14070),#10261);
#14070 = PRESENTATION_STYLE_ASSIGNMENT((#14071));
#14071 = SURFACE_STYLE_USAGE(.BOTH.,#14072);
#14072 = SURFACE_SIDE_STYLE('',(#14073));
#14073 = SURFACE_STYLE_FILL_AREA(#14074);
#14074 = FILL_AREA_STYLE('',(#14075));
#14075 = FILL_AREA_STYLE_COLOUR('',#14004);
#14076 = STYLED_ITEM('color',(#14077),#10382);
#14077 = PRESENTATION_STYLE_ASSIGNMENT((#14078));
#14078 = SURFACE_STYLE_USAGE(.BOTH.,#14079);
#14079 = SURFACE_SIDE_STYLE('',(#14080));
#14080 = SURFACE_STYLE_FILL_AREA(#14081);
#14081 = FILL_AREA_STYLE('',(#14082));
#14082 = FILL_AREA_STYLE_COLOUR('',#14054);
#14083 = STYLED_ITEM('color',(#14084),#10449);
#14084 = PRESENTATION_STYLE_ASSIGNMENT((#14085));
#14085 = SURFACE_STYLE_USAGE(.BOTH.,#14086);
#14086 = SURFACE_SIDE_STYLE('',(#14087));
#14087 = SURFACE_STYLE_FILL_AREA(#14088);
#14088 = FILL_AREA_STYLE('',(#14089));
#14089 = FILL_AREA_STYLE_COLOUR('',#14004);
#14090 = STYLED_ITEM('color',(#14091),#10473);
#14091 = PRESENTATION_STYLE_ASSIGNMENT((#14092));
#14092 = SURFACE_STYLE_USAGE(.BOTH.,#14093);
#14093 = SURFACE_SIDE_STYLE('',(#14094));
#14094 = SURFACE_STYLE_FILL_AREA(#14095);
#14095 = FILL_AREA_STYLE('',(#14096));
#14096 = FILL_AREA_STYLE_COLOUR('',#14004);
#14097 = STYLED_ITEM('color',(#14098),#10504);
#14098 = PRESENTATION_STYLE_ASSIGNMENT((#14099));
#14099 = SURFACE_STYLE_USAGE(.BOTH.,#14100);
#14100 = SURFACE_SIDE_STYLE('',(#14101));
#14101 = SURFACE_STYLE_FILL_AREA(#14102);
#14102 = FILL_AREA_STYLE('',(#14103));
#14103 = FILL_AREA_STYLE_COLOUR('',#14054);
#14104 = STYLED_ITEM('color',(#14105),#10537);
#14105 = PRESENTATION_STYLE_ASSIGNMENT((#14106));
#14106 = SURFACE_STYLE_USAGE(.BOTH.,#14107);
#14107 = SURFACE_SIDE_STYLE('',(#14108));
#14108 = SURFACE_STYLE_FILL_AREA(#14109);
#14109 = FILL_AREA_STYLE('',(#14110));
#14110 = FILL_AREA_STYLE_COLOUR('',#14004);
#14111 = STYLED_ITEM('color',(#14112),#10593);
#14112 = PRESENTATION_STYLE_ASSIGNMENT((#14113));
#14113 = SURFACE_STYLE_USAGE(.BOTH.,#14114);
#14114 = SURFACE_SIDE_STYLE('',(#14115));
#14115 = SURFACE_STYLE_FILL_AREA(#14116);
#14116 = FILL_AREA_STYLE('',(#14117));
#14117 = FILL_AREA_STYLE_COLOUR('',#14054);
#14118 = STYLED_ITEM('color',(#14119),#10617);
#14119 = PRESENTATION_STYLE_ASSIGNMENT((#14120));
#14120 = SURFACE_STYLE_USAGE(.BOTH.,#14121);
#14121 = SURFACE_SIDE_STYLE('',(#14122));
#14122 = SURFACE_STYLE_FILL_AREA(#14123);
#14123 = FILL_AREA_STYLE('',(#14124));
#14124 = FILL_AREA_STYLE_COLOUR('',#14054);
#14125 = STYLED_ITEM('color',(#14126),#10641);
#14126 = PRESENTATION_STYLE_ASSIGNMENT((#14127));
#14127 = SURFACE_STYLE_USAGE(.BOTH.,#14128);
#14128 = SURFACE_SIDE_STYLE('',(#14129));
#14129 = SURFACE_STYLE_FILL_AREA(#14130);
#14130 = FILL_AREA_STYLE('',(#14131));
#14131 = FILL_AREA_STYLE_COLOUR('',#14054);
#14132 = STYLED_ITEM('color',(#14133),#10665);
#14133 = PRESENTATION_STYLE_ASSIGNMENT((#14134));
#14134 = SURFACE_STYLE_USAGE(.BOTH.,#14135);
#14135 = SURFACE_SIDE_STYLE('',(#14136));
#14136 = SURFACE_STYLE_FILL_AREA(#14137);
#14137 = FILL_AREA_STYLE('',(#14138));
#14138 = FILL_AREA_STYLE_COLOUR('',#14054);
#14139 = STYLED_ITEM('color',(#14140),#10698);
#14140 = PRESENTATION_STYLE_ASSIGNMENT((#14141));
#14141 = SURFACE_STYLE_USAGE(.BOTH.,#14142);
#14142 = SURFACE_SIDE_STYLE('',(#14143));
#14143 = SURFACE_STYLE_FILL_AREA(#14144);
#14144 = FILL_AREA_STYLE('',(#14145));
#14145 = FILL_AREA_STYLE_COLOUR('',#14054);
#14146 = STYLED_ITEM('color',(#14147),#10710);
#14147 = PRESENTATION_STYLE_ASSIGNMENT((#14148));
#14148 = SURFACE_STYLE_USAGE(.BOTH.,#14149);
#14149 = SURFACE_SIDE_STYLE('',(#14150));
#14150 = SURFACE_STYLE_FILL_AREA(#14151);
#14151 = FILL_AREA_STYLE('',(#14152));
#14152 = FILL_AREA_STYLE_COLOUR('',#14054);
#14153 = STYLED_ITEM('color',(#14154),#10773);
#14154 = PRESENTATION_STYLE_ASSIGNMENT((#14155));
#14155 = SURFACE_STYLE_USAGE(.BOTH.,#14156);
#14156 = SURFACE_SIDE_STYLE('',(#14157));
#14157 = SURFACE_STYLE_FILL_AREA(#14158);
#14158 = FILL_AREA_STYLE('',(#14159));
#14159 = FILL_AREA_STYLE_COLOUR('',#14054);
#14160 = STYLED_ITEM('color',(#14161),#10798);
#14161 = PRESENTATION_STYLE_ASSIGNMENT((#14162));
#14162 = SURFACE_STYLE_USAGE(.BOTH.,#14163);
#14163 = SURFACE_SIDE_STYLE('',(#14164));
#14164 = SURFACE_STYLE_FILL_AREA(#14165);
#14165 = FILL_AREA_STYLE('',(#14166));
#14166 = FILL_AREA_STYLE_COLOUR('',#14054);
#14167 = STYLED_ITEM('color',(#14168),#10815);
#14168 = PRESENTATION_STYLE_ASSIGNMENT((#14169));
#14169 = SURFACE_STYLE_USAGE(.BOTH.,#14170);
#14170 = SURFACE_SIDE_STYLE('',(#14171));
#14171 = SURFACE_STYLE_FILL_AREA(#14172);
#14172 = FILL_AREA_STYLE('',(#14173));
#14173 = FILL_AREA_STYLE_COLOUR('',#14054);
#14174 = STYLED_ITEM('color',(#14175),#10839);
#14175 = PRESENTATION_STYLE_ASSIGNMENT((#14176));
#14176 = SURFACE_STYLE_USAGE(.BOTH.,#14177);
#14177 = SURFACE_SIDE_STYLE('',(#14178));
#14178 = SURFACE_STYLE_FILL_AREA(#14179);
#14179 = FILL_AREA_STYLE('',(#14180));
#14180 = FILL_AREA_STYLE_COLOUR('',#14054);
#14181 = STYLED_ITEM('color',(#14182),#10857);
#14182 = PRESENTATION_STYLE_ASSIGNMENT((#14183));
#14183 = SURFACE_STYLE_USAGE(.BOTH.,#14184);
#14184 = SURFACE_SIDE_STYLE('',(#14185));
#14185 = SURFACE_STYLE_FILL_AREA(#14186);
#14186 = FILL_AREA_STYLE('',(#14187));
#14187 = FILL_AREA_STYLE_COLOUR('',#14054);
#14188 = STYLED_ITEM('color',(#14189),#10875);
#14189 = PRESENTATION_STYLE_ASSIGNMENT((#14190));
#14190 = SURFACE_STYLE_USAGE(.BOTH.,#14191);
#14191 = SURFACE_SIDE_STYLE('',(#14192));
#14192 = SURFACE_STYLE_FILL_AREA(#14193);
#14193 = FILL_AREA_STYLE('',(#14194));
#14194 = FILL_AREA_STYLE_COLOUR('',#14054);
#14195 = STYLED_ITEM('color',(#14196),#10893);
#14196 = PRESENTATION_STYLE_ASSIGNMENT((#14197));
#14197 = SURFACE_STYLE_USAGE(.BOTH.,#14198);
#14198 = SURFACE_SIDE_STYLE('',(#14199));
#14199 = SURFACE_STYLE_FILL_AREA(#14200);
#14200 = FILL_AREA_STYLE('',(#14201));
#14201 = FILL_AREA_STYLE_COLOUR('',#14054);
#14202 = STYLED_ITEM('color',(#14203),#10910);
#14203 = PRESENTATION_STYLE_ASSIGNMENT((#14204));
#14204 = SURFACE_STYLE_USAGE(.BOTH.,#14205);
#14205 = SURFACE_SIDE_STYLE('',(#14206));
#14206 = SURFACE_STYLE_FILL_AREA(#14207);
#14207 = FILL_AREA_STYLE('',(#14208));
#14208 = FILL_AREA_STYLE_COLOUR('',#14054);
#14209 = STYLED_ITEM('color',(#14210),#10927);
#14210 = PRESENTATION_STYLE_ASSIGNMENT((#14211));
#14211 = SURFACE_STYLE_USAGE(.BOTH.,#14212);
#14212 = SURFACE_SIDE_STYLE('',(#14213));
#14213 = SURFACE_STYLE_FILL_AREA(#14214);
#14214 = FILL_AREA_STYLE('',(#14215));
#14215 = FILL_AREA_STYLE_COLOUR('',#14054);
#14216 = STYLED_ITEM('color',(#14217),#10958);
#14217 = PRESENTATION_STYLE_ASSIGNMENT((#14218));
#14218 = SURFACE_STYLE_USAGE(.BOTH.,#14219);
#14219 = SURFACE_SIDE_STYLE('',(#14220));
#14220 = SURFACE_STYLE_FILL_AREA(#14221);
#14221 = FILL_AREA_STYLE('',(#14222));
#14222 = FILL_AREA_STYLE_COLOUR('',#14054);
#14223 = STYLED_ITEM('color',(#14224),#10983);
#14224 = PRESENTATION_STYLE_ASSIGNMENT((#14225));
#14225 = SURFACE_STYLE_USAGE(.BOTH.,#14226);
#14226 = SURFACE_SIDE_STYLE('',(#14227));
#14227 = SURFACE_STYLE_FILL_AREA(#14228);
#14228 = FILL_AREA_STYLE('',(#14229));
#14229 = FILL_AREA_STYLE_COLOUR('',#14054);
#14230 = STYLED_ITEM('color',(#14231),#11008);
#14231 = PRESENTATION_STYLE_ASSIGNMENT((#14232));
#14232 = SURFACE_STYLE_USAGE(.BOTH.,#14233);
#14233 = SURFACE_SIDE_STYLE('',(#14234));
#14234 = SURFACE_STYLE_FILL_AREA(#14235);
#14235 = FILL_AREA_STYLE('',(#14236));
#14236 = FILL_AREA_STYLE_COLOUR('',#14054);
#14237 = STYLED_ITEM('color',(#14238),#11032);
#14238 = PRESENTATION_STYLE_ASSIGNMENT((#14239));
#14239 = SURFACE_STYLE_USAGE(.BOTH.,#14240);
#14240 = SURFACE_SIDE_STYLE('',(#14241));
#14241 = SURFACE_STYLE_FILL_AREA(#14242);
#14242 = FILL_AREA_STYLE('',(#14243));
#14243 = FILL_AREA_STYLE_COLOUR('',#14054);
#14244 = STYLED_ITEM('color',(#14245),#11049);
#14245 = PRESENTATION_STYLE_ASSIGNMENT((#14246));
#14246 = SURFACE_STYLE_USAGE(.BOTH.,#14247);
#14247 = SURFACE_SIDE_STYLE('',(#14248));
#14248 = SURFACE_STYLE_FILL_AREA(#14249);
#14249 = FILL_AREA_STYLE('',(#14250));
#14250 = FILL_AREA_STYLE_COLOUR('',#14251);
#14251 = COLOUR_RGB('',0.340000006699,0.68000001254,0.444999988852);
#14252 = STYLED_ITEM('color',(#14253),#11080);
#14253 = PRESENTATION_STYLE_ASSIGNMENT((#14254));
#14254 = SURFACE_STYLE_USAGE(.BOTH.,#14255);
#14255 = SURFACE_SIDE_STYLE('',(#14256));
#14256 = SURFACE_STYLE_FILL_AREA(#14257);
#14257 = FILL_AREA_STYLE('',(#14258));
#14258 = FILL_AREA_STYLE_COLOUR('',#14251);
#14259 = STYLED_ITEM('color',(#14260),#11104);
#14260 = PRESENTATION_STYLE_ASSIGNMENT((#14261));
#14261 = SURFACE_STYLE_USAGE(.BOTH.,#14262);
#14262 = SURFACE_SIDE_STYLE('',(#14263));
#14263 = SURFACE_STYLE_FILL_AREA(#14264);
#14264 = FILL_AREA_STYLE('',(#14265));
#14265 = FILL_AREA_STYLE_COLOUR('',#14251);
#14266 = STYLED_ITEM('color',(#14267),#11121);
#14267 = PRESENTATION_STYLE_ASSIGNMENT((#14268));
#14268 = SURFACE_STYLE_USAGE(.BOTH.,#14269);
#14269 = SURFACE_SIDE_STYLE('',(#14270));
#14270 = SURFACE_STYLE_FILL_AREA(#14271);
#14271 = FILL_AREA_STYLE('',(#14272));
#14272 = FILL_AREA_STYLE_COLOUR('',#14054);
#14273 = STYLED_ITEM('color',(#14274),#11149);
#14274 = PRESENTATION_STYLE_ASSIGNMENT((#14275));
#14275 = SURFACE_STYLE_USAGE(.BOTH.,#14276);
#14276 = SURFACE_SIDE_STYLE('',(#14277));
#14277 = SURFACE_STYLE_FILL_AREA(#14278);
#14278 = FILL_AREA_STYLE('',(#14279));
#14279 = FILL_AREA_STYLE_COLOUR('',#14054);
#14280 = STYLED_ITEM('color',(#14281),#11174);
#14281 = PRESENTATION_STYLE_ASSIGNMENT((#14282));
#14282 = SURFACE_STYLE_USAGE(.BOTH.,#14283);
#14283 = SURFACE_SIDE_STYLE('',(#14284));
#14284 = SURFACE_STYLE_FILL_AREA(#14285);
#14285 = FILL_AREA_STYLE('',(#14286));
#14286 = FILL_AREA_STYLE_COLOUR('',#14054);
#14287 = STYLED_ITEM('color',(#14288),#11198);
#14288 = PRESENTATION_STYLE_ASSIGNMENT((#14289));
#14289 = SURFACE_STYLE_USAGE(.BOTH.,#14290);
#14290 = SURFACE_SIDE_STYLE('',(#14291));
#14291 = SURFACE_STYLE_FILL_AREA(#14292);
#14292 = FILL_AREA_STYLE('',(#14293));
#14293 = FILL_AREA_STYLE_COLOUR('',#14054);
#14294 = STYLED_ITEM('color',(#14295),#11223);
#14295 = PRESENTATION_STYLE_ASSIGNMENT((#14296));
#14296 = SURFACE_STYLE_USAGE(.BOTH.,#14297);
#14297 = SURFACE_SIDE_STYLE('',(#14298));
#14298 = SURFACE_STYLE_FILL_AREA(#14299);
#14299 = FILL_AREA_STYLE('',(#14300));
#14300 = FILL_AREA_STYLE_COLOUR('',#14054);
#14301 = STYLED_ITEM('color',(#14302),#11270);
#14302 = PRESENTATION_STYLE_ASSIGNMENT((#14303));
#14303 = SURFACE_STYLE_USAGE(.BOTH.,#14304);
#14304 = SURFACE_SIDE_STYLE('',(#14305));
#14305 = SURFACE_STYLE_FILL_AREA(#14306);
#14306 = FILL_AREA_STYLE('',(#14307));
#14307 = FILL_AREA_STYLE_COLOUR('',#14054);
#14308 = STYLED_ITEM('color',(#14309),#11287);
#14309 = PRESENTATION_STYLE_ASSIGNMENT((#14310));
#14310 = SURFACE_STYLE_USAGE(.BOTH.,#14311);
#14311 = SURFACE_SIDE_STYLE('',(#14312));
#14312 = SURFACE_STYLE_FILL_AREA(#14313);
#14313 = FILL_AREA_STYLE('',(#14314));
#14314 = FILL_AREA_STYLE_COLOUR('',#14054);
#14315 = STYLED_ITEM('color',(#14316),#11299);
#14316 = PRESENTATION_STYLE_ASSIGNMENT((#14317));
#14317 = SURFACE_STYLE_USAGE(.BOTH.,#14318);
#14318 = SURFACE_SIDE_STYLE('',(#14319));
#14319 = SURFACE_STYLE_FILL_AREA(#14320);
#14320 = FILL_AREA_STYLE('',(#14321));
#14321 = FILL_AREA_STYLE_COLOUR('',#14054);
#14322 = STYLED_ITEM('color',(#14323),#11321);
#14323 = PRESENTATION_STYLE_ASSIGNMENT((#14324));
#14324 = SURFACE_STYLE_USAGE(.BOTH.,#14325);
#14325 = SURFACE_SIDE_STYLE('',(#14326));
#14326 = SURFACE_STYLE_FILL_AREA(#14327);
#14327 = FILL_AREA_STYLE('',(#14328));
#14328 = FILL_AREA_STYLE_COLOUR('',#14054);
#14329 = STYLED_ITEM('color',(#14330),#11333);
#14330 = PRESENTATION_STYLE_ASSIGNMENT((#14331));
#14331 = SURFACE_STYLE_USAGE(.BOTH.,#14332);
#14332 = SURFACE_SIDE_STYLE('',(#14333));
#14333 = SURFACE_STYLE_FILL_AREA(#14334);
#14334 = FILL_AREA_STYLE('',(#14335));
#14335 = FILL_AREA_STYLE_COLOUR('',#14054);
#14336 = STYLED_ITEM('color',(#14337),#11351);
#14337 = PRESENTATION_STYLE_ASSIGNMENT((#14338));
#14338 = SURFACE_STYLE_USAGE(.BOTH.,#14339);
#14339 = SURFACE_SIDE_STYLE('',(#14340));
#14340 = SURFACE_STYLE_FILL_AREA(#14341);
#14341 = FILL_AREA_STYLE('',(#14342));
#14342 = FILL_AREA_STYLE_COLOUR('',#14054);
#14343 = STYLED_ITEM('color',(#14344),#11369);
#14344 = PRESENTATION_STYLE_ASSIGNMENT((#14345));
#14345 = SURFACE_STYLE_USAGE(.BOTH.,#14346);
#14346 = SURFACE_SIDE_STYLE('',(#14347));
#14347 = SURFACE_STYLE_FILL_AREA(#14348);
#14348 = FILL_AREA_STYLE('',(#14349));
#14349 = FILL_AREA_STYLE_COLOUR('',#14251);
#14350 = MECHANICAL_DESIGN_GEOMETRIC_PRESENTATION_REPRESENTATION('',(
    #14351,#14359,#14366,#14373,#14380,#14387,#14394,#14401,#14408,
    #14415,#14422,#14430,#14437,#14444,#14451,#14458,#14465,#14472,
    #14479,#14486,#14493,#14500,#14507,#14514,#14521,#14528,#14535,
    #14542),#9713);
#14351 = STYLED_ITEM('color',(#14352),#8861);
#14352 = PRESENTATION_STYLE_ASSIGNMENT((#14353));
#14353 = SURFACE_STYLE_USAGE(.BOTH.,#14354);
#14354 = SURFACE_SIDE_STYLE('',(#14355));
#14355 = SURFACE_STYLE_FILL_AREA(#14356);
#14356 = FILL_AREA_STYLE('',(#14357));
#14357 = FILL_AREA_STYLE_COLOUR('',#14358);
#14358 = COLOUR_RGB('',0.823999987314,0.819999987296,0.781000009244);
#14359 = STYLED_ITEM('color',(#14360),#8937);
#14360 = PRESENTATION_STYLE_ASSIGNMENT((#14361));
#14361 = SURFACE_STYLE_USAGE(.BOTH.,#14362);
#14362 = SURFACE_SIDE_STYLE('',(#14363));
#14363 = SURFACE_STYLE_FILL_AREA(#14364);
#14364 = FILL_AREA_STYLE('',(#14365));
#14365 = FILL_AREA_STYLE_COLOUR('',#14358);
#14366 = STYLED_ITEM('color',(#14367),#8968);
#14367 = PRESENTATION_STYLE_ASSIGNMENT((#14368));
#14368 = SURFACE_STYLE_USAGE(.BOTH.,#14369);
#14369 = SURFACE_SIDE_STYLE('',(#14370));
#14370 = SURFACE_STYLE_FILL_AREA(#14371);
#14371 = FILL_AREA_STYLE('',(#14372));
#14372 = FILL_AREA_STYLE_COLOUR('',#14358);
#14373 = STYLED_ITEM('color',(#14374),#8993);
#14374 = PRESENTATION_STYLE_ASSIGNMENT((#14375));
#14375 = SURFACE_STYLE_USAGE(.BOTH.,#14376);
#14376 = SURFACE_SIDE_STYLE('',(#14377));
#14377 = SURFACE_STYLE_FILL_AREA(#14378);
#14378 = FILL_AREA_STYLE('',(#14379));
#14379 = FILL_AREA_STYLE_COLOUR('',#14358);
#14380 = STYLED_ITEM('color',(#14381),#9018);
#14381 = PRESENTATION_STYLE_ASSIGNMENT((#14382));
#14382 = SURFACE_STYLE_USAGE(.BOTH.,#14383);
#14383 = SURFACE_SIDE_STYLE('',(#14384));
#14384 = SURFACE_STYLE_FILL_AREA(#14385);
#14385 = FILL_AREA_STYLE('',(#14386));
#14386 = FILL_AREA_STYLE_COLOUR('',#14358);
#14387 = STYLED_ITEM('color',(#14388),#9042);
#14388 = PRESENTATION_STYLE_ASSIGNMENT((#14389));
#14389 = SURFACE_STYLE_USAGE(.BOTH.,#14390);
#14390 = SURFACE_SIDE_STYLE('',(#14391));
#14391 = SURFACE_STYLE_FILL_AREA(#14392);
#14392 = FILL_AREA_STYLE('',(#14393));
#14393 = FILL_AREA_STYLE_COLOUR('',#14358);
#14394 = STYLED_ITEM('color',(#14395),#9066);
#14395 = PRESENTATION_STYLE_ASSIGNMENT((#14396));
#14396 = SURFACE_STYLE_USAGE(.BOTH.,#14397);
#14397 = SURFACE_SIDE_STYLE('',(#14398));
#14398 = SURFACE_STYLE_FILL_AREA(#14399);
#14399 = FILL_AREA_STYLE('',(#14400));
#14400 = FILL_AREA_STYLE_COLOUR('',#14358);
#14401 = STYLED_ITEM('color',(#14402),#9091);
#14402 = PRESENTATION_STYLE_ASSIGNMENT((#14403));
#14403 = SURFACE_STYLE_USAGE(.BOTH.,#14404);
#14404 = SURFACE_SIDE_STYLE('',(#14405));
#14405 = SURFACE_STYLE_FILL_AREA(#14406);
#14406 = FILL_AREA_STYLE('',(#14407));
#14407 = FILL_AREA_STYLE_COLOUR('',#14358);
#14408 = STYLED_ITEM('color',(#14409),#9116);
#14409 = PRESENTATION_STYLE_ASSIGNMENT((#14410));
#14410 = SURFACE_STYLE_USAGE(.BOTH.,#14411);
#14411 = SURFACE_SIDE_STYLE('',(#14412));
#14412 = SURFACE_STYLE_FILL_AREA(#14413);
#14413 = FILL_AREA_STYLE('',(#14414));
#14414 = FILL_AREA_STYLE_COLOUR('',#14358);
#14415 = STYLED_ITEM('color',(#14416),#9133);
#14416 = PRESENTATION_STYLE_ASSIGNMENT((#14417));
#14417 = SURFACE_STYLE_USAGE(.BOTH.,#14418);
#14418 = SURFACE_SIDE_STYLE('',(#14419));
#14419 = SURFACE_STYLE_FILL_AREA(#14420);
#14420 = FILL_AREA_STYLE('',(#14421));
#14421 = FILL_AREA_STYLE_COLOUR('',#14358);
#14422 = STYLED_ITEM('color',(#14423),#9219);
#14423 = PRESENTATION_STYLE_ASSIGNMENT((#14424));
#14424 = SURFACE_STYLE_USAGE(.BOTH.,#14425);
#14425 = SURFACE_SIDE_STYLE('',(#14426));
#14426 = SURFACE_STYLE_FILL_AREA(#14427);
#14427 = FILL_AREA_STYLE('',(#14428));
#14428 = FILL_AREA_STYLE_COLOUR('',#14429);
#14429 = COLOUR_RGB('',0.272999999305,0.272999999305,0.272999999305);
#14430 = STYLED_ITEM('color',(#14431),#9251);
#14431 = PRESENTATION_STYLE_ASSIGNMENT((#14432));
#14432 = SURFACE_STYLE_USAGE(.BOTH.,#14433);
#14433 = SURFACE_SIDE_STYLE('',(#14434));
#14434 = SURFACE_STYLE_FILL_AREA(#14435);
#14435 = FILL_AREA_STYLE('',(#14436));
#14436 = FILL_AREA_STYLE_COLOUR('',#14429);
#14437 = STYLED_ITEM('color',(#14438),#9275);
#14438 = PRESENTATION_STYLE_ASSIGNMENT((#14439));
#14439 = SURFACE_STYLE_USAGE(.BOTH.,#14440);
#14440 = SURFACE_SIDE_STYLE('',(#14441));
#14441 = SURFACE_STYLE_FILL_AREA(#14442);
#14442 = FILL_AREA_STYLE('',(#14443));
#14443 = FILL_AREA_STYLE_COLOUR('',#14429);
#14444 = STYLED_ITEM('color',(#14445),#9300);
#14445 = PRESENTATION_STYLE_ASSIGNMENT((#14446));
#14446 = SURFACE_STYLE_USAGE(.BOTH.,#14447);
#14447 = SURFACE_SIDE_STYLE('',(#14448));
#14448 = SURFACE_STYLE_FILL_AREA(#14449);
#14449 = FILL_AREA_STYLE('',(#14450));
#14450 = FILL_AREA_STYLE_COLOUR('',#14429);
#14451 = STYLED_ITEM('color',(#14452),#9324);
#14452 = PRESENTATION_STYLE_ASSIGNMENT((#14453));
#14453 = SURFACE_STYLE_USAGE(.BOTH.,#14454);
#14454 = SURFACE_SIDE_STYLE('',(#14455));
#14455 = SURFACE_STYLE_FILL_AREA(#14456);
#14456 = FILL_AREA_STYLE('',(#14457));
#14457 = FILL_AREA_STYLE_COLOUR('',#14429);
#14458 = STYLED_ITEM('color',(#14459),#9349);
#14459 = PRESENTATION_STYLE_ASSIGNMENT((#14460));
#14460 = SURFACE_STYLE_USAGE(.BOTH.,#14461);
#14461 = SURFACE_SIDE_STYLE('',(#14462));
#14462 = SURFACE_STYLE_FILL_AREA(#14463);
#14463 = FILL_AREA_STYLE('',(#14464));
#14464 = FILL_AREA_STYLE_COLOUR('',#14429);
#14465 = STYLED_ITEM('color',(#14466),#9373);
#14466 = PRESENTATION_STYLE_ASSIGNMENT((#14467));
#14467 = SURFACE_STYLE_USAGE(.BOTH.,#14468);
#14468 = SURFACE_SIDE_STYLE('',(#14469));
#14469 = SURFACE_STYLE_FILL_AREA(#14470);
#14470 = FILL_AREA_STYLE('',(#14471));
#14471 = FILL_AREA_STYLE_COLOUR('',#14429);
#14472 = STYLED_ITEM('color',(#14473),#9398);
#14473 = PRESENTATION_STYLE_ASSIGNMENT((#14474));
#14474 = SURFACE_STYLE_USAGE(.BOTH.,#14475);
#14475 = SURFACE_SIDE_STYLE('',(#14476));
#14476 = SURFACE_STYLE_FILL_AREA(#14477);
#14477 = FILL_AREA_STYLE('',(#14478));
#14478 = FILL_AREA_STYLE_COLOUR('',#14429);
#14479 = STYLED_ITEM('color',(#14480),#9415);
#14480 = PRESENTATION_STYLE_ASSIGNMENT((#14481));
#14481 = SURFACE_STYLE_USAGE(.BOTH.,#14482);
#14482 = SURFACE_SIDE_STYLE('',(#14483));
#14483 = SURFACE_STYLE_FILL_AREA(#14484);
#14484 = FILL_AREA_STYLE('',(#14485));
#14485 = FILL_AREA_STYLE_COLOUR('',#14358);
#14486 = STYLED_ITEM('color',(#14487),#9501);
#14487 = PRESENTATION_STYLE_ASSIGNMENT((#14488));
#14488 = SURFACE_STYLE_USAGE(.BOTH.,#14489);
#14489 = SURFACE_SIDE_STYLE('',(#14490));
#14490 = SURFACE_STYLE_FILL_AREA(#14491);
#14491 = FILL_AREA_STYLE('',(#14492));
#14492 = FILL_AREA_STYLE_COLOUR('',#14358);
#14493 = STYLED_ITEM('color',(#14494),#9532);
#14494 = PRESENTATION_STYLE_ASSIGNMENT((#14495));
#14495 = SURFACE_STYLE_USAGE(.BOTH.,#14496);
#14496 = SURFACE_SIDE_STYLE('',(#14497));
#14497 = SURFACE_STYLE_FILL_AREA(#14498);
#14498 = FILL_AREA_STYLE('',(#14499));
#14499 = FILL_AREA_STYLE_COLOUR('',#14358);
#14500 = STYLED_ITEM('color',(#14501),#9557);
#14501 = PRESENTATION_STYLE_ASSIGNMENT((#14502));
#14502 = SURFACE_STYLE_USAGE(.BOTH.,#14503);
#14503 = SURFACE_SIDE_STYLE('',(#14504));
#14504 = SURFACE_STYLE_FILL_AREA(#14505);
#14505 = FILL_AREA_STYLE('',(#14506));
#14506 = FILL_AREA_STYLE_COLOUR('',#14358);
#14507 = STYLED_ITEM('color',(#14508),#9582);
#14508 = PRESENTATION_STYLE_ASSIGNMENT((#14509));
#14509 = SURFACE_STYLE_USAGE(.BOTH.,#14510);
#14510 = SURFACE_SIDE_STYLE('',(#14511));
#14511 = SURFACE_STYLE_FILL_AREA(#14512);
#14512 = FILL_AREA_STYLE('',(#14513));
#14513 = FILL_AREA_STYLE_COLOUR('',#14358);
#14514 = STYLED_ITEM('color',(#14515),#9606);
#14515 = PRESENTATION_STYLE_ASSIGNMENT((#14516));
#14516 = SURFACE_STYLE_USAGE(.BOTH.,#14517);
#14517 = SURFACE_SIDE_STYLE('',(#14518));
#14518 = SURFACE_STYLE_FILL_AREA(#14519);
#14519 = FILL_AREA_STYLE('',(#14520));
#14520 = FILL_AREA_STYLE_COLOUR('',#14358);
#14521 = STYLED_ITEM('color',(#14522),#9630);
#14522 = PRESENTATION_STYLE_ASSIGNMENT((#14523));
#14523 = SURFACE_STYLE_USAGE(.BOTH.,#14524);
#14524 = SURFACE_SIDE_STYLE('',(#14525));
#14525 = SURFACE_STYLE_FILL_AREA(#14526);
#14526 = FILL_AREA_STYLE('',(#14527));
#14527 = FILL_AREA_STYLE_COLOUR('',#14358);
#14528 = STYLED_ITEM('color',(#14529),#9655);
#14529 = PRESENTATION_STYLE_ASSIGNMENT((#14530));
#14530 = SURFACE_STYLE_USAGE(.BOTH.,#14531);
#14531 = SURFACE_SIDE_STYLE('',(#14532));
#14532 = SURFACE_STYLE_FILL_AREA(#14533);
#14533 = FILL_AREA_STYLE('',(#14534));
#14534 = FILL_AREA_STYLE_COLOUR('',#14358);
#14535 = STYLED_ITEM('color',(#14536),#9680);
#14536 = PRESENTATION_STYLE_ASSIGNMENT((#14537));
#14537 = SURFACE_STYLE_USAGE(.BOTH.,#14538);
#14538 = SURFACE_SIDE_STYLE('',(#14539));
#14539 = SURFACE_STYLE_FILL_AREA(#14540);
#14540 = FILL_AREA_STYLE('',(#14541));
#14541 = FILL_AREA_STYLE_COLOUR('',#14358);
#14542 = STYLED_ITEM('color',(#14543),#9697);
#14543 = PRESENTATION_STYLE_ASSIGNMENT((#14544));
#14544 = SURFACE_STYLE_USAGE(.BOTH.,#14545);
#14545 = SURFACE_SIDE_STYLE('',(#14546));
#14546 = SURFACE_STYLE_FILL_AREA(#14547);
#14547 = FILL_AREA_STYLE('',(#14548));
#14548 = FILL_AREA_STYLE_COLOUR('',#14358);
#14549 = MECHANICAL_DESIGN_GEOMETRIC_PRESENTATION_REPRESENTATION('',(
    #14550,#14557,#14564,#14571,#14578,#14585,#14592,#14599,#14606,
    #14613,#14620,#14627,#14634,#14641,#14649,#14656,#14663,#14670,
    #14677,#14684,#14691,#14698,#14705,#14712,#14719,#14726),#7887);
#14550 = STYLED_ITEM('color',(#14551),#7099);
#14551 = PRESENTATION_STYLE_ASSIGNMENT((#14552));
#14552 = SURFACE_STYLE_USAGE(.BOTH.,#14553);
#14553 = SURFACE_SIDE_STYLE('',(#14554));
#14554 = SURFACE_STYLE_FILL_AREA(#14555);
#14555 = FILL_AREA_STYLE('',(#14556));
#14556 = FILL_AREA_STYLE_COLOUR('',#14358);
#14557 = STYLED_ITEM('color',(#14558),#7139);
#14558 = PRESENTATION_STYLE_ASSIGNMENT((#14559));
#14559 = SURFACE_STYLE_USAGE(.BOTH.,#14560);
#14560 = SURFACE_SIDE_STYLE('',(#14561));
#14561 = SURFACE_STYLE_FILL_AREA(#14562);
#14562 = FILL_AREA_STYLE('',(#14563));
#14563 = FILL_AREA_STYLE_COLOUR('',#14358);
#14564 = STYLED_ITEM('color',(#14565),#7222);
#14565 = PRESENTATION_STYLE_ASSIGNMENT((#14566));
#14566 = SURFACE_STYLE_USAGE(.BOTH.,#14567);
#14567 = SURFACE_SIDE_STYLE('',(#14568));
#14568 = SURFACE_STYLE_FILL_AREA(#14569);
#14569 = FILL_AREA_STYLE('',(#14570));
#14570 = FILL_AREA_STYLE_COLOUR('',#14358);
#14571 = STYLED_ITEM('color',(#14572),#7247);
#14572 = PRESENTATION_STYLE_ASSIGNMENT((#14573));
#14573 = SURFACE_STYLE_USAGE(.BOTH.,#14574);
#14574 = SURFACE_SIDE_STYLE('',(#14575));
#14575 = SURFACE_STYLE_FILL_AREA(#14576);
#14576 = FILL_AREA_STYLE('',(#14577));
#14577 = FILL_AREA_STYLE_COLOUR('',#14358);
#14578 = STYLED_ITEM('color',(#14579),#7272);
#14579 = PRESENTATION_STYLE_ASSIGNMENT((#14580));
#14580 = SURFACE_STYLE_USAGE(.BOTH.,#14581);
#14581 = SURFACE_SIDE_STYLE('',(#14582));
#14582 = SURFACE_STYLE_FILL_AREA(#14583);
#14583 = FILL_AREA_STYLE('',(#14584));
#14584 = FILL_AREA_STYLE_COLOUR('',#14358);
#14585 = STYLED_ITEM('color',(#14586),#7339);
#14586 = PRESENTATION_STYLE_ASSIGNMENT((#14587));
#14587 = SURFACE_STYLE_USAGE(.BOTH.,#14588);
#14588 = SURFACE_SIDE_STYLE('',(#14589));
#14589 = SURFACE_STYLE_FILL_AREA(#14590);
#14590 = FILL_AREA_STYLE('',(#14591));
#14591 = FILL_AREA_STYLE_COLOUR('',#14358);
#14592 = STYLED_ITEM('color',(#14593),#7356);
#14593 = PRESENTATION_STYLE_ASSIGNMENT((#14594));
#14594 = SURFACE_STYLE_USAGE(.BOTH.,#14595);
#14595 = SURFACE_SIDE_STYLE('',(#14596));
#14596 = SURFACE_STYLE_FILL_AREA(#14597);
#14597 = FILL_AREA_STYLE('',(#14598));
#14598 = FILL_AREA_STYLE_COLOUR('',#14358);
#14599 = STYLED_ITEM('color',(#14600),#7373);
#14600 = PRESENTATION_STYLE_ASSIGNMENT((#14601));
#14601 = SURFACE_STYLE_USAGE(.BOTH.,#14602);
#14602 = SURFACE_SIDE_STYLE('',(#14603));
#14603 = SURFACE_STYLE_FILL_AREA(#14604);
#14604 = FILL_AREA_STYLE('',(#14605));
#14605 = FILL_AREA_STYLE_COLOUR('',#14004);
#14606 = STYLED_ITEM('color',(#14607),#7422);
#14607 = PRESENTATION_STYLE_ASSIGNMENT((#14608));
#14608 = SURFACE_STYLE_USAGE(.BOTH.,#14609);
#14609 = SURFACE_SIDE_STYLE('',(#14610));
#14610 = SURFACE_STYLE_FILL_AREA(#14611);
#14611 = FILL_AREA_STYLE('',(#14612));
#14612 = FILL_AREA_STYLE_COLOUR('',#14358);
#14613 = STYLED_ITEM('color',(#14614),#7439);
#14614 = PRESENTATION_STYLE_ASSIGNMENT((#14615));
#14615 = SURFACE_STYLE_USAGE(.BOTH.,#14616);
#14616 = SURFACE_SIDE_STYLE('',(#14617));
#14617 = SURFACE_STYLE_FILL_AREA(#14618);
#14618 = FILL_AREA_STYLE('',(#14619));
#14619 = FILL_AREA_STYLE_COLOUR('',#14358);
#14620 = STYLED_ITEM('color',(#14621),#7456);
#14621 = PRESENTATION_STYLE_ASSIGNMENT((#14622));
#14622 = SURFACE_STYLE_USAGE(.BOTH.,#14623);
#14623 = SURFACE_SIDE_STYLE('',(#14624));
#14624 = SURFACE_STYLE_FILL_AREA(#14625);
#14625 = FILL_AREA_STYLE('',(#14626));
#14626 = FILL_AREA_STYLE_COLOUR('',#14004);
#14627 = STYLED_ITEM('color',(#14628),#7505);
#14628 = PRESENTATION_STYLE_ASSIGNMENT((#14629));
#14629 = SURFACE_STYLE_USAGE(.BOTH.,#14630);
#14630 = SURFACE_SIDE_STYLE('',(#14631));
#14631 = SURFACE_STYLE_FILL_AREA(#14632);
#14632 = FILL_AREA_STYLE('',(#14633));
#14633 = FILL_AREA_STYLE_COLOUR('',#14004);
#14634 = STYLED_ITEM('color',(#14635),#7522);
#14635 = PRESENTATION_STYLE_ASSIGNMENT((#14636));
#14636 = SURFACE_STYLE_USAGE(.BOTH.,#14637);
#14637 = SURFACE_SIDE_STYLE('',(#14638));
#14638 = SURFACE_STYLE_FILL_AREA(#14639);
#14639 = FILL_AREA_STYLE('',(#14640));
#14640 = FILL_AREA_STYLE_COLOUR('',#14358);
#14641 = STYLED_ITEM('color',(#14642),#7591);
#14642 = PRESENTATION_STYLE_ASSIGNMENT((#14643));
#14643 = SURFACE_STYLE_USAGE(.BOTH.,#14644);
#14644 = SURFACE_SIDE_STYLE('',(#14645));
#14645 = SURFACE_STYLE_FILL_AREA(#14646);
#14646 = FILL_AREA_STYLE('',(#14647));
#14647 = FILL_AREA_STYLE_COLOUR('',#14648);
#14648 = COLOUR_RGB('',8.200000279077E-02,8.600000121357E-02,
  9.399999706163E-02);
#14649 = STYLED_ITEM('color',(#14650),#7622);
#14650 = PRESENTATION_STYLE_ASSIGNMENT((#14651));
#14651 = SURFACE_STYLE_USAGE(.BOTH.,#14652);
#14652 = SURFACE_SIDE_STYLE('',(#14653));
#14653 = SURFACE_STYLE_FILL_AREA(#14654);
#14654 = FILL_AREA_STYLE('',(#14655));
#14655 = FILL_AREA_STYLE_COLOUR('',#14648);
#14656 = STYLED_ITEM('color',(#14657),#7646);
#14657 = PRESENTATION_STYLE_ASSIGNMENT((#14658));
#14658 = SURFACE_STYLE_USAGE(.BOTH.,#14659);
#14659 = SURFACE_SIDE_STYLE('',(#14660));
#14660 = SURFACE_STYLE_FILL_AREA(#14661);
#14661 = FILL_AREA_STYLE('',(#14662));
#14662 = FILL_AREA_STYLE_COLOUR('',#14358);
#14663 = STYLED_ITEM('color',(#14664),#7715);
#14664 = PRESENTATION_STYLE_ASSIGNMENT((#14665));
#14665 = SURFACE_STYLE_USAGE(.BOTH.,#14666);
#14666 = SURFACE_SIDE_STYLE('',(#14667));
#14667 = SURFACE_STYLE_FILL_AREA(#14668);
#14668 = FILL_AREA_STYLE('',(#14669));
#14669 = FILL_AREA_STYLE_COLOUR('',#14648);
#14670 = STYLED_ITEM('color',(#14671),#7739);
#14671 = PRESENTATION_STYLE_ASSIGNMENT((#14672));
#14672 = SURFACE_STYLE_USAGE(.BOTH.,#14673);
#14673 = SURFACE_SIDE_STYLE('',(#14674));
#14674 = SURFACE_STYLE_FILL_AREA(#14675);
#14675 = FILL_AREA_STYLE('',(#14676));
#14676 = FILL_AREA_STYLE_COLOUR('',#14358);
#14677 = STYLED_ITEM('color',(#14678),#7756);
#14678 = PRESENTATION_STYLE_ASSIGNMENT((#14679));
#14679 = SURFACE_STYLE_USAGE(.BOTH.,#14680);
#14680 = SURFACE_SIDE_STYLE('',(#14681));
#14681 = SURFACE_STYLE_FILL_AREA(#14682);
#14682 = FILL_AREA_STYLE('',(#14683));
#14683 = FILL_AREA_STYLE_COLOUR('',#14358);
#14684 = STYLED_ITEM('color',(#14685),#7773);
#14685 = PRESENTATION_STYLE_ASSIGNMENT((#14686));
#14686 = SURFACE_STYLE_USAGE(.BOTH.,#14687);
#14687 = SURFACE_SIDE_STYLE('',(#14688));
#14688 = SURFACE_STYLE_FILL_AREA(#14689);
#14689 = FILL_AREA_STYLE('',(#14690));
#14690 = FILL_AREA_STYLE_COLOUR('',#14358);
#14691 = STYLED_ITEM('color',(#14692),#7790);
#14692 = PRESENTATION_STYLE_ASSIGNMENT((#14693));
#14693 = SURFACE_STYLE_USAGE(.BOTH.,#14694);
#14694 = SURFACE_SIDE_STYLE('',(#14695));
#14695 = SURFACE_STYLE_FILL_AREA(#14696);
#14696 = FILL_AREA_STYLE('',(#14697));
#14697 = FILL_AREA_STYLE_COLOUR('',#14358);
#14698 = STYLED_ITEM('color',(#14699),#7807);
#14699 = PRESENTATION_STYLE_ASSIGNMENT((#14700));
#14700 = SURFACE_STYLE_USAGE(.BOTH.,#14701);
#14701 = SURFACE_SIDE_STYLE('',(#14702));
#14702 = SURFACE_STYLE_FILL_AREA(#14703);
#14703 = FILL_AREA_STYLE('',(#14704));
#14704 = FILL_AREA_STYLE_COLOUR('',#14358);
#14705 = STYLED_ITEM('color',(#14706),#7824);
#14706 = PRESENTATION_STYLE_ASSIGNMENT((#14707));
#14707 = SURFACE_STYLE_USAGE(.BOTH.,#14708);
#14708 = SURFACE_SIDE_STYLE('',(#14709));
#14709 = SURFACE_STYLE_FILL_AREA(#14710);
#14710 = FILL_AREA_STYLE('',(#14711));
#14711 = FILL_AREA_STYLE_COLOUR('',#14358);
#14712 = STYLED_ITEM('color',(#14713),#7841);
#14713 = PRESENTATION_STYLE_ASSIGNMENT((#14714));
#14714 = SURFACE_STYLE_USAGE(.BOTH.,#14715);
#14715 = SURFACE_SIDE_STYLE('',(#14716));
#14716 = SURFACE_STYLE_FILL_AREA(#14717);
#14717 = FILL_AREA_STYLE('',(#14718));
#14718 = FILL_AREA_STYLE_COLOUR('',#14358);
#14719 = STYLED_ITEM('color',(#14720),#7858);
#14720 = PRESENTATION_STYLE_ASSIGNMENT((#14721));
#14721 = SURFACE_STYLE_USAGE(.BOTH.,#14722);
#14722 = SURFACE_SIDE_STYLE('',(#14723));
#14723 = SURFACE_STYLE_FILL_AREA(#14724);
#14724 = FILL_AREA_STYLE('',(#14725));
#14725 = FILL_AREA_STYLE_COLOUR('',#14648);
#14726 = STYLED_ITEM('color',(#14727),#7875);
#14727 = PRESENTATION_STYLE_ASSIGNMENT((#14728));
#14728 = SURFACE_STYLE_USAGE(.BOTH.,#14729);
#14729 = SURFACE_SIDE_STYLE('',(#14730));
#14730 = SURFACE_STYLE_FILL_AREA(#14731);
#14731 = FILL_AREA_STYLE('',(#14732));
#14732 = FILL_AREA_STYLE_COLOUR('',#14648);
#14733 = MECHANICAL_DESIGN_GEOMETRIC_PRESENTATION_REPRESENTATION('',(
    #14734,#14742,#14749,#14756,#14763,#14770,#14777,#14784,#14791,
    #14798,#14805,#14812,#14819,#14826,#14833,#14840,#14847,#14854,
    #14861,#14868,#14875,#14882,#14889,#14896,#14903,#14910,#14917,
    #14924,#14931,#14938,#14945,#14952,#14959,#14966,#14973,#14980,
    #14987,#14994,#15001,#15008,#15015,#15022,#15029,#15036,#15043,
    #15050,#15057,#15064,#15071,#15078,#15085,#15092,#15099,#15106,
    #15113,#15120,#15127,#15134,#15141,#15148,#15155,#15162,#15169,
    #15176,#15183,#15190,#15197,#15204,#15211,#15218,#15225,#15232,
    #15239,#15246,#15253,#15260,#15267,#15274,#15281,#15288,#15295,
    #15302,#15309,#15316,#15323,#15330,#15337,#15344,#15351,#15358,
    #15365,#15372,#15379,#15386,#15393,#15400,#15407,#15414,#15421,
    #15428,#15435,#15442,#15449,#15456,#15463,#15470,#15477,#15484,
    #15491,#15498,#15505,#15512,#15519,#15526,#15533,#15540,#15547,
    #15554,#15561,#15568,#15575,#15582,#15589,#15596,#15603,#15610,
    #15617,#15624,#15631,#15638,#15645,#15652,#15659,#15666,#15673,
    #15680,#15687,#15694,#15701,#15708,#15715,#15722,#15729,#15736,
    #15743,#15750,#15757,#15764,#15771,#15778,#15785,#15792,#15799,
    #15806,#15813,#15820,#15827,#15834,#15841,#15848,#15855,#15862,
    #15869,#15876,#15883,#15890,#15897,#15904,#15911,#15918,#15925,
    #15932,#15939,#15946,#15953,#15960,#15967,#15974,#15981,#15988,
    #15995,#16002,#16009,#16016,#16023,#16030,#16037,#16044,#16051,
    #16058,#16065,#16072,#16079,#16086,#16093,#16100,#16107,#16114,
    #16121,#16128,#16135,#16142,#16149,#16156,#16163,#16170,#16177,
    #16184,#16191,#16198,#16205,#16212,#16219,#16226,#16233,#16240,
    #16247,#16254,#16261,#16268,#16275,#16282,#16289,#16296,#16303,
    #16310,#16317,#16324,#16331,#16338,#16345,#16352,#16359,#16366,
    #16373,#16380,#16387,#16394,#16401,#16408,#16415,#16422,#16429,
    #16436),#7073);
#14734 = STYLED_ITEM('color',(#14735),#251);
#14735 = PRESENTATION_STYLE_ASSIGNMENT((#14736));
#14736 = SURFACE_STYLE_USAGE(.BOTH.,#14737);
#14737 = SURFACE_SIDE_STYLE('',(#14738));
#14738 = SURFACE_STYLE_FILL_AREA(#14739);
#14739 = FILL_AREA_STYLE('',(#14740));
#14740 = FILL_AREA_STYLE_COLOUR('',#14741);
#14741 = COLOUR_RGB('',0.147999998088,0.144999993226,0.144999993226);
#14742 = STYLED_ITEM('color',(#14743),#291);
#14743 = PRESENTATION_STYLE_ASSIGNMENT((#14744));
#14744 = SURFACE_STYLE_USAGE(.BOTH.,#14745);
#14745 = SURFACE_SIDE_STYLE('',(#14746));
#14746 = SURFACE_STYLE_FILL_AREA(#14747);
#14747 = FILL_AREA_STYLE('',(#14748));
#14748 = FILL_AREA_STYLE_COLOUR('',#14741);
#14749 = STYLED_ITEM('color',(#14750),#322);
#14750 = PRESENTATION_STYLE_ASSIGNMENT((#14751));
#14751 = SURFACE_STYLE_USAGE(.BOTH.,#14752);
#14752 = SURFACE_SIDE_STYLE('',(#14753));
#14753 = SURFACE_STYLE_FILL_AREA(#14754);
#14754 = FILL_AREA_STYLE('',(#14755));
#14755 = FILL_AREA_STYLE_COLOUR('',#14741);
#14756 = STYLED_ITEM('color',(#14757),#353);
#14757 = PRESENTATION_STYLE_ASSIGNMENT((#14758));
#14758 = SURFACE_STYLE_USAGE(.BOTH.,#14759);
#14759 = SURFACE_SIDE_STYLE('',(#14760));
#14760 = SURFACE_STYLE_FILL_AREA(#14761);
#14761 = FILL_AREA_STYLE('',(#14762));
#14762 = FILL_AREA_STYLE_COLOUR('',#14741);
#14763 = STYLED_ITEM('color',(#14764),#1174);
#14764 = PRESENTATION_STYLE_ASSIGNMENT((#14765));
#14765 = SURFACE_STYLE_USAGE(.BOTH.,#14766);
#14766 = SURFACE_SIDE_STYLE('',(#14767));
#14767 = SURFACE_STYLE_FILL_AREA(#14768);
#14768 = FILL_AREA_STYLE('',(#14769));
#14769 = FILL_AREA_STYLE_COLOUR('',#14741);
#14770 = STYLED_ITEM('color',(#14771),#1995);
#14771 = PRESENTATION_STYLE_ASSIGNMENT((#14772));
#14772 = SURFACE_STYLE_USAGE(.BOTH.,#14773);
#14773 = SURFACE_SIDE_STYLE('',(#14774));
#14774 = SURFACE_STYLE_FILL_AREA(#14775);
#14775 = FILL_AREA_STYLE('',(#14776));
#14776 = FILL_AREA_STYLE_COLOUR('',#14741);
#14777 = STYLED_ITEM('color',(#14778),#2012);
#14778 = PRESENTATION_STYLE_ASSIGNMENT((#14779));
#14779 = SURFACE_STYLE_USAGE(.BOTH.,#14780);
#14780 = SURFACE_SIDE_STYLE('',(#14781));
#14781 = SURFACE_STYLE_FILL_AREA(#14782);
#14782 = FILL_AREA_STYLE('',(#14783));
#14783 = FILL_AREA_STYLE_COLOUR('',#14741);
#14784 = STYLED_ITEM('color',(#14785),#2029);
#14785 = PRESENTATION_STYLE_ASSIGNMENT((#14786));
#14786 = SURFACE_STYLE_USAGE(.BOTH.,#14787);
#14787 = SURFACE_SIDE_STYLE('',(#14788));
#14788 = SURFACE_STYLE_FILL_AREA(#14789);
#14789 = FILL_AREA_STYLE('',(#14790));
#14790 = FILL_AREA_STYLE_COLOUR('',#14741);
#14791 = STYLED_ITEM('color',(#14792),#2046);
#14792 = PRESENTATION_STYLE_ASSIGNMENT((#14793));
#14793 = SURFACE_STYLE_USAGE(.BOTH.,#14794);
#14794 = SURFACE_SIDE_STYLE('',(#14795));
#14795 = SURFACE_STYLE_FILL_AREA(#14796);
#14796 = FILL_AREA_STYLE('',(#14797));
#14797 = FILL_AREA_STYLE_COLOUR('',#14741);
#14798 = STYLED_ITEM('color',(#14799),#2063);
#14799 = PRESENTATION_STYLE_ASSIGNMENT((#14800));
#14800 = SURFACE_STYLE_USAGE(.BOTH.,#14801);
#14801 = SURFACE_SIDE_STYLE('',(#14802));
#14802 = SURFACE_STYLE_FILL_AREA(#14803);
#14803 = FILL_AREA_STYLE('',(#14804));
#14804 = FILL_AREA_STYLE_COLOUR('',#14741);
#14805 = STYLED_ITEM('color',(#14806),#2080);
#14806 = PRESENTATION_STYLE_ASSIGNMENT((#14807));
#14807 = SURFACE_STYLE_USAGE(.BOTH.,#14808);
#14808 = SURFACE_SIDE_STYLE('',(#14809));
#14809 = SURFACE_STYLE_FILL_AREA(#14810);
#14810 = FILL_AREA_STYLE('',(#14811));
#14811 = FILL_AREA_STYLE_COLOUR('',#14741);
#14812 = STYLED_ITEM('color',(#14813),#2097);
#14813 = PRESENTATION_STYLE_ASSIGNMENT((#14814));
#14814 = SURFACE_STYLE_USAGE(.BOTH.,#14815);
#14815 = SURFACE_SIDE_STYLE('',(#14816));
#14816 = SURFACE_STYLE_FILL_AREA(#14817);
#14817 = FILL_AREA_STYLE('',(#14818));
#14818 = FILL_AREA_STYLE_COLOUR('',#14741);
#14819 = STYLED_ITEM('color',(#14820),#2114);
#14820 = PRESENTATION_STYLE_ASSIGNMENT((#14821));
#14821 = SURFACE_STYLE_USAGE(.BOTH.,#14822);
#14822 = SURFACE_SIDE_STYLE('',(#14823));
#14823 = SURFACE_STYLE_FILL_AREA(#14824);
#14824 = FILL_AREA_STYLE('',(#14825));
#14825 = FILL_AREA_STYLE_COLOUR('',#14741);
#14826 = STYLED_ITEM('color',(#14827),#2131);
#14827 = PRESENTATION_STYLE_ASSIGNMENT((#14828));
#14828 = SURFACE_STYLE_USAGE(.BOTH.,#14829);
#14829 = SURFACE_SIDE_STYLE('',(#14830));
#14830 = SURFACE_STYLE_FILL_AREA(#14831);
#14831 = FILL_AREA_STYLE('',(#14832));
#14832 = FILL_AREA_STYLE_COLOUR('',#14741);
#14833 = STYLED_ITEM('color',(#14834),#2148);
#14834 = PRESENTATION_STYLE_ASSIGNMENT((#14835));
#14835 = SURFACE_STYLE_USAGE(.BOTH.,#14836);
#14836 = SURFACE_SIDE_STYLE('',(#14837));
#14837 = SURFACE_STYLE_FILL_AREA(#14838);
#14838 = FILL_AREA_STYLE('',(#14839));
#14839 = FILL_AREA_STYLE_COLOUR('',#14741);
#14840 = STYLED_ITEM('color',(#14841),#2165);
#14841 = PRESENTATION_STYLE_ASSIGNMENT((#14842));
#14842 = SURFACE_STYLE_USAGE(.BOTH.,#14843);
#14843 = SURFACE_SIDE_STYLE('',(#14844));
#14844 = SURFACE_STYLE_FILL_AREA(#14845);
#14845 = FILL_AREA_STYLE('',(#14846));
#14846 = FILL_AREA_STYLE_COLOUR('',#14741);
#14847 = STYLED_ITEM('color',(#14848),#2182);
#14848 = PRESENTATION_STYLE_ASSIGNMENT((#14849));
#14849 = SURFACE_STYLE_USAGE(.BOTH.,#14850);
#14850 = SURFACE_SIDE_STYLE('',(#14851));
#14851 = SURFACE_STYLE_FILL_AREA(#14852);
#14852 = FILL_AREA_STYLE('',(#14853));
#14853 = FILL_AREA_STYLE_COLOUR('',#14741);
#14854 = STYLED_ITEM('color',(#14855),#2199);
#14855 = PRESENTATION_STYLE_ASSIGNMENT((#14856));
#14856 = SURFACE_STYLE_USAGE(.BOTH.,#14857);
#14857 = SURFACE_SIDE_STYLE('',(#14858));
#14858 = SURFACE_STYLE_FILL_AREA(#14859);
#14859 = FILL_AREA_STYLE('',(#14860));
#14860 = FILL_AREA_STYLE_COLOUR('',#14741);
#14861 = STYLED_ITEM('color',(#14862),#2216);
#14862 = PRESENTATION_STYLE_ASSIGNMENT((#14863));
#14863 = SURFACE_STYLE_USAGE(.BOTH.,#14864);
#14864 = SURFACE_SIDE_STYLE('',(#14865));
#14865 = SURFACE_STYLE_FILL_AREA(#14866);
#14866 = FILL_AREA_STYLE('',(#14867));
#14867 = FILL_AREA_STYLE_COLOUR('',#14741);
#14868 = STYLED_ITEM('color',(#14869),#2233);
#14869 = PRESENTATION_STYLE_ASSIGNMENT((#14870));
#14870 = SURFACE_STYLE_USAGE(.BOTH.,#14871);
#14871 = SURFACE_SIDE_STYLE('',(#14872));
#14872 = SURFACE_STYLE_FILL_AREA(#14873);
#14873 = FILL_AREA_STYLE('',(#14874));
#14874 = FILL_AREA_STYLE_COLOUR('',#14741);
#14875 = STYLED_ITEM('color',(#14876),#2250);
#14876 = PRESENTATION_STYLE_ASSIGNMENT((#14877));
#14877 = SURFACE_STYLE_USAGE(.BOTH.,#14878);
#14878 = SURFACE_SIDE_STYLE('',(#14879));
#14879 = SURFACE_STYLE_FILL_AREA(#14880);
#14880 = FILL_AREA_STYLE('',(#14881));
#14881 = FILL_AREA_STYLE_COLOUR('',#14741);
#14882 = STYLED_ITEM('color',(#14883),#2267);
#14883 = PRESENTATION_STYLE_ASSIGNMENT((#14884));
#14884 = SURFACE_STYLE_USAGE(.BOTH.,#14885);
#14885 = SURFACE_SIDE_STYLE('',(#14886));
#14886 = SURFACE_STYLE_FILL_AREA(#14887);
#14887 = FILL_AREA_STYLE('',(#14888));
#14888 = FILL_AREA_STYLE_COLOUR('',#14741);
#14889 = STYLED_ITEM('color',(#14890),#2284);
#14890 = PRESENTATION_STYLE_ASSIGNMENT((#14891));
#14891 = SURFACE_STYLE_USAGE(.BOTH.,#14892);
#14892 = SURFACE_SIDE_STYLE('',(#14893));
#14893 = SURFACE_STYLE_FILL_AREA(#14894);
#14894 = FILL_AREA_STYLE('',(#14895));
#14895 = FILL_AREA_STYLE_COLOUR('',#14741);
#14896 = STYLED_ITEM('color',(#14897),#2301);
#14897 = PRESENTATION_STYLE_ASSIGNMENT((#14898));
#14898 = SURFACE_STYLE_USAGE(.BOTH.,#14899);
#14899 = SURFACE_SIDE_STYLE('',(#14900));
#14900 = SURFACE_STYLE_FILL_AREA(#14901);
#14901 = FILL_AREA_STYLE('',(#14902));
#14902 = FILL_AREA_STYLE_COLOUR('',#14741);
#14903 = STYLED_ITEM('color',(#14904),#2318);
#14904 = PRESENTATION_STYLE_ASSIGNMENT((#14905));
#14905 = SURFACE_STYLE_USAGE(.BOTH.,#14906);
#14906 = SURFACE_SIDE_STYLE('',(#14907));
#14907 = SURFACE_STYLE_FILL_AREA(#14908);
#14908 = FILL_AREA_STYLE('',(#14909));
#14909 = FILL_AREA_STYLE_COLOUR('',#14741);
#14910 = STYLED_ITEM('color',(#14911),#2335);
#14911 = PRESENTATION_STYLE_ASSIGNMENT((#14912));
#14912 = SURFACE_STYLE_USAGE(.BOTH.,#14913);
#14913 = SURFACE_SIDE_STYLE('',(#14914));
#14914 = SURFACE_STYLE_FILL_AREA(#14915);
#14915 = FILL_AREA_STYLE('',(#14916));
#14916 = FILL_AREA_STYLE_COLOUR('',#14741);
#14917 = STYLED_ITEM('color',(#14918),#2352);
#14918 = PRESENTATION_STYLE_ASSIGNMENT((#14919));
#14919 = SURFACE_STYLE_USAGE(.BOTH.,#14920);
#14920 = SURFACE_SIDE_STYLE('',(#14921));
#14921 = SURFACE_STYLE_FILL_AREA(#14922);
#14922 = FILL_AREA_STYLE('',(#14923));
#14923 = FILL_AREA_STYLE_COLOUR('',#14741);
#14924 = STYLED_ITEM('color',(#14925),#2369);
#14925 = PRESENTATION_STYLE_ASSIGNMENT((#14926));
#14926 = SURFACE_STYLE_USAGE(.BOTH.,#14927);
#14927 = SURFACE_SIDE_STYLE('',(#14928));
#14928 = SURFACE_STYLE_FILL_AREA(#14929);
#14929 = FILL_AREA_STYLE('',(#14930));
#14930 = FILL_AREA_STYLE_COLOUR('',#14741);
#14931 = STYLED_ITEM('color',(#14932),#2386);
#14932 = PRESENTATION_STYLE_ASSIGNMENT((#14933));
#14933 = SURFACE_STYLE_USAGE(.BOTH.,#14934);
#14934 = SURFACE_SIDE_STYLE('',(#14935));
#14935 = SURFACE_STYLE_FILL_AREA(#14936);
#14936 = FILL_AREA_STYLE('',(#14937));
#14937 = FILL_AREA_STYLE_COLOUR('',#14741);
#14938 = STYLED_ITEM('color',(#14939),#2403);
#14939 = PRESENTATION_STYLE_ASSIGNMENT((#14940));
#14940 = SURFACE_STYLE_USAGE(.BOTH.,#14941);
#14941 = SURFACE_SIDE_STYLE('',(#14942));
#14942 = SURFACE_STYLE_FILL_AREA(#14943);
#14943 = FILL_AREA_STYLE('',(#14944));
#14944 = FILL_AREA_STYLE_COLOUR('',#14741);
#14945 = STYLED_ITEM('color',(#14946),#2420);
#14946 = PRESENTATION_STYLE_ASSIGNMENT((#14947));
#14947 = SURFACE_STYLE_USAGE(.BOTH.,#14948);
#14948 = SURFACE_SIDE_STYLE('',(#14949));
#14949 = SURFACE_STYLE_FILL_AREA(#14950);
#14950 = FILL_AREA_STYLE('',(#14951));
#14951 = FILL_AREA_STYLE_COLOUR('',#14741);
#14952 = STYLED_ITEM('color',(#14953),#2437);
#14953 = PRESENTATION_STYLE_ASSIGNMENT((#14954));
#14954 = SURFACE_STYLE_USAGE(.BOTH.,#14955);
#14955 = SURFACE_SIDE_STYLE('',(#14956));
#14956 = SURFACE_STYLE_FILL_AREA(#14957);
#14957 = FILL_AREA_STYLE('',(#14958));
#14958 = FILL_AREA_STYLE_COLOUR('',#14741);
#14959 = STYLED_ITEM('color',(#14960),#2454);
#14960 = PRESENTATION_STYLE_ASSIGNMENT((#14961));
#14961 = SURFACE_STYLE_USAGE(.BOTH.,#14962);
#14962 = SURFACE_SIDE_STYLE('',(#14963));
#14963 = SURFACE_STYLE_FILL_AREA(#14964);
#14964 = FILL_AREA_STYLE('',(#14965));
#14965 = FILL_AREA_STYLE_COLOUR('',#14741);
#14966 = STYLED_ITEM('color',(#14967),#2471);
#14967 = PRESENTATION_STYLE_ASSIGNMENT((#14968));
#14968 = SURFACE_STYLE_USAGE(.BOTH.,#14969);
#14969 = SURFACE_SIDE_STYLE('',(#14970));
#14970 = SURFACE_STYLE_FILL_AREA(#14971);
#14971 = FILL_AREA_STYLE('',(#14972));
#14972 = FILL_AREA_STYLE_COLOUR('',#14741);
#14973 = STYLED_ITEM('color',(#14974),#2488);
#14974 = PRESENTATION_STYLE_ASSIGNMENT((#14975));
#14975 = SURFACE_STYLE_USAGE(.BOTH.,#14976);
#14976 = SURFACE_SIDE_STYLE('',(#14977));
#14977 = SURFACE_STYLE_FILL_AREA(#14978);
#14978 = FILL_AREA_STYLE('',(#14979));
#14979 = FILL_AREA_STYLE_COLOUR('',#14741);
#14980 = STYLED_ITEM('color',(#14981),#2505);
#14981 = PRESENTATION_STYLE_ASSIGNMENT((#14982));
#14982 = SURFACE_STYLE_USAGE(.BOTH.,#14983);
#14983 = SURFACE_SIDE_STYLE('',(#14984));
#14984 = SURFACE_STYLE_FILL_AREA(#14985);
#14985 = FILL_AREA_STYLE('',(#14986));
#14986 = FILL_AREA_STYLE_COLOUR('',#14741);
#14987 = STYLED_ITEM('color',(#14988),#2522);
#14988 = PRESENTATION_STYLE_ASSIGNMENT((#14989));
#14989 = SURFACE_STYLE_USAGE(.BOTH.,#14990);
#14990 = SURFACE_SIDE_STYLE('',(#14991));
#14991 = SURFACE_STYLE_FILL_AREA(#14992);
#14992 = FILL_AREA_STYLE('',(#14993));
#14993 = FILL_AREA_STYLE_COLOUR('',#14741);
#14994 = STYLED_ITEM('color',(#14995),#2539);
#14995 = PRESENTATION_STYLE_ASSIGNMENT((#14996));
#14996 = SURFACE_STYLE_USAGE(.BOTH.,#14997);
#14997 = SURFACE_SIDE_STYLE('',(#14998));
#14998 = SURFACE_STYLE_FILL_AREA(#14999);
#14999 = FILL_AREA_STYLE('',(#15000));
#15000 = FILL_AREA_STYLE_COLOUR('',#14741);
#15001 = STYLED_ITEM('color',(#15002),#2556);
#15002 = PRESENTATION_STYLE_ASSIGNMENT((#15003));
#15003 = SURFACE_STYLE_USAGE(.BOTH.,#15004);
#15004 = SURFACE_SIDE_STYLE('',(#15005));
#15005 = SURFACE_STYLE_FILL_AREA(#15006);
#15006 = FILL_AREA_STYLE('',(#15007));
#15007 = FILL_AREA_STYLE_COLOUR('',#14741);
#15008 = STYLED_ITEM('color',(#15009),#2573);
#15009 = PRESENTATION_STYLE_ASSIGNMENT((#15010));
#15010 = SURFACE_STYLE_USAGE(.BOTH.,#15011);
#15011 = SURFACE_SIDE_STYLE('',(#15012));
#15012 = SURFACE_STYLE_FILL_AREA(#15013);
#15013 = FILL_AREA_STYLE('',(#15014));
#15014 = FILL_AREA_STYLE_COLOUR('',#14741);
#15015 = STYLED_ITEM('color',(#15016),#2590);
#15016 = PRESENTATION_STYLE_ASSIGNMENT((#15017));
#15017 = SURFACE_STYLE_USAGE(.BOTH.,#15018);
#15018 = SURFACE_SIDE_STYLE('',(#15019));
#15019 = SURFACE_STYLE_FILL_AREA(#15020);
#15020 = FILL_AREA_STYLE('',(#15021));
#15021 = FILL_AREA_STYLE_COLOUR('',#14741);
#15022 = STYLED_ITEM('color',(#15023),#2607);
#15023 = PRESENTATION_STYLE_ASSIGNMENT((#15024));
#15024 = SURFACE_STYLE_USAGE(.BOTH.,#15025);
#15025 = SURFACE_SIDE_STYLE('',(#15026));
#15026 = SURFACE_STYLE_FILL_AREA(#15027);
#15027 = FILL_AREA_STYLE('',(#15028));
#15028 = FILL_AREA_STYLE_COLOUR('',#14741);
#15029 = STYLED_ITEM('color',(#15030),#2624);
#15030 = PRESENTATION_STYLE_ASSIGNMENT((#15031));
#15031 = SURFACE_STYLE_USAGE(.BOTH.,#15032);
#15032 = SURFACE_SIDE_STYLE('',(#15033));
#15033 = SURFACE_STYLE_FILL_AREA(#15034);
#15034 = FILL_AREA_STYLE('',(#15035));
#15035 = FILL_AREA_STYLE_COLOUR('',#14741);
#15036 = STYLED_ITEM('color',(#15037),#2641);
#15037 = PRESENTATION_STYLE_ASSIGNMENT((#15038));
#15038 = SURFACE_STYLE_USAGE(.BOTH.,#15039);
#15039 = SURFACE_SIDE_STYLE('',(#15040));
#15040 = SURFACE_STYLE_FILL_AREA(#15041);
#15041 = FILL_AREA_STYLE('',(#15042));
#15042 = FILL_AREA_STYLE_COLOUR('',#14741);
#15043 = STYLED_ITEM('color',(#15044),#2658);
#15044 = PRESENTATION_STYLE_ASSIGNMENT((#15045));
#15045 = SURFACE_STYLE_USAGE(.BOTH.,#15046);
#15046 = SURFACE_SIDE_STYLE('',(#15047));
#15047 = SURFACE_STYLE_FILL_AREA(#15048);
#15048 = FILL_AREA_STYLE('',(#15049));
#15049 = FILL_AREA_STYLE_COLOUR('',#14741);
#15050 = STYLED_ITEM('color',(#15051),#2675);
#15051 = PRESENTATION_STYLE_ASSIGNMENT((#15052));
#15052 = SURFACE_STYLE_USAGE(.BOTH.,#15053);
#15053 = SURFACE_SIDE_STYLE('',(#15054));
#15054 = SURFACE_STYLE_FILL_AREA(#15055);
#15055 = FILL_AREA_STYLE('',(#15056));
#15056 = FILL_AREA_STYLE_COLOUR('',#14741);
#15057 = STYLED_ITEM('color',(#15058),#2692);
#15058 = PRESENTATION_STYLE_ASSIGNMENT((#15059));
#15059 = SURFACE_STYLE_USAGE(.BOTH.,#15060);
#15060 = SURFACE_SIDE_STYLE('',(#15061));
#15061 = SURFACE_STYLE_FILL_AREA(#15062);
#15062 = FILL_AREA_STYLE('',(#15063));
#15063 = FILL_AREA_STYLE_COLOUR('',#14741);
#15064 = STYLED_ITEM('color',(#15065),#2709);
#15065 = PRESENTATION_STYLE_ASSIGNMENT((#15066));
#15066 = SURFACE_STYLE_USAGE(.BOTH.,#15067);
#15067 = SURFACE_SIDE_STYLE('',(#15068));
#15068 = SURFACE_STYLE_FILL_AREA(#15069);
#15069 = FILL_AREA_STYLE('',(#15070));
#15070 = FILL_AREA_STYLE_COLOUR('',#14741);
#15071 = STYLED_ITEM('color',(#15072),#2726);
#15072 = PRESENTATION_STYLE_ASSIGNMENT((#15073));
#15073 = SURFACE_STYLE_USAGE(.BOTH.,#15074);
#15074 = SURFACE_SIDE_STYLE('',(#15075));
#15075 = SURFACE_STYLE_FILL_AREA(#15076);
#15076 = FILL_AREA_STYLE('',(#15077));
#15077 = FILL_AREA_STYLE_COLOUR('',#14741);
#15078 = STYLED_ITEM('color',(#15079),#2743);
#15079 = PRESENTATION_STYLE_ASSIGNMENT((#15080));
#15080 = SURFACE_STYLE_USAGE(.BOTH.,#15081);
#15081 = SURFACE_SIDE_STYLE('',(#15082));
#15082 = SURFACE_STYLE_FILL_AREA(#15083);
#15083 = FILL_AREA_STYLE('',(#15084));
#15084 = FILL_AREA_STYLE_COLOUR('',#14741);
#15085 = STYLED_ITEM('color',(#15086),#2760);
#15086 = PRESENTATION_STYLE_ASSIGNMENT((#15087));
#15087 = SURFACE_STYLE_USAGE(.BOTH.,#15088);
#15088 = SURFACE_SIDE_STYLE('',(#15089));
#15089 = SURFACE_STYLE_FILL_AREA(#15090);
#15090 = FILL_AREA_STYLE('',(#15091));
#15091 = FILL_AREA_STYLE_COLOUR('',#14741);
#15092 = STYLED_ITEM('color',(#15093),#2777);
#15093 = PRESENTATION_STYLE_ASSIGNMENT((#15094));
#15094 = SURFACE_STYLE_USAGE(.BOTH.,#15095);
#15095 = SURFACE_SIDE_STYLE('',(#15096));
#15096 = SURFACE_STYLE_FILL_AREA(#15097);
#15097 = FILL_AREA_STYLE('',(#15098));
#15098 = FILL_AREA_STYLE_COLOUR('',#14741);
#15099 = STYLED_ITEM('color',(#15100),#2794);
#15100 = PRESENTATION_STYLE_ASSIGNMENT((#15101));
#15101 = SURFACE_STYLE_USAGE(.BOTH.,#15102);
#15102 = SURFACE_SIDE_STYLE('',(#15103));
#15103 = SURFACE_STYLE_FILL_AREA(#15104);
#15104 = FILL_AREA_STYLE('',(#15105));
#15105 = FILL_AREA_STYLE_COLOUR('',#14741);
#15106 = STYLED_ITEM('color',(#15107),#2811);
#15107 = PRESENTATION_STYLE_ASSIGNMENT((#15108));
#15108 = SURFACE_STYLE_USAGE(.BOTH.,#15109);
#15109 = SURFACE_SIDE_STYLE('',(#15110));
#15110 = SURFACE_STYLE_FILL_AREA(#15111);
#15111 = FILL_AREA_STYLE('',(#15112));
#15112 = FILL_AREA_STYLE_COLOUR('',#14741);
#15113 = STYLED_ITEM('color',(#15114),#2828);
#15114 = PRESENTATION_STYLE_ASSIGNMENT((#15115));
#15115 = SURFACE_STYLE_USAGE(.BOTH.,#15116);
#15116 = SURFACE_SIDE_STYLE('',(#15117));
#15117 = SURFACE_STYLE_FILL_AREA(#15118);
#15118 = FILL_AREA_STYLE('',(#15119));
#15119 = FILL_AREA_STYLE_COLOUR('',#14741);
#15120 = STYLED_ITEM('color',(#15121),#2845);
#15121 = PRESENTATION_STYLE_ASSIGNMENT((#15122));
#15122 = SURFACE_STYLE_USAGE(.BOTH.,#15123);
#15123 = SURFACE_SIDE_STYLE('',(#15124));
#15124 = SURFACE_STYLE_FILL_AREA(#15125);
#15125 = FILL_AREA_STYLE('',(#15126));
#15126 = FILL_AREA_STYLE_COLOUR('',#14741);
#15127 = STYLED_ITEM('color',(#15128),#2862);
#15128 = PRESENTATION_STYLE_ASSIGNMENT((#15129));
#15129 = SURFACE_STYLE_USAGE(.BOTH.,#15130);
#15130 = SURFACE_SIDE_STYLE('',(#15131));
#15131 = SURFACE_STYLE_FILL_AREA(#15132);
#15132 = FILL_AREA_STYLE('',(#15133));
#15133 = FILL_AREA_STYLE_COLOUR('',#14741);
#15134 = STYLED_ITEM('color',(#15135),#2879);
#15135 = PRESENTATION_STYLE_ASSIGNMENT((#15136));
#15136 = SURFACE_STYLE_USAGE(.BOTH.,#15137);
#15137 = SURFACE_SIDE_STYLE('',(#15138));
#15138 = SURFACE_STYLE_FILL_AREA(#15139);
#15139 = FILL_AREA_STYLE('',(#15140));
#15140 = FILL_AREA_STYLE_COLOUR('',#14741);
#15141 = STYLED_ITEM('color',(#15142),#2896);
#15142 = PRESENTATION_STYLE_ASSIGNMENT((#15143));
#15143 = SURFACE_STYLE_USAGE(.BOTH.,#15144);
#15144 = SURFACE_SIDE_STYLE('',(#15145));
#15145 = SURFACE_STYLE_FILL_AREA(#15146);
#15146 = FILL_AREA_STYLE('',(#15147));
#15147 = FILL_AREA_STYLE_COLOUR('',#14741);
#15148 = STYLED_ITEM('color',(#15149),#2913);
#15149 = PRESENTATION_STYLE_ASSIGNMENT((#15150));
#15150 = SURFACE_STYLE_USAGE(.BOTH.,#15151);
#15151 = SURFACE_SIDE_STYLE('',(#15152));
#15152 = SURFACE_STYLE_FILL_AREA(#15153);
#15153 = FILL_AREA_STYLE('',(#15154));
#15154 = FILL_AREA_STYLE_COLOUR('',#14741);
#15155 = STYLED_ITEM('color',(#15156),#2930);
#15156 = PRESENTATION_STYLE_ASSIGNMENT((#15157));
#15157 = SURFACE_STYLE_USAGE(.BOTH.,#15158);
#15158 = SURFACE_SIDE_STYLE('',(#15159));
#15159 = SURFACE_STYLE_FILL_AREA(#15160);
#15160 = FILL_AREA_STYLE('',(#15161));
#15161 = FILL_AREA_STYLE_COLOUR('',#14741);
#15162 = STYLED_ITEM('color',(#15163),#2947);
#15163 = PRESENTATION_STYLE_ASSIGNMENT((#15164));
#15164 = SURFACE_STYLE_USAGE(.BOTH.,#15165);
#15165 = SURFACE_SIDE_STYLE('',(#15166));
#15166 = SURFACE_STYLE_FILL_AREA(#15167);
#15167 = FILL_AREA_STYLE('',(#15168));
#15168 = FILL_AREA_STYLE_COLOUR('',#14741);
#15169 = STYLED_ITEM('color',(#15170),#2964);
#15170 = PRESENTATION_STYLE_ASSIGNMENT((#15171));
#15171 = SURFACE_STYLE_USAGE(.BOTH.,#15172);
#15172 = SURFACE_SIDE_STYLE('',(#15173));
#15173 = SURFACE_STYLE_FILL_AREA(#15174);
#15174 = FILL_AREA_STYLE('',(#15175));
#15175 = FILL_AREA_STYLE_COLOUR('',#14741);
#15176 = STYLED_ITEM('color',(#15177),#2981);
#15177 = PRESENTATION_STYLE_ASSIGNMENT((#15178));
#15178 = SURFACE_STYLE_USAGE(.BOTH.,#15179);
#15179 = SURFACE_SIDE_STYLE('',(#15180));
#15180 = SURFACE_STYLE_FILL_AREA(#15181);
#15181 = FILL_AREA_STYLE('',(#15182));
#15182 = FILL_AREA_STYLE_COLOUR('',#14741);
#15183 = STYLED_ITEM('color',(#15184),#2993);
#15184 = PRESENTATION_STYLE_ASSIGNMENT((#15185));
#15185 = SURFACE_STYLE_USAGE(.BOTH.,#15186);
#15186 = SURFACE_SIDE_STYLE('',(#15187));
#15187 = SURFACE_STYLE_FILL_AREA(#15188);
#15188 = FILL_AREA_STYLE('',(#15189));
#15189 = FILL_AREA_STYLE_COLOUR('',#14054);
#15190 = STYLED_ITEM('color',(#15191),#3024);
#15191 = PRESENTATION_STYLE_ASSIGNMENT((#15192));
#15192 = SURFACE_STYLE_USAGE(.BOTH.,#15193);
#15193 = SURFACE_SIDE_STYLE('',(#15194));
#15194 = SURFACE_STYLE_FILL_AREA(#15195);
#15195 = FILL_AREA_STYLE('',(#15196));
#15196 = FILL_AREA_STYLE_COLOUR('',#14054);
#15197 = STYLED_ITEM('color',(#15198),#3048);
#15198 = PRESENTATION_STYLE_ASSIGNMENT((#15199));
#15199 = SURFACE_STYLE_USAGE(.BOTH.,#15200);
#15200 = SURFACE_SIDE_STYLE('',(#15201));
#15201 = SURFACE_STYLE_FILL_AREA(#15202);
#15202 = FILL_AREA_STYLE('',(#15203));
#15203 = FILL_AREA_STYLE_COLOUR('',#14054);
#15204 = STYLED_ITEM('color',(#15205),#3072);
#15205 = PRESENTATION_STYLE_ASSIGNMENT((#15206));
#15206 = SURFACE_STYLE_USAGE(.BOTH.,#15207);
#15207 = SURFACE_SIDE_STYLE('',(#15208));
#15208 = SURFACE_STYLE_FILL_AREA(#15209);
#15209 = FILL_AREA_STYLE('',(#15210));
#15210 = FILL_AREA_STYLE_COLOUR('',#14054);
#15211 = STYLED_ITEM('color',(#15212),#3089);
#15212 = PRESENTATION_STYLE_ASSIGNMENT((#15213));
#15213 = SURFACE_STYLE_USAGE(.BOTH.,#15214);
#15214 = SURFACE_SIDE_STYLE('',(#15215));
#15215 = SURFACE_STYLE_FILL_AREA(#15216);
#15216 = FILL_AREA_STYLE('',(#15217));
#15217 = FILL_AREA_STYLE_COLOUR('',#14054);
#15218 = STYLED_ITEM('color',(#15219),#3120);
#15219 = PRESENTATION_STYLE_ASSIGNMENT((#15220));
#15220 = SURFACE_STYLE_USAGE(.BOTH.,#15221);
#15221 = SURFACE_SIDE_STYLE('',(#15222));
#15222 = SURFACE_STYLE_FILL_AREA(#15223);
#15223 = FILL_AREA_STYLE('',(#15224));
#15224 = FILL_AREA_STYLE_COLOUR('',#14054);
#15225 = STYLED_ITEM('color',(#15226),#3144);
#15226 = PRESENTATION_STYLE_ASSIGNMENT((#15227));
#15227 = SURFACE_STYLE_USAGE(.BOTH.,#15228);
#15228 = SURFACE_SIDE_STYLE('',(#15229));
#15229 = SURFACE_STYLE_FILL_AREA(#15230);
#15230 = FILL_AREA_STYLE('',(#15231));
#15231 = FILL_AREA_STYLE_COLOUR('',#14054);
#15232 = STYLED_ITEM('color',(#15233),#3168);
#15233 = PRESENTATION_STYLE_ASSIGNMENT((#15234));
#15234 = SURFACE_STYLE_USAGE(.BOTH.,#15235);
#15235 = SURFACE_SIDE_STYLE('',(#15236));
#15236 = SURFACE_STYLE_FILL_AREA(#15237);
#15237 = FILL_AREA_STYLE('',(#15238));
#15238 = FILL_AREA_STYLE_COLOUR('',#14054);
#15239 = STYLED_ITEM('color',(#15240),#3185);
#15240 = PRESENTATION_STYLE_ASSIGNMENT((#15241));
#15241 = SURFACE_STYLE_USAGE(.BOTH.,#15242);
#15242 = SURFACE_SIDE_STYLE('',(#15243));
#15243 = SURFACE_STYLE_FILL_AREA(#15244);
#15244 = FILL_AREA_STYLE('',(#15245));
#15245 = FILL_AREA_STYLE_COLOUR('',#14054);
#15246 = STYLED_ITEM('color',(#15247),#3216);
#15247 = PRESENTATION_STYLE_ASSIGNMENT((#15248));
#15248 = SURFACE_STYLE_USAGE(.BOTH.,#15249);
#15249 = SURFACE_SIDE_STYLE('',(#15250));
#15250 = SURFACE_STYLE_FILL_AREA(#15251);
#15251 = FILL_AREA_STYLE('',(#15252));
#15252 = FILL_AREA_STYLE_COLOUR('',#14054);
#15253 = STYLED_ITEM('color',(#15254),#3240);
#15254 = PRESENTATION_STYLE_ASSIGNMENT((#15255));
#15255 = SURFACE_STYLE_USAGE(.BOTH.,#15256);
#15256 = SURFACE_SIDE_STYLE('',(#15257));
#15257 = SURFACE_STYLE_FILL_AREA(#15258);
#15258 = FILL_AREA_STYLE('',(#15259));
#15259 = FILL_AREA_STYLE_COLOUR('',#14054);
#15260 = STYLED_ITEM('color',(#15261),#3264);
#15261 = PRESENTATION_STYLE_ASSIGNMENT((#15262));
#15262 = SURFACE_STYLE_USAGE(.BOTH.,#15263);
#15263 = SURFACE_SIDE_STYLE('',(#15264));
#15264 = SURFACE_STYLE_FILL_AREA(#15265);
#15265 = FILL_AREA_STYLE('',(#15266));
#15266 = FILL_AREA_STYLE_COLOUR('',#14054);
#15267 = STYLED_ITEM('color',(#15268),#3281);
#15268 = PRESENTATION_STYLE_ASSIGNMENT((#15269));
#15269 = SURFACE_STYLE_USAGE(.BOTH.,#15270);
#15270 = SURFACE_SIDE_STYLE('',(#15271));
#15271 = SURFACE_STYLE_FILL_AREA(#15272);
#15272 = FILL_AREA_STYLE('',(#15273));
#15273 = FILL_AREA_STYLE_COLOUR('',#14054);
#15274 = STYLED_ITEM('color',(#15275),#3312);
#15275 = PRESENTATION_STYLE_ASSIGNMENT((#15276));
#15276 = SURFACE_STYLE_USAGE(.BOTH.,#15277);
#15277 = SURFACE_SIDE_STYLE('',(#15278));
#15278 = SURFACE_STYLE_FILL_AREA(#15279);
#15279 = FILL_AREA_STYLE('',(#15280));
#15280 = FILL_AREA_STYLE_COLOUR('',#14054);
#15281 = STYLED_ITEM('color',(#15282),#3336);
#15282 = PRESENTATION_STYLE_ASSIGNMENT((#15283));
#15283 = SURFACE_STYLE_USAGE(.BOTH.,#15284);
#15284 = SURFACE_SIDE_STYLE('',(#15285));
#15285 = SURFACE_STYLE_FILL_AREA(#15286);
#15286 = FILL_AREA_STYLE('',(#15287));
#15287 = FILL_AREA_STYLE_COLOUR('',#14054);
#15288 = STYLED_ITEM('color',(#15289),#3360);
#15289 = PRESENTATION_STYLE_ASSIGNMENT((#15290));
#15290 = SURFACE_STYLE_USAGE(.BOTH.,#15291);
#15291 = SURFACE_SIDE_STYLE('',(#15292));
#15292 = SURFACE_STYLE_FILL_AREA(#15293);
#15293 = FILL_AREA_STYLE('',(#15294));
#15294 = FILL_AREA_STYLE_COLOUR('',#14054);
#15295 = STYLED_ITEM('color',(#15296),#3377);
#15296 = PRESENTATION_STYLE_ASSIGNMENT((#15297));
#15297 = SURFACE_STYLE_USAGE(.BOTH.,#15298);
#15298 = SURFACE_SIDE_STYLE('',(#15299));
#15299 = SURFACE_STYLE_FILL_AREA(#15300);
#15300 = FILL_AREA_STYLE('',(#15301));
#15301 = FILL_AREA_STYLE_COLOUR('',#14054);
#15302 = STYLED_ITEM('color',(#15303),#3408);
#15303 = PRESENTATION_STYLE_ASSIGNMENT((#15304));
#15304 = SURFACE_STYLE_USAGE(.BOTH.,#15305);
#15305 = SURFACE_SIDE_STYLE('',(#15306));
#15306 = SURFACE_STYLE_FILL_AREA(#15307);
#15307 = FILL_AREA_STYLE('',(#15308));
#15308 = FILL_AREA_STYLE_COLOUR('',#14054);
#15309 = STYLED_ITEM('color',(#15310),#3432);
#15310 = PRESENTATION_STYLE_ASSIGNMENT((#15311));
#15311 = SURFACE_STYLE_USAGE(.BOTH.,#15312);
#15312 = SURFACE_SIDE_STYLE('',(#15313));
#15313 = SURFACE_STYLE_FILL_AREA(#15314);
#15314 = FILL_AREA_STYLE('',(#15315));
#15315 = FILL_AREA_STYLE_COLOUR('',#14054);
#15316 = STYLED_ITEM('color',(#15317),#3456);
#15317 = PRESENTATION_STYLE_ASSIGNMENT((#15318));
#15318 = SURFACE_STYLE_USAGE(.BOTH.,#15319);
#15319 = SURFACE_SIDE_STYLE('',(#15320));
#15320 = SURFACE_STYLE_FILL_AREA(#15321);
#15321 = FILL_AREA_STYLE('',(#15322));
#15322 = FILL_AREA_STYLE_COLOUR('',#14054);
#15323 = STYLED_ITEM('color',(#15324),#3473);
#15324 = PRESENTATION_STYLE_ASSIGNMENT((#15325));
#15325 = SURFACE_STYLE_USAGE(.BOTH.,#15326);
#15326 = SURFACE_SIDE_STYLE('',(#15327));
#15327 = SURFACE_STYLE_FILL_AREA(#15328);
#15328 = FILL_AREA_STYLE('',(#15329));
#15329 = FILL_AREA_STYLE_COLOUR('',#14054);
#15330 = STYLED_ITEM('color',(#15331),#3504);
#15331 = PRESENTATION_STYLE_ASSIGNMENT((#15332));
#15332 = SURFACE_STYLE_USAGE(.BOTH.,#15333);
#15333 = SURFACE_SIDE_STYLE('',(#15334));
#15334 = SURFACE_STYLE_FILL_AREA(#15335);
#15335 = FILL_AREA_STYLE('',(#15336));
#15336 = FILL_AREA_STYLE_COLOUR('',#14054);
#15337 = STYLED_ITEM('color',(#15338),#3528);
#15338 = PRESENTATION_STYLE_ASSIGNMENT((#15339));
#15339 = SURFACE_STYLE_USAGE(.BOTH.,#15340);
#15340 = SURFACE_SIDE_STYLE('',(#15341));
#15341 = SURFACE_STYLE_FILL_AREA(#15342);
#15342 = FILL_AREA_STYLE('',(#15343));
#15343 = FILL_AREA_STYLE_COLOUR('',#14054);
#15344 = STYLED_ITEM('color',(#15345),#3552);
#15345 = PRESENTATION_STYLE_ASSIGNMENT((#15346));
#15346 = SURFACE_STYLE_USAGE(.BOTH.,#15347);
#15347 = SURFACE_SIDE_STYLE('',(#15348));
#15348 = SURFACE_STYLE_FILL_AREA(#15349);
#15349 = FILL_AREA_STYLE('',(#15350));
#15350 = FILL_AREA_STYLE_COLOUR('',#14054);
#15351 = STYLED_ITEM('color',(#15352),#3569);
#15352 = PRESENTATION_STYLE_ASSIGNMENT((#15353));
#15353 = SURFACE_STYLE_USAGE(.BOTH.,#15354);
#15354 = SURFACE_SIDE_STYLE('',(#15355));
#15355 = SURFACE_STYLE_FILL_AREA(#15356);
#15356 = FILL_AREA_STYLE('',(#15357));
#15357 = FILL_AREA_STYLE_COLOUR('',#14054);
#15358 = STYLED_ITEM('color',(#15359),#3600);
#15359 = PRESENTATION_STYLE_ASSIGNMENT((#15360));
#15360 = SURFACE_STYLE_USAGE(.BOTH.,#15361);
#15361 = SURFACE_SIDE_STYLE('',(#15362));
#15362 = SURFACE_STYLE_FILL_AREA(#15363);
#15363 = FILL_AREA_STYLE('',(#15364));
#15364 = FILL_AREA_STYLE_COLOUR('',#14054);
#15365 = STYLED_ITEM('color',(#15366),#3624);
#15366 = PRESENTATION_STYLE_ASSIGNMENT((#15367));
#15367 = SURFACE_STYLE_USAGE(.BOTH.,#15368);
#15368 = SURFACE_SIDE_STYLE('',(#15369));
#15369 = SURFACE_STYLE_FILL_AREA(#15370);
#15370 = FILL_AREA_STYLE('',(#15371));
#15371 = FILL_AREA_STYLE_COLOUR('',#14054);
#15372 = STYLED_ITEM('color',(#15373),#3648);
#15373 = PRESENTATION_STYLE_ASSIGNMENT((#15374));
#15374 = SURFACE_STYLE_USAGE(.BOTH.,#15375);
#15375 = SURFACE_SIDE_STYLE('',(#15376));
#15376 = SURFACE_STYLE_FILL_AREA(#15377);
#15377 = FILL_AREA_STYLE('',(#15378));
#15378 = FILL_AREA_STYLE_COLOUR('',#14054);
#15379 = STYLED_ITEM('color',(#15380),#3665);
#15380 = PRESENTATION_STYLE_ASSIGNMENT((#15381));
#15381 = SURFACE_STYLE_USAGE(.BOTH.,#15382);
#15382 = SURFACE_SIDE_STYLE('',(#15383));
#15383 = SURFACE_STYLE_FILL_AREA(#15384);
#15384 = FILL_AREA_STYLE('',(#15385));
#15385 = FILL_AREA_STYLE_COLOUR('',#14054);
#15386 = STYLED_ITEM('color',(#15387),#3696);
#15387 = PRESENTATION_STYLE_ASSIGNMENT((#15388));
#15388 = SURFACE_STYLE_USAGE(.BOTH.,#15389);
#15389 = SURFACE_SIDE_STYLE('',(#15390));
#15390 = SURFACE_STYLE_FILL_AREA(#15391);
#15391 = FILL_AREA_STYLE('',(#15392));
#15392 = FILL_AREA_STYLE_COLOUR('',#14054);
#15393 = STYLED_ITEM('color',(#15394),#3720);
#15394 = PRESENTATION_STYLE_ASSIGNMENT((#15395));
#15395 = SURFACE_STYLE_USAGE(.BOTH.,#15396);
#15396 = SURFACE_SIDE_STYLE('',(#15397));
#15397 = SURFACE_STYLE_FILL_AREA(#15398);
#15398 = FILL_AREA_STYLE('',(#15399));
#15399 = FILL_AREA_STYLE_COLOUR('',#14054);
#15400 = STYLED_ITEM('color',(#15401),#3744);
#15401 = PRESENTATION_STYLE_ASSIGNMENT((#15402));
#15402 = SURFACE_STYLE_USAGE(.BOTH.,#15403);
#15403 = SURFACE_SIDE_STYLE('',(#15404));
#15404 = SURFACE_STYLE_FILL_AREA(#15405);
#15405 = FILL_AREA_STYLE('',(#15406));
#15406 = FILL_AREA_STYLE_COLOUR('',#14054);
#15407 = STYLED_ITEM('color',(#15408),#3761);
#15408 = PRESENTATION_STYLE_ASSIGNMENT((#15409));
#15409 = SURFACE_STYLE_USAGE(.BOTH.,#15410);
#15410 = SURFACE_SIDE_STYLE('',(#15411));
#15411 = SURFACE_STYLE_FILL_AREA(#15412);
#15412 = FILL_AREA_STYLE('',(#15413));
#15413 = FILL_AREA_STYLE_COLOUR('',#14054);
#15414 = STYLED_ITEM('color',(#15415),#3792);
#15415 = PRESENTATION_STYLE_ASSIGNMENT((#15416));
#15416 = SURFACE_STYLE_USAGE(.BOTH.,#15417);
#15417 = SURFACE_SIDE_STYLE('',(#15418));
#15418 = SURFACE_STYLE_FILL_AREA(#15419);
#15419 = FILL_AREA_STYLE('',(#15420));
#15420 = FILL_AREA_STYLE_COLOUR('',#14054);
#15421 = STYLED_ITEM('color',(#15422),#3816);
#15422 = PRESENTATION_STYLE_ASSIGNMENT((#15423));
#15423 = SURFACE_STYLE_USAGE(.BOTH.,#15424);
#15424 = SURFACE_SIDE_STYLE('',(#15425));
#15425 = SURFACE_STYLE_FILL_AREA(#15426);
#15426 = FILL_AREA_STYLE('',(#15427));
#15427 = FILL_AREA_STYLE_COLOUR('',#14054);
#15428 = STYLED_ITEM('color',(#15429),#3840);
#15429 = PRESENTATION_STYLE_ASSIGNMENT((#15430));
#15430 = SURFACE_STYLE_USAGE(.BOTH.,#15431);
#15431 = SURFACE_SIDE_STYLE('',(#15432));
#15432 = SURFACE_STYLE_FILL_AREA(#15433);
#15433 = FILL_AREA_STYLE('',(#15434));
#15434 = FILL_AREA_STYLE_COLOUR('',#14054);
#15435 = STYLED_ITEM('color',(#15436),#3857);
#15436 = PRESENTATION_STYLE_ASSIGNMENT((#15437));
#15437 = SURFACE_STYLE_USAGE(.BOTH.,#15438);
#15438 = SURFACE_SIDE_STYLE('',(#15439));
#15439 = SURFACE_STYLE_FILL_AREA(#15440);
#15440 = FILL_AREA_STYLE('',(#15441));
#15441 = FILL_AREA_STYLE_COLOUR('',#14054);
#15442 = STYLED_ITEM('color',(#15443),#3888);
#15443 = PRESENTATION_STYLE_ASSIGNMENT((#15444));
#15444 = SURFACE_STYLE_USAGE(.BOTH.,#15445);
#15445 = SURFACE_SIDE_STYLE('',(#15446));
#15446 = SURFACE_STYLE_FILL_AREA(#15447);
#15447 = FILL_AREA_STYLE('',(#15448));
#15448 = FILL_AREA_STYLE_COLOUR('',#14054);
#15449 = STYLED_ITEM('color',(#15450),#3912);
#15450 = PRESENTATION_STYLE_ASSIGNMENT((#15451));
#15451 = SURFACE_STYLE_USAGE(.BOTH.,#15452);
#15452 = SURFACE_SIDE_STYLE('',(#15453));
#15453 = SURFACE_STYLE_FILL_AREA(#15454);
#15454 = FILL_AREA_STYLE('',(#15455));
#15455 = FILL_AREA_STYLE_COLOUR('',#14054);
#15456 = STYLED_ITEM('color',(#15457),#3936);
#15457 = PRESENTATION_STYLE_ASSIGNMENT((#15458));
#15458 = SURFACE_STYLE_USAGE(.BOTH.,#15459);
#15459 = SURFACE_SIDE_STYLE('',(#15460));
#15460 = SURFACE_STYLE_FILL_AREA(#15461);
#15461 = FILL_AREA_STYLE('',(#15462));
#15462 = FILL_AREA_STYLE_COLOUR('',#14054);
#15463 = STYLED_ITEM('color',(#15464),#3953);
#15464 = PRESENTATION_STYLE_ASSIGNMENT((#15465));
#15465 = SURFACE_STYLE_USAGE(.BOTH.,#15466);
#15466 = SURFACE_SIDE_STYLE('',(#15467));
#15467 = SURFACE_STYLE_FILL_AREA(#15468);
#15468 = FILL_AREA_STYLE('',(#15469));
#15469 = FILL_AREA_STYLE_COLOUR('',#14054);
#15470 = STYLED_ITEM('color',(#15471),#3984);
#15471 = PRESENTATION_STYLE_ASSIGNMENT((#15472));
#15472 = SURFACE_STYLE_USAGE(.BOTH.,#15473);
#15473 = SURFACE_SIDE_STYLE('',(#15474));
#15474 = SURFACE_STYLE_FILL_AREA(#15475);
#15475 = FILL_AREA_STYLE('',(#15476));
#15476 = FILL_AREA_STYLE_COLOUR('',#14054);
#15477 = STYLED_ITEM('color',(#15478),#4008);
#15478 = PRESENTATION_STYLE_ASSIGNMENT((#15479));
#15479 = SURFACE_STYLE_USAGE(.BOTH.,#15480);
#15480 = SURFACE_SIDE_STYLE('',(#15481));
#15481 = SURFACE_STYLE_FILL_AREA(#15482);
#15482 = FILL_AREA_STYLE('',(#15483));
#15483 = FILL_AREA_STYLE_COLOUR('',#14054);
#15484 = STYLED_ITEM('color',(#15485),#4032);
#15485 = PRESENTATION_STYLE_ASSIGNMENT((#15486));
#15486 = SURFACE_STYLE_USAGE(.BOTH.,#15487);
#15487 = SURFACE_SIDE_STYLE('',(#15488));
#15488 = SURFACE_STYLE_FILL_AREA(#15489);
#15489 = FILL_AREA_STYLE('',(#15490));
#15490 = FILL_AREA_STYLE_COLOUR('',#14054);
#15491 = STYLED_ITEM('color',(#15492),#4049);
#15492 = PRESENTATION_STYLE_ASSIGNMENT((#15493));
#15493 = SURFACE_STYLE_USAGE(.BOTH.,#15494);
#15494 = SURFACE_SIDE_STYLE('',(#15495));
#15495 = SURFACE_STYLE_FILL_AREA(#15496);
#15496 = FILL_AREA_STYLE('',(#15497));
#15497 = FILL_AREA_STYLE_COLOUR('',#14054);
#15498 = STYLED_ITEM('color',(#15499),#4080);
#15499 = PRESENTATION_STYLE_ASSIGNMENT((#15500));
#15500 = SURFACE_STYLE_USAGE(.BOTH.,#15501);
#15501 = SURFACE_SIDE_STYLE('',(#15502));
#15502 = SURFACE_STYLE_FILL_AREA(#15503);
#15503 = FILL_AREA_STYLE('',(#15504));
#15504 = FILL_AREA_STYLE_COLOUR('',#14054);
#15505 = STYLED_ITEM('color',(#15506),#4104);
#15506 = PRESENTATION_STYLE_ASSIGNMENT((#15507));
#15507 = SURFACE_STYLE_USAGE(.BOTH.,#15508);
#15508 = SURFACE_SIDE_STYLE('',(#15509));
#15509 = SURFACE_STYLE_FILL_AREA(#15510);
#15510 = FILL_AREA_STYLE('',(#15511));
#15511 = FILL_AREA_STYLE_COLOUR('',#14054);
#15512 = STYLED_ITEM('color',(#15513),#4128);
#15513 = PRESENTATION_STYLE_ASSIGNMENT((#15514));
#15514 = SURFACE_STYLE_USAGE(.BOTH.,#15515);
#15515 = SURFACE_SIDE_STYLE('',(#15516));
#15516 = SURFACE_STYLE_FILL_AREA(#15517);
#15517 = FILL_AREA_STYLE('',(#15518));
#15518 = FILL_AREA_STYLE_COLOUR('',#14054);
#15519 = STYLED_ITEM('color',(#15520),#4145);
#15520 = PRESENTATION_STYLE_ASSIGNMENT((#15521));
#15521 = SURFACE_STYLE_USAGE(.BOTH.,#15522);
#15522 = SURFACE_SIDE_STYLE('',(#15523));
#15523 = SURFACE_STYLE_FILL_AREA(#15524);
#15524 = FILL_AREA_STYLE('',(#15525));
#15525 = FILL_AREA_STYLE_COLOUR('',#14054);
#15526 = STYLED_ITEM('color',(#15527),#4176);
#15527 = PRESENTATION_STYLE_ASSIGNMENT((#15528));
#15528 = SURFACE_STYLE_USAGE(.BOTH.,#15529);
#15529 = SURFACE_SIDE_STYLE('',(#15530));
#15530 = SURFACE_STYLE_FILL_AREA(#15531);
#15531 = FILL_AREA_STYLE('',(#15532));
#15532 = FILL_AREA_STYLE_COLOUR('',#14054);
#15533 = STYLED_ITEM('color',(#15534),#4200);
#15534 = PRESENTATION_STYLE_ASSIGNMENT((#15535));
#15535 = SURFACE_STYLE_USAGE(.BOTH.,#15536);
#15536 = SURFACE_SIDE_STYLE('',(#15537));
#15537 = SURFACE_STYLE_FILL_AREA(#15538);
#15538 = FILL_AREA_STYLE('',(#15539));
#15539 = FILL_AREA_STYLE_COLOUR('',#14054);
#15540 = STYLED_ITEM('color',(#15541),#4224);
#15541 = PRESENTATION_STYLE_ASSIGNMENT((#15542));
#15542 = SURFACE_STYLE_USAGE(.BOTH.,#15543);
#15543 = SURFACE_SIDE_STYLE('',(#15544));
#15544 = SURFACE_STYLE_FILL_AREA(#15545);
#15545 = FILL_AREA_STYLE('',(#15546));
#15546 = FILL_AREA_STYLE_COLOUR('',#14054);
#15547 = STYLED_ITEM('color',(#15548),#4241);
#15548 = PRESENTATION_STYLE_ASSIGNMENT((#15549));
#15549 = SURFACE_STYLE_USAGE(.BOTH.,#15550);
#15550 = SURFACE_SIDE_STYLE('',(#15551));
#15551 = SURFACE_STYLE_FILL_AREA(#15552);
#15552 = FILL_AREA_STYLE('',(#15553));
#15553 = FILL_AREA_STYLE_COLOUR('',#14054);
#15554 = STYLED_ITEM('color',(#15555),#4272);
#15555 = PRESENTATION_STYLE_ASSIGNMENT((#15556));
#15556 = SURFACE_STYLE_USAGE(.BOTH.,#15557);
#15557 = SURFACE_SIDE_STYLE('',(#15558));
#15558 = SURFACE_STYLE_FILL_AREA(#15559);
#15559 = FILL_AREA_STYLE('',(#15560));
#15560 = FILL_AREA_STYLE_COLOUR('',#14054);
#15561 = STYLED_ITEM('color',(#15562),#4296);
#15562 = PRESENTATION_STYLE_ASSIGNMENT((#15563));
#15563 = SURFACE_STYLE_USAGE(.BOTH.,#15564);
#15564 = SURFACE_SIDE_STYLE('',(#15565));
#15565 = SURFACE_STYLE_FILL_AREA(#15566);
#15566 = FILL_AREA_STYLE('',(#15567));
#15567 = FILL_AREA_STYLE_COLOUR('',#14054);
#15568 = STYLED_ITEM('color',(#15569),#4320);
#15569 = PRESENTATION_STYLE_ASSIGNMENT((#15570));
#15570 = SURFACE_STYLE_USAGE(.BOTH.,#15571);
#15571 = SURFACE_SIDE_STYLE('',(#15572));
#15572 = SURFACE_STYLE_FILL_AREA(#15573);
#15573 = FILL_AREA_STYLE('',(#15574));
#15574 = FILL_AREA_STYLE_COLOUR('',#14054);
#15575 = STYLED_ITEM('color',(#15576),#4337);
#15576 = PRESENTATION_STYLE_ASSIGNMENT((#15577));
#15577 = SURFACE_STYLE_USAGE(.BOTH.,#15578);
#15578 = SURFACE_SIDE_STYLE('',(#15579));
#15579 = SURFACE_STYLE_FILL_AREA(#15580);
#15580 = FILL_AREA_STYLE('',(#15581));
#15581 = FILL_AREA_STYLE_COLOUR('',#14054);
#15582 = STYLED_ITEM('color',(#15583),#4368);
#15583 = PRESENTATION_STYLE_ASSIGNMENT((#15584));
#15584 = SURFACE_STYLE_USAGE(.BOTH.,#15585);
#15585 = SURFACE_SIDE_STYLE('',(#15586));
#15586 = SURFACE_STYLE_FILL_AREA(#15587);
#15587 = FILL_AREA_STYLE('',(#15588));
#15588 = FILL_AREA_STYLE_COLOUR('',#14054);
#15589 = STYLED_ITEM('color',(#15590),#4392);
#15590 = PRESENTATION_STYLE_ASSIGNMENT((#15591));
#15591 = SURFACE_STYLE_USAGE(.BOTH.,#15592);
#15592 = SURFACE_SIDE_STYLE('',(#15593));
#15593 = SURFACE_STYLE_FILL_AREA(#15594);
#15594 = FILL_AREA_STYLE('',(#15595));
#15595 = FILL_AREA_STYLE_COLOUR('',#14054);
#15596 = STYLED_ITEM('color',(#15597),#4416);
#15597 = PRESENTATION_STYLE_ASSIGNMENT((#15598));
#15598 = SURFACE_STYLE_USAGE(.BOTH.,#15599);
#15599 = SURFACE_SIDE_STYLE('',(#15600));
#15600 = SURFACE_STYLE_FILL_AREA(#15601);
#15601 = FILL_AREA_STYLE('',(#15602));
#15602 = FILL_AREA_STYLE_COLOUR('',#14054);
#15603 = STYLED_ITEM('color',(#15604),#4433);
#15604 = PRESENTATION_STYLE_ASSIGNMENT((#15605));
#15605 = SURFACE_STYLE_USAGE(.BOTH.,#15606);
#15606 = SURFACE_SIDE_STYLE('',(#15607));
#15607 = SURFACE_STYLE_FILL_AREA(#15608);
#15608 = FILL_AREA_STYLE('',(#15609));
#15609 = FILL_AREA_STYLE_COLOUR('',#14054);
#15610 = STYLED_ITEM('color',(#15611),#4464);
#15611 = PRESENTATION_STYLE_ASSIGNMENT((#15612));
#15612 = SURFACE_STYLE_USAGE(.BOTH.,#15613);
#15613 = SURFACE_SIDE_STYLE('',(#15614));
#15614 = SURFACE_STYLE_FILL_AREA(#15615);
#15615 = FILL_AREA_STYLE('',(#15616));
#15616 = FILL_AREA_STYLE_COLOUR('',#14054);
#15617 = STYLED_ITEM('color',(#15618),#4488);
#15618 = PRESENTATION_STYLE_ASSIGNMENT((#15619));
#15619 = SURFACE_STYLE_USAGE(.BOTH.,#15620);
#15620 = SURFACE_SIDE_STYLE('',(#15621));
#15621 = SURFACE_STYLE_FILL_AREA(#15622);
#15622 = FILL_AREA_STYLE('',(#15623));
#15623 = FILL_AREA_STYLE_COLOUR('',#14054);
#15624 = STYLED_ITEM('color',(#15625),#4512);
#15625 = PRESENTATION_STYLE_ASSIGNMENT((#15626));
#15626 = SURFACE_STYLE_USAGE(.BOTH.,#15627);
#15627 = SURFACE_SIDE_STYLE('',(#15628));
#15628 = SURFACE_STYLE_FILL_AREA(#15629);
#15629 = FILL_AREA_STYLE('',(#15630));
#15630 = FILL_AREA_STYLE_COLOUR('',#14054);
#15631 = STYLED_ITEM('color',(#15632),#4529);
#15632 = PRESENTATION_STYLE_ASSIGNMENT((#15633));
#15633 = SURFACE_STYLE_USAGE(.BOTH.,#15634);
#15634 = SURFACE_SIDE_STYLE('',(#15635));
#15635 = SURFACE_STYLE_FILL_AREA(#15636);
#15636 = FILL_AREA_STYLE('',(#15637));
#15637 = FILL_AREA_STYLE_COLOUR('',#14054);
#15638 = STYLED_ITEM('color',(#15639),#4560);
#15639 = PRESENTATION_STYLE_ASSIGNMENT((#15640));
#15640 = SURFACE_STYLE_USAGE(.BOTH.,#15641);
#15641 = SURFACE_SIDE_STYLE('',(#15642));
#15642 = SURFACE_STYLE_FILL_AREA(#15643);
#15643 = FILL_AREA_STYLE('',(#15644));
#15644 = FILL_AREA_STYLE_COLOUR('',#14054);
#15645 = STYLED_ITEM('color',(#15646),#4584);
#15646 = PRESENTATION_STYLE_ASSIGNMENT((#15647));
#15647 = SURFACE_STYLE_USAGE(.BOTH.,#15648);
#15648 = SURFACE_SIDE_STYLE('',(#15649));
#15649 = SURFACE_STYLE_FILL_AREA(#15650);
#15650 = FILL_AREA_STYLE('',(#15651));
#15651 = FILL_AREA_STYLE_COLOUR('',#14054);
#15652 = STYLED_ITEM('color',(#15653),#4608);
#15653 = PRESENTATION_STYLE_ASSIGNMENT((#15654));
#15654 = SURFACE_STYLE_USAGE(.BOTH.,#15655);
#15655 = SURFACE_SIDE_STYLE('',(#15656));
#15656 = SURFACE_STYLE_FILL_AREA(#15657);
#15657 = FILL_AREA_STYLE('',(#15658));
#15658 = FILL_AREA_STYLE_COLOUR('',#14054);
#15659 = STYLED_ITEM('color',(#15660),#4625);
#15660 = PRESENTATION_STYLE_ASSIGNMENT((#15661));
#15661 = SURFACE_STYLE_USAGE(.BOTH.,#15662);
#15662 = SURFACE_SIDE_STYLE('',(#15663));
#15663 = SURFACE_STYLE_FILL_AREA(#15664);
#15664 = FILL_AREA_STYLE('',(#15665));
#15665 = FILL_AREA_STYLE_COLOUR('',#14054);
#15666 = STYLED_ITEM('color',(#15667),#4656);
#15667 = PRESENTATION_STYLE_ASSIGNMENT((#15668));
#15668 = SURFACE_STYLE_USAGE(.BOTH.,#15669);
#15669 = SURFACE_SIDE_STYLE('',(#15670));
#15670 = SURFACE_STYLE_FILL_AREA(#15671);
#15671 = FILL_AREA_STYLE('',(#15672));
#15672 = FILL_AREA_STYLE_COLOUR('',#14054);
#15673 = STYLED_ITEM('color',(#15674),#4680);
#15674 = PRESENTATION_STYLE_ASSIGNMENT((#15675));
#15675 = SURFACE_STYLE_USAGE(.BOTH.,#15676);
#15676 = SURFACE_SIDE_STYLE('',(#15677));
#15677 = SURFACE_STYLE_FILL_AREA(#15678);
#15678 = FILL_AREA_STYLE('',(#15679));
#15679 = FILL_AREA_STYLE_COLOUR('',#14054);
#15680 = STYLED_ITEM('color',(#15681),#4704);
#15681 = PRESENTATION_STYLE_ASSIGNMENT((#15682));
#15682 = SURFACE_STYLE_USAGE(.BOTH.,#15683);
#15683 = SURFACE_SIDE_STYLE('',(#15684));
#15684 = SURFACE_STYLE_FILL_AREA(#15685);
#15685 = FILL_AREA_STYLE('',(#15686));
#15686 = FILL_AREA_STYLE_COLOUR('',#14054);
#15687 = STYLED_ITEM('color',(#15688),#4721);
#15688 = PRESENTATION_STYLE_ASSIGNMENT((#15689));
#15689 = SURFACE_STYLE_USAGE(.BOTH.,#15690);
#15690 = SURFACE_SIDE_STYLE('',(#15691));
#15691 = SURFACE_STYLE_FILL_AREA(#15692);
#15692 = FILL_AREA_STYLE('',(#15693));
#15693 = FILL_AREA_STYLE_COLOUR('',#14054);
#15694 = STYLED_ITEM('color',(#15695),#4752);
#15695 = PRESENTATION_STYLE_ASSIGNMENT((#15696));
#15696 = SURFACE_STYLE_USAGE(.BOTH.,#15697);
#15697 = SURFACE_SIDE_STYLE('',(#15698));
#15698 = SURFACE_STYLE_FILL_AREA(#15699);
#15699 = FILL_AREA_STYLE('',(#15700));
#15700 = FILL_AREA_STYLE_COLOUR('',#14054);
#15701 = STYLED_ITEM('color',(#15702),#4776);
#15702 = PRESENTATION_STYLE_ASSIGNMENT((#15703));
#15703 = SURFACE_STYLE_USAGE(.BOTH.,#15704);
#15704 = SURFACE_SIDE_STYLE('',(#15705));
#15705 = SURFACE_STYLE_FILL_AREA(#15706);
#15706 = FILL_AREA_STYLE('',(#15707));
#15707 = FILL_AREA_STYLE_COLOUR('',#14054);
#15708 = STYLED_ITEM('color',(#15709),#4800);
#15709 = PRESENTATION_STYLE_ASSIGNMENT((#15710));
#15710 = SURFACE_STYLE_USAGE(.BOTH.,#15711);
#15711 = SURFACE_SIDE_STYLE('',(#15712));
#15712 = SURFACE_STYLE_FILL_AREA(#15713);
#15713 = FILL_AREA_STYLE('',(#15714));
#15714 = FILL_AREA_STYLE_COLOUR('',#14054);
#15715 = STYLED_ITEM('color',(#15716),#4817);
#15716 = PRESENTATION_STYLE_ASSIGNMENT((#15717));
#15717 = SURFACE_STYLE_USAGE(.BOTH.,#15718);
#15718 = SURFACE_SIDE_STYLE('',(#15719));
#15719 = SURFACE_STYLE_FILL_AREA(#15720);
#15720 = FILL_AREA_STYLE('',(#15721));
#15721 = FILL_AREA_STYLE_COLOUR('',#14054);
#15722 = STYLED_ITEM('color',(#15723),#4848);
#15723 = PRESENTATION_STYLE_ASSIGNMENT((#15724));
#15724 = SURFACE_STYLE_USAGE(.BOTH.,#15725);
#15725 = SURFACE_SIDE_STYLE('',(#15726));
#15726 = SURFACE_STYLE_FILL_AREA(#15727);
#15727 = FILL_AREA_STYLE('',(#15728));
#15728 = FILL_AREA_STYLE_COLOUR('',#14054);
#15729 = STYLED_ITEM('color',(#15730),#4872);
#15730 = PRESENTATION_STYLE_ASSIGNMENT((#15731));
#15731 = SURFACE_STYLE_USAGE(.BOTH.,#15732);
#15732 = SURFACE_SIDE_STYLE('',(#15733));
#15733 = SURFACE_STYLE_FILL_AREA(#15734);
#15734 = FILL_AREA_STYLE('',(#15735));
#15735 = FILL_AREA_STYLE_COLOUR('',#14054);
#15736 = STYLED_ITEM('color',(#15737),#4896);
#15737 = PRESENTATION_STYLE_ASSIGNMENT((#15738));
#15738 = SURFACE_STYLE_USAGE(.BOTH.,#15739);
#15739 = SURFACE_SIDE_STYLE('',(#15740));
#15740 = SURFACE_STYLE_FILL_AREA(#15741);
#15741 = FILL_AREA_STYLE('',(#15742));
#15742 = FILL_AREA_STYLE_COLOUR('',#14054);
#15743 = STYLED_ITEM('color',(#15744),#4913);
#15744 = PRESENTATION_STYLE_ASSIGNMENT((#15745));
#15745 = SURFACE_STYLE_USAGE(.BOTH.,#15746);
#15746 = SURFACE_SIDE_STYLE('',(#15747));
#15747 = SURFACE_STYLE_FILL_AREA(#15748);
#15748 = FILL_AREA_STYLE('',(#15749));
#15749 = FILL_AREA_STYLE_COLOUR('',#14054);
#15750 = STYLED_ITEM('color',(#15751),#4944);
#15751 = PRESENTATION_STYLE_ASSIGNMENT((#15752));
#15752 = SURFACE_STYLE_USAGE(.BOTH.,#15753);
#15753 = SURFACE_SIDE_STYLE('',(#15754));
#15754 = SURFACE_STYLE_FILL_AREA(#15755);
#15755 = FILL_AREA_STYLE('',(#15756));
#15756 = FILL_AREA_STYLE_COLOUR('',#14054);
#15757 = STYLED_ITEM('color',(#15758),#4968);
#15758 = PRESENTATION_STYLE_ASSIGNMENT((#15759));
#15759 = SURFACE_STYLE_USAGE(.BOTH.,#15760);
#15760 = SURFACE_SIDE_STYLE('',(#15761));
#15761 = SURFACE_STYLE_FILL_AREA(#15762);
#15762 = FILL_AREA_STYLE('',(#15763));
#15763 = FILL_AREA_STYLE_COLOUR('',#14054);
#15764 = STYLED_ITEM('color',(#15765),#4992);
#15765 = PRESENTATION_STYLE_ASSIGNMENT((#15766));
#15766 = SURFACE_STYLE_USAGE(.BOTH.,#15767);
#15767 = SURFACE_SIDE_STYLE('',(#15768));
#15768 = SURFACE_STYLE_FILL_AREA(#15769);
#15769 = FILL_AREA_STYLE('',(#15770));
#15770 = FILL_AREA_STYLE_COLOUR('',#14054);
#15771 = STYLED_ITEM('color',(#15772),#5009);
#15772 = PRESENTATION_STYLE_ASSIGNMENT((#15773));
#15773 = SURFACE_STYLE_USAGE(.BOTH.,#15774);
#15774 = SURFACE_SIDE_STYLE('',(#15775));
#15775 = SURFACE_STYLE_FILL_AREA(#15776);
#15776 = FILL_AREA_STYLE('',(#15777));
#15777 = FILL_AREA_STYLE_COLOUR('',#14054);
#15778 = STYLED_ITEM('color',(#15779),#5040);
#15779 = PRESENTATION_STYLE_ASSIGNMENT((#15780));
#15780 = SURFACE_STYLE_USAGE(.BOTH.,#15781);
#15781 = SURFACE_SIDE_STYLE('',(#15782));
#15782 = SURFACE_STYLE_FILL_AREA(#15783);
#15783 = FILL_AREA_STYLE('',(#15784));
#15784 = FILL_AREA_STYLE_COLOUR('',#14054);
#15785 = STYLED_ITEM('color',(#15786),#5064);
#15786 = PRESENTATION_STYLE_ASSIGNMENT((#15787));
#15787 = SURFACE_STYLE_USAGE(.BOTH.,#15788);
#15788 = SURFACE_SIDE_STYLE('',(#15789));
#15789 = SURFACE_STYLE_FILL_AREA(#15790);
#15790 = FILL_AREA_STYLE('',(#15791));
#15791 = FILL_AREA_STYLE_COLOUR('',#14054);
#15792 = STYLED_ITEM('color',(#15793),#5088);
#15793 = PRESENTATION_STYLE_ASSIGNMENT((#15794));
#15794 = SURFACE_STYLE_USAGE(.BOTH.,#15795);
#15795 = SURFACE_SIDE_STYLE('',(#15796));
#15796 = SURFACE_STYLE_FILL_AREA(#15797);
#15797 = FILL_AREA_STYLE('',(#15798));
#15798 = FILL_AREA_STYLE_COLOUR('',#14054);
#15799 = STYLED_ITEM('color',(#15800),#5105);
#15800 = PRESENTATION_STYLE_ASSIGNMENT((#15801));
#15801 = SURFACE_STYLE_USAGE(.BOTH.,#15802);
#15802 = SURFACE_SIDE_STYLE('',(#15803));
#15803 = SURFACE_STYLE_FILL_AREA(#15804);
#15804 = FILL_AREA_STYLE('',(#15805));
#15805 = FILL_AREA_STYLE_COLOUR('',#14054);
#15806 = STYLED_ITEM('color',(#15807),#5136);
#15807 = PRESENTATION_STYLE_ASSIGNMENT((#15808));
#15808 = SURFACE_STYLE_USAGE(.BOTH.,#15809);
#15809 = SURFACE_SIDE_STYLE('',(#15810));
#15810 = SURFACE_STYLE_FILL_AREA(#15811);
#15811 = FILL_AREA_STYLE('',(#15812));
#15812 = FILL_AREA_STYLE_COLOUR('',#14054);
#15813 = STYLED_ITEM('color',(#15814),#5160);
#15814 = PRESENTATION_STYLE_ASSIGNMENT((#15815));
#15815 = SURFACE_STYLE_USAGE(.BOTH.,#15816);
#15816 = SURFACE_SIDE_STYLE('',(#15817));
#15817 = SURFACE_STYLE_FILL_AREA(#15818);
#15818 = FILL_AREA_STYLE('',(#15819));
#15819 = FILL_AREA_STYLE_COLOUR('',#14054);
#15820 = STYLED_ITEM('color',(#15821),#5184);
#15821 = PRESENTATION_STYLE_ASSIGNMENT((#15822));
#15822 = SURFACE_STYLE_USAGE(.BOTH.,#15823);
#15823 = SURFACE_SIDE_STYLE('',(#15824));
#15824 = SURFACE_STYLE_FILL_AREA(#15825);
#15825 = FILL_AREA_STYLE('',(#15826));
#15826 = FILL_AREA_STYLE_COLOUR('',#14054);
#15827 = STYLED_ITEM('color',(#15828),#5201);
#15828 = PRESENTATION_STYLE_ASSIGNMENT((#15829));
#15829 = SURFACE_STYLE_USAGE(.BOTH.,#15830);
#15830 = SURFACE_SIDE_STYLE('',(#15831));
#15831 = SURFACE_STYLE_FILL_AREA(#15832);
#15832 = FILL_AREA_STYLE('',(#15833));
#15833 = FILL_AREA_STYLE_COLOUR('',#14054);
#15834 = STYLED_ITEM('color',(#15835),#5232);
#15835 = PRESENTATION_STYLE_ASSIGNMENT((#15836));
#15836 = SURFACE_STYLE_USAGE(.BOTH.,#15837);
#15837 = SURFACE_SIDE_STYLE('',(#15838));
#15838 = SURFACE_STYLE_FILL_AREA(#15839);
#15839 = FILL_AREA_STYLE('',(#15840));
#15840 = FILL_AREA_STYLE_COLOUR('',#14054);
#15841 = STYLED_ITEM('color',(#15842),#5256);
#15842 = PRESENTATION_STYLE_ASSIGNMENT((#15843));
#15843 = SURFACE_STYLE_USAGE(.BOTH.,#15844);
#15844 = SURFACE_SIDE_STYLE('',(#15845));
#15845 = SURFACE_STYLE_FILL_AREA(#15846);
#15846 = FILL_AREA_STYLE('',(#15847));
#15847 = FILL_AREA_STYLE_COLOUR('',#14054);
#15848 = STYLED_ITEM('color',(#15849),#5280);
#15849 = PRESENTATION_STYLE_ASSIGNMENT((#15850));
#15850 = SURFACE_STYLE_USAGE(.BOTH.,#15851);
#15851 = SURFACE_SIDE_STYLE('',(#15852));
#15852 = SURFACE_STYLE_FILL_AREA(#15853);
#15853 = FILL_AREA_STYLE('',(#15854));
#15854 = FILL_AREA_STYLE_COLOUR('',#14054);
#15855 = STYLED_ITEM('color',(#15856),#5297);
#15856 = PRESENTATION_STYLE_ASSIGNMENT((#15857));
#15857 = SURFACE_STYLE_USAGE(.BOTH.,#15858);
#15858 = SURFACE_SIDE_STYLE('',(#15859));
#15859 = SURFACE_STYLE_FILL_AREA(#15860);
#15860 = FILL_AREA_STYLE('',(#15861));
#15861 = FILL_AREA_STYLE_COLOUR('',#14054);
#15862 = STYLED_ITEM('color',(#15863),#5328);
#15863 = PRESENTATION_STYLE_ASSIGNMENT((#15864));
#15864 = SURFACE_STYLE_USAGE(.BOTH.,#15865);
#15865 = SURFACE_SIDE_STYLE('',(#15866));
#15866 = SURFACE_STYLE_FILL_AREA(#15867);
#15867 = FILL_AREA_STYLE('',(#15868));
#15868 = FILL_AREA_STYLE_COLOUR('',#14054);
#15869 = STYLED_ITEM('color',(#15870),#5352);
#15870 = PRESENTATION_STYLE_ASSIGNMENT((#15871));
#15871 = SURFACE_STYLE_USAGE(.BOTH.,#15872);
#15872 = SURFACE_SIDE_STYLE('',(#15873));
#15873 = SURFACE_STYLE_FILL_AREA(#15874);
#15874 = FILL_AREA_STYLE('',(#15875));
#15875 = FILL_AREA_STYLE_COLOUR('',#14054);
#15876 = STYLED_ITEM('color',(#15877),#5376);
#15877 = PRESENTATION_STYLE_ASSIGNMENT((#15878));
#15878 = SURFACE_STYLE_USAGE(.BOTH.,#15879);
#15879 = SURFACE_SIDE_STYLE('',(#15880));
#15880 = SURFACE_STYLE_FILL_AREA(#15881);
#15881 = FILL_AREA_STYLE('',(#15882));
#15882 = FILL_AREA_STYLE_COLOUR('',#14054);
#15883 = STYLED_ITEM('color',(#15884),#5393);
#15884 = PRESENTATION_STYLE_ASSIGNMENT((#15885));
#15885 = SURFACE_STYLE_USAGE(.BOTH.,#15886);
#15886 = SURFACE_SIDE_STYLE('',(#15887));
#15887 = SURFACE_STYLE_FILL_AREA(#15888);
#15888 = FILL_AREA_STYLE('',(#15889));
#15889 = FILL_AREA_STYLE_COLOUR('',#14054);
#15890 = STYLED_ITEM('color',(#15891),#5424);
#15891 = PRESENTATION_STYLE_ASSIGNMENT((#15892));
#15892 = SURFACE_STYLE_USAGE(.BOTH.,#15893);
#15893 = SURFACE_SIDE_STYLE('',(#15894));
#15894 = SURFACE_STYLE_FILL_AREA(#15895);
#15895 = FILL_AREA_STYLE('',(#15896));
#15896 = FILL_AREA_STYLE_COLOUR('',#14054);
#15897 = STYLED_ITEM('color',(#15898),#5448);
#15898 = PRESENTATION_STYLE_ASSIGNMENT((#15899));
#15899 = SURFACE_STYLE_USAGE(.BOTH.,#15900);
#15900 = SURFACE_SIDE_STYLE('',(#15901));
#15901 = SURFACE_STYLE_FILL_AREA(#15902);
#15902 = FILL_AREA_STYLE('',(#15903));
#15903 = FILL_AREA_STYLE_COLOUR('',#14054);
#15904 = STYLED_ITEM('color',(#15905),#5472);
#15905 = PRESENTATION_STYLE_ASSIGNMENT((#15906));
#15906 = SURFACE_STYLE_USAGE(.BOTH.,#15907);
#15907 = SURFACE_SIDE_STYLE('',(#15908));
#15908 = SURFACE_STYLE_FILL_AREA(#15909);
#15909 = FILL_AREA_STYLE('',(#15910));
#15910 = FILL_AREA_STYLE_COLOUR('',#14054);
#15911 = STYLED_ITEM('color',(#15912),#5489);
#15912 = PRESENTATION_STYLE_ASSIGNMENT((#15913));
#15913 = SURFACE_STYLE_USAGE(.BOTH.,#15914);
#15914 = SURFACE_SIDE_STYLE('',(#15915));
#15915 = SURFACE_STYLE_FILL_AREA(#15916);
#15916 = FILL_AREA_STYLE('',(#15917));
#15917 = FILL_AREA_STYLE_COLOUR('',#14054);
#15918 = STYLED_ITEM('color',(#15919),#5520);
#15919 = PRESENTATION_STYLE_ASSIGNMENT((#15920));
#15920 = SURFACE_STYLE_USAGE(.BOTH.,#15921);
#15921 = SURFACE_SIDE_STYLE('',(#15922));
#15922 = SURFACE_STYLE_FILL_AREA(#15923);
#15923 = FILL_AREA_STYLE('',(#15924));
#15924 = FILL_AREA_STYLE_COLOUR('',#14054);
#15925 = STYLED_ITEM('color',(#15926),#5544);
#15926 = PRESENTATION_STYLE_ASSIGNMENT((#15927));
#15927 = SURFACE_STYLE_USAGE(.BOTH.,#15928);
#15928 = SURFACE_SIDE_STYLE('',(#15929));
#15929 = SURFACE_STYLE_FILL_AREA(#15930);
#15930 = FILL_AREA_STYLE('',(#15931));
#15931 = FILL_AREA_STYLE_COLOUR('',#14054);
#15932 = STYLED_ITEM('color',(#15933),#5568);
#15933 = PRESENTATION_STYLE_ASSIGNMENT((#15934));
#15934 = SURFACE_STYLE_USAGE(.BOTH.,#15935);
#15935 = SURFACE_SIDE_STYLE('',(#15936));
#15936 = SURFACE_STYLE_FILL_AREA(#15937);
#15937 = FILL_AREA_STYLE('',(#15938));
#15938 = FILL_AREA_STYLE_COLOUR('',#14054);
#15939 = STYLED_ITEM('color',(#15940),#5585);
#15940 = PRESENTATION_STYLE_ASSIGNMENT((#15941));
#15941 = SURFACE_STYLE_USAGE(.BOTH.,#15942);
#15942 = SURFACE_SIDE_STYLE('',(#15943));
#15943 = SURFACE_STYLE_FILL_AREA(#15944);
#15944 = FILL_AREA_STYLE('',(#15945));
#15945 = FILL_AREA_STYLE_COLOUR('',#14054);
#15946 = STYLED_ITEM('color',(#15947),#5616);
#15947 = PRESENTATION_STYLE_ASSIGNMENT((#15948));
#15948 = SURFACE_STYLE_USAGE(.BOTH.,#15949);
#15949 = SURFACE_SIDE_STYLE('',(#15950));
#15950 = SURFACE_STYLE_FILL_AREA(#15951);
#15951 = FILL_AREA_STYLE('',(#15952));
#15952 = FILL_AREA_STYLE_COLOUR('',#14054);
#15953 = STYLED_ITEM('color',(#15954),#5640);
#15954 = PRESENTATION_STYLE_ASSIGNMENT((#15955));
#15955 = SURFACE_STYLE_USAGE(.BOTH.,#15956);
#15956 = SURFACE_SIDE_STYLE('',(#15957));
#15957 = SURFACE_STYLE_FILL_AREA(#15958);
#15958 = FILL_AREA_STYLE('',(#15959));
#15959 = FILL_AREA_STYLE_COLOUR('',#14054);
#15960 = STYLED_ITEM('color',(#15961),#5664);
#15961 = PRESENTATION_STYLE_ASSIGNMENT((#15962));
#15962 = SURFACE_STYLE_USAGE(.BOTH.,#15963);
#15963 = SURFACE_SIDE_STYLE('',(#15964));
#15964 = SURFACE_STYLE_FILL_AREA(#15965);
#15965 = FILL_AREA_STYLE('',(#15966));
#15966 = FILL_AREA_STYLE_COLOUR('',#14054);
#15967 = STYLED_ITEM('color',(#15968),#5681);
#15968 = PRESENTATION_STYLE_ASSIGNMENT((#15969));
#15969 = SURFACE_STYLE_USAGE(.BOTH.,#15970);
#15970 = SURFACE_SIDE_STYLE('',(#15971));
#15971 = SURFACE_STYLE_FILL_AREA(#15972);
#15972 = FILL_AREA_STYLE('',(#15973));
#15973 = FILL_AREA_STYLE_COLOUR('',#14054);
#15974 = STYLED_ITEM('color',(#15975),#5712);
#15975 = PRESENTATION_STYLE_ASSIGNMENT((#15976));
#15976 = SURFACE_STYLE_USAGE(.BOTH.,#15977);
#15977 = SURFACE_SIDE_STYLE('',(#15978));
#15978 = SURFACE_STYLE_FILL_AREA(#15979);
#15979 = FILL_AREA_STYLE('',(#15980));
#15980 = FILL_AREA_STYLE_COLOUR('',#14054);
#15981 = STYLED_ITEM('color',(#15982),#5736);
#15982 = PRESENTATION_STYLE_ASSIGNMENT((#15983));
#15983 = SURFACE_STYLE_USAGE(.BOTH.,#15984);
#15984 = SURFACE_SIDE_STYLE('',(#15985));
#15985 = SURFACE_STYLE_FILL_AREA(#15986);
#15986 = FILL_AREA_STYLE('',(#15987));
#15987 = FILL_AREA_STYLE_COLOUR('',#14054);
#15988 = STYLED_ITEM('color',(#15989),#5760);
#15989 = PRESENTATION_STYLE_ASSIGNMENT((#15990));
#15990 = SURFACE_STYLE_USAGE(.BOTH.,#15991);
#15991 = SURFACE_SIDE_STYLE('',(#15992));
#15992 = SURFACE_STYLE_FILL_AREA(#15993);
#15993 = FILL_AREA_STYLE('',(#15994));
#15994 = FILL_AREA_STYLE_COLOUR('',#14054);
#15995 = STYLED_ITEM('color',(#15996),#5777);
#15996 = PRESENTATION_STYLE_ASSIGNMENT((#15997));
#15997 = SURFACE_STYLE_USAGE(.BOTH.,#15998);
#15998 = SURFACE_SIDE_STYLE('',(#15999));
#15999 = SURFACE_STYLE_FILL_AREA(#16000);
#16000 = FILL_AREA_STYLE('',(#16001));
#16001 = FILL_AREA_STYLE_COLOUR('',#14054);
#16002 = STYLED_ITEM('color',(#16003),#5808);
#16003 = PRESENTATION_STYLE_ASSIGNMENT((#16004));
#16004 = SURFACE_STYLE_USAGE(.BOTH.,#16005);
#16005 = SURFACE_SIDE_STYLE('',(#16006));
#16006 = SURFACE_STYLE_FILL_AREA(#16007);
#16007 = FILL_AREA_STYLE('',(#16008));
#16008 = FILL_AREA_STYLE_COLOUR('',#14054);
#16009 = STYLED_ITEM('color',(#16010),#5832);
#16010 = PRESENTATION_STYLE_ASSIGNMENT((#16011));
#16011 = SURFACE_STYLE_USAGE(.BOTH.,#16012);
#16012 = SURFACE_SIDE_STYLE('',(#16013));
#16013 = SURFACE_STYLE_FILL_AREA(#16014);
#16014 = FILL_AREA_STYLE('',(#16015));
#16015 = FILL_AREA_STYLE_COLOUR('',#14054);
#16016 = STYLED_ITEM('color',(#16017),#5856);
#16017 = PRESENTATION_STYLE_ASSIGNMENT((#16018));
#16018 = SURFACE_STYLE_USAGE(.BOTH.,#16019);
#16019 = SURFACE_SIDE_STYLE('',(#16020));
#16020 = SURFACE_STYLE_FILL_AREA(#16021);
#16021 = FILL_AREA_STYLE('',(#16022));
#16022 = FILL_AREA_STYLE_COLOUR('',#14054);
#16023 = STYLED_ITEM('color',(#16024),#5873);
#16024 = PRESENTATION_STYLE_ASSIGNMENT((#16025));
#16025 = SURFACE_STYLE_USAGE(.BOTH.,#16026);
#16026 = SURFACE_SIDE_STYLE('',(#16027));
#16027 = SURFACE_STYLE_FILL_AREA(#16028);
#16028 = FILL_AREA_STYLE('',(#16029));
#16029 = FILL_AREA_STYLE_COLOUR('',#14054);
#16030 = STYLED_ITEM('color',(#16031),#5904);
#16031 = PRESENTATION_STYLE_ASSIGNMENT((#16032));
#16032 = SURFACE_STYLE_USAGE(.BOTH.,#16033);
#16033 = SURFACE_SIDE_STYLE('',(#16034));
#16034 = SURFACE_STYLE_FILL_AREA(#16035);
#16035 = FILL_AREA_STYLE('',(#16036));
#16036 = FILL_AREA_STYLE_COLOUR('',#14054);
#16037 = STYLED_ITEM('color',(#16038),#5928);
#16038 = PRESENTATION_STYLE_ASSIGNMENT((#16039));
#16039 = SURFACE_STYLE_USAGE(.BOTH.,#16040);
#16040 = SURFACE_SIDE_STYLE('',(#16041));
#16041 = SURFACE_STYLE_FILL_AREA(#16042);
#16042 = FILL_AREA_STYLE('',(#16043));
#16043 = FILL_AREA_STYLE_COLOUR('',#14054);
#16044 = STYLED_ITEM('color',(#16045),#5952);
#16045 = PRESENTATION_STYLE_ASSIGNMENT((#16046));
#16046 = SURFACE_STYLE_USAGE(.BOTH.,#16047);
#16047 = SURFACE_SIDE_STYLE('',(#16048));
#16048 = SURFACE_STYLE_FILL_AREA(#16049);
#16049 = FILL_AREA_STYLE('',(#16050));
#16050 = FILL_AREA_STYLE_COLOUR('',#14054);
#16051 = STYLED_ITEM('color',(#16052),#5969);
#16052 = PRESENTATION_STYLE_ASSIGNMENT((#16053));
#16053 = SURFACE_STYLE_USAGE(.BOTH.,#16054);
#16054 = SURFACE_SIDE_STYLE('',(#16055));
#16055 = SURFACE_STYLE_FILL_AREA(#16056);
#16056 = FILL_AREA_STYLE('',(#16057));
#16057 = FILL_AREA_STYLE_COLOUR('',#14054);
#16058 = STYLED_ITEM('color',(#16059),#6000);
#16059 = PRESENTATION_STYLE_ASSIGNMENT((#16060));
#16060 = SURFACE_STYLE_USAGE(.BOTH.,#16061);
#16061 = SURFACE_SIDE_STYLE('',(#16062));
#16062 = SURFACE_STYLE_FILL_AREA(#16063);
#16063 = FILL_AREA_STYLE('',(#16064));
#16064 = FILL_AREA_STYLE_COLOUR('',#14054);
#16065 = STYLED_ITEM('color',(#16066),#6024);
#16066 = PRESENTATION_STYLE_ASSIGNMENT((#16067));
#16067 = SURFACE_STYLE_USAGE(.BOTH.,#16068);
#16068 = SURFACE_SIDE_STYLE('',(#16069));
#16069 = SURFACE_STYLE_FILL_AREA(#16070);
#16070 = FILL_AREA_STYLE('',(#16071));
#16071 = FILL_AREA_STYLE_COLOUR('',#14054);
#16072 = STYLED_ITEM('color',(#16073),#6048);
#16073 = PRESENTATION_STYLE_ASSIGNMENT((#16074));
#16074 = SURFACE_STYLE_USAGE(.BOTH.,#16075);
#16075 = SURFACE_SIDE_STYLE('',(#16076));
#16076 = SURFACE_STYLE_FILL_AREA(#16077);
#16077 = FILL_AREA_STYLE('',(#16078));
#16078 = FILL_AREA_STYLE_COLOUR('',#14054);
#16079 = STYLED_ITEM('color',(#16080),#6065);
#16080 = PRESENTATION_STYLE_ASSIGNMENT((#16081));
#16081 = SURFACE_STYLE_USAGE(.BOTH.,#16082);
#16082 = SURFACE_SIDE_STYLE('',(#16083));
#16083 = SURFACE_STYLE_FILL_AREA(#16084);
#16084 = FILL_AREA_STYLE('',(#16085));
#16085 = FILL_AREA_STYLE_COLOUR('',#14054);
#16086 = STYLED_ITEM('color',(#16087),#6096);
#16087 = PRESENTATION_STYLE_ASSIGNMENT((#16088));
#16088 = SURFACE_STYLE_USAGE(.BOTH.,#16089);
#16089 = SURFACE_SIDE_STYLE('',(#16090));
#16090 = SURFACE_STYLE_FILL_AREA(#16091);
#16091 = FILL_AREA_STYLE('',(#16092));
#16092 = FILL_AREA_STYLE_COLOUR('',#14054);
#16093 = STYLED_ITEM('color',(#16094),#6120);
#16094 = PRESENTATION_STYLE_ASSIGNMENT((#16095));
#16095 = SURFACE_STYLE_USAGE(.BOTH.,#16096);
#16096 = SURFACE_SIDE_STYLE('',(#16097));
#16097 = SURFACE_STYLE_FILL_AREA(#16098);
#16098 = FILL_AREA_STYLE('',(#16099));
#16099 = FILL_AREA_STYLE_COLOUR('',#14054);
#16100 = STYLED_ITEM('color',(#16101),#6144);
#16101 = PRESENTATION_STYLE_ASSIGNMENT((#16102));
#16102 = SURFACE_STYLE_USAGE(.BOTH.,#16103);
#16103 = SURFACE_SIDE_STYLE('',(#16104));
#16104 = SURFACE_STYLE_FILL_AREA(#16105);
#16105 = FILL_AREA_STYLE('',(#16106));
#16106 = FILL_AREA_STYLE_COLOUR('',#14054);
#16107 = STYLED_ITEM('color',(#16108),#6161);
#16108 = PRESENTATION_STYLE_ASSIGNMENT((#16109));
#16109 = SURFACE_STYLE_USAGE(.BOTH.,#16110);
#16110 = SURFACE_SIDE_STYLE('',(#16111));
#16111 = SURFACE_STYLE_FILL_AREA(#16112);
#16112 = FILL_AREA_STYLE('',(#16113));
#16113 = FILL_AREA_STYLE_COLOUR('',#14054);
#16114 = STYLED_ITEM('color',(#16115),#6192);
#16115 = PRESENTATION_STYLE_ASSIGNMENT((#16116));
#16116 = SURFACE_STYLE_USAGE(.BOTH.,#16117);
#16117 = SURFACE_SIDE_STYLE('',(#16118));
#16118 = SURFACE_STYLE_FILL_AREA(#16119);
#16119 = FILL_AREA_STYLE('',(#16120));
#16120 = FILL_AREA_STYLE_COLOUR('',#14054);
#16121 = STYLED_ITEM('color',(#16122),#6216);
#16122 = PRESENTATION_STYLE_ASSIGNMENT((#16123));
#16123 = SURFACE_STYLE_USAGE(.BOTH.,#16124);
#16124 = SURFACE_SIDE_STYLE('',(#16125));
#16125 = SURFACE_STYLE_FILL_AREA(#16126);
#16126 = FILL_AREA_STYLE('',(#16127));
#16127 = FILL_AREA_STYLE_COLOUR('',#14054);
#16128 = STYLED_ITEM('color',(#16129),#6240);
#16129 = PRESENTATION_STYLE_ASSIGNMENT((#16130));
#16130 = SURFACE_STYLE_USAGE(.BOTH.,#16131);
#16131 = SURFACE_SIDE_STYLE('',(#16132));
#16132 = SURFACE_STYLE_FILL_AREA(#16133);
#16133 = FILL_AREA_STYLE('',(#16134));
#16134 = FILL_AREA_STYLE_COLOUR('',#14054);
#16135 = STYLED_ITEM('color',(#16136),#6257);
#16136 = PRESENTATION_STYLE_ASSIGNMENT((#16137));
#16137 = SURFACE_STYLE_USAGE(.BOTH.,#16138);
#16138 = SURFACE_SIDE_STYLE('',(#16139));
#16139 = SURFACE_STYLE_FILL_AREA(#16140);
#16140 = FILL_AREA_STYLE('',(#16141));
#16141 = FILL_AREA_STYLE_COLOUR('',#14054);
#16142 = STYLED_ITEM('color',(#16143),#6288);
#16143 = PRESENTATION_STYLE_ASSIGNMENT((#16144));
#16144 = SURFACE_STYLE_USAGE(.BOTH.,#16145);
#16145 = SURFACE_SIDE_STYLE('',(#16146));
#16146 = SURFACE_STYLE_FILL_AREA(#16147);
#16147 = FILL_AREA_STYLE('',(#16148));
#16148 = FILL_AREA_STYLE_COLOUR('',#14054);
#16149 = STYLED_ITEM('color',(#16150),#6312);
#16150 = PRESENTATION_STYLE_ASSIGNMENT((#16151));
#16151 = SURFACE_STYLE_USAGE(.BOTH.,#16152);
#16152 = SURFACE_SIDE_STYLE('',(#16153));
#16153 = SURFACE_STYLE_FILL_AREA(#16154);
#16154 = FILL_AREA_STYLE('',(#16155));
#16155 = FILL_AREA_STYLE_COLOUR('',#14054);
#16156 = STYLED_ITEM('color',(#16157),#6336);
#16157 = PRESENTATION_STYLE_ASSIGNMENT((#16158));
#16158 = SURFACE_STYLE_USAGE(.BOTH.,#16159);
#16159 = SURFACE_SIDE_STYLE('',(#16160));
#16160 = SURFACE_STYLE_FILL_AREA(#16161);
#16161 = FILL_AREA_STYLE('',(#16162));
#16162 = FILL_AREA_STYLE_COLOUR('',#14054);
#16163 = STYLED_ITEM('color',(#16164),#6353);
#16164 = PRESENTATION_STYLE_ASSIGNMENT((#16165));
#16165 = SURFACE_STYLE_USAGE(.BOTH.,#16166);
#16166 = SURFACE_SIDE_STYLE('',(#16167));
#16167 = SURFACE_STYLE_FILL_AREA(#16168);
#16168 = FILL_AREA_STYLE('',(#16169));
#16169 = FILL_AREA_STYLE_COLOUR('',#14054);
#16170 = STYLED_ITEM('color',(#16171),#6384);
#16171 = PRESENTATION_STYLE_ASSIGNMENT((#16172));
#16172 = SURFACE_STYLE_USAGE(.BOTH.,#16173);
#16173 = SURFACE_SIDE_STYLE('',(#16174));
#16174 = SURFACE_STYLE_FILL_AREA(#16175);
#16175 = FILL_AREA_STYLE('',(#16176));
#16176 = FILL_AREA_STYLE_COLOUR('',#14054);
#16177 = STYLED_ITEM('color',(#16178),#6408);
#16178 = PRESENTATION_STYLE_ASSIGNMENT((#16179));
#16179 = SURFACE_STYLE_USAGE(.BOTH.,#16180);
#16180 = SURFACE_SIDE_STYLE('',(#16181));
#16181 = SURFACE_STYLE_FILL_AREA(#16182);
#16182 = FILL_AREA_STYLE('',(#16183));
#16183 = FILL_AREA_STYLE_COLOUR('',#14054);
#16184 = STYLED_ITEM('color',(#16185),#6432);
#16185 = PRESENTATION_STYLE_ASSIGNMENT((#16186));
#16186 = SURFACE_STYLE_USAGE(.BOTH.,#16187);
#16187 = SURFACE_SIDE_STYLE('',(#16188));
#16188 = SURFACE_STYLE_FILL_AREA(#16189);
#16189 = FILL_AREA_STYLE('',(#16190));
#16190 = FILL_AREA_STYLE_COLOUR('',#14054);
#16191 = STYLED_ITEM('color',(#16192),#6449);
#16192 = PRESENTATION_STYLE_ASSIGNMENT((#16193));
#16193 = SURFACE_STYLE_USAGE(.BOTH.,#16194);
#16194 = SURFACE_SIDE_STYLE('',(#16195));
#16195 = SURFACE_STYLE_FILL_AREA(#16196);
#16196 = FILL_AREA_STYLE('',(#16197));
#16197 = FILL_AREA_STYLE_COLOUR('',#14054);
#16198 = STYLED_ITEM('color',(#16199),#6480);
#16199 = PRESENTATION_STYLE_ASSIGNMENT((#16200));
#16200 = SURFACE_STYLE_USAGE(.BOTH.,#16201);
#16201 = SURFACE_SIDE_STYLE('',(#16202));
#16202 = SURFACE_STYLE_FILL_AREA(#16203);
#16203 = FILL_AREA_STYLE('',(#16204));
#16204 = FILL_AREA_STYLE_COLOUR('',#14054);
#16205 = STYLED_ITEM('color',(#16206),#6504);
#16206 = PRESENTATION_STYLE_ASSIGNMENT((#16207));
#16207 = SURFACE_STYLE_USAGE(.BOTH.,#16208);
#16208 = SURFACE_SIDE_STYLE('',(#16209));
#16209 = SURFACE_STYLE_FILL_AREA(#16210);
#16210 = FILL_AREA_STYLE('',(#16211));
#16211 = FILL_AREA_STYLE_COLOUR('',#14054);
#16212 = STYLED_ITEM('color',(#16213),#6528);
#16213 = PRESENTATION_STYLE_ASSIGNMENT((#16214));
#16214 = SURFACE_STYLE_USAGE(.BOTH.,#16215);
#16215 = SURFACE_SIDE_STYLE('',(#16216));
#16216 = SURFACE_STYLE_FILL_AREA(#16217);
#16217 = FILL_AREA_STYLE('',(#16218));
#16218 = FILL_AREA_STYLE_COLOUR('',#14054);
#16219 = STYLED_ITEM('color',(#16220),#6545);
#16220 = PRESENTATION_STYLE_ASSIGNMENT((#16221));
#16221 = SURFACE_STYLE_USAGE(.BOTH.,#16222);
#16222 = SURFACE_SIDE_STYLE('',(#16223));
#16223 = SURFACE_STYLE_FILL_AREA(#16224);
#16224 = FILL_AREA_STYLE('',(#16225));
#16225 = FILL_AREA_STYLE_COLOUR('',#14054);
#16226 = STYLED_ITEM('color',(#16227),#6576);
#16227 = PRESENTATION_STYLE_ASSIGNMENT((#16228));
#16228 = SURFACE_STYLE_USAGE(.BOTH.,#16229);
#16229 = SURFACE_SIDE_STYLE('',(#16230));
#16230 = SURFACE_STYLE_FILL_AREA(#16231);
#16231 = FILL_AREA_STYLE('',(#16232));
#16232 = FILL_AREA_STYLE_COLOUR('',#14054);
#16233 = STYLED_ITEM('color',(#16234),#6600);
#16234 = PRESENTATION_STYLE_ASSIGNMENT((#16235));
#16235 = SURFACE_STYLE_USAGE(.BOTH.,#16236);
#16236 = SURFACE_SIDE_STYLE('',(#16237));
#16237 = SURFACE_STYLE_FILL_AREA(#16238);
#16238 = FILL_AREA_STYLE('',(#16239));
#16239 = FILL_AREA_STYLE_COLOUR('',#14054);
#16240 = STYLED_ITEM('color',(#16241),#6624);
#16241 = PRESENTATION_STYLE_ASSIGNMENT((#16242));
#16242 = SURFACE_STYLE_USAGE(.BOTH.,#16243);
#16243 = SURFACE_SIDE_STYLE('',(#16244));
#16244 = SURFACE_STYLE_FILL_AREA(#16245);
#16245 = FILL_AREA_STYLE('',(#16246));
#16246 = FILL_AREA_STYLE_COLOUR('',#14054);
#16247 = STYLED_ITEM('color',(#16248),#6641);
#16248 = PRESENTATION_STYLE_ASSIGNMENT((#16249));
#16249 = SURFACE_STYLE_USAGE(.BOTH.,#16250);
#16250 = SURFACE_SIDE_STYLE('',(#16251));
#16251 = SURFACE_STYLE_FILL_AREA(#16252);
#16252 = FILL_AREA_STYLE('',(#16253));
#16253 = FILL_AREA_STYLE_COLOUR('',#14054);
#16254 = STYLED_ITEM('color',(#16255),#6672);
#16255 = PRESENTATION_STYLE_ASSIGNMENT((#16256));
#16256 = SURFACE_STYLE_USAGE(.BOTH.,#16257);
#16257 = SURFACE_SIDE_STYLE('',(#16258));
#16258 = SURFACE_STYLE_FILL_AREA(#16259);
#16259 = FILL_AREA_STYLE('',(#16260));
#16260 = FILL_AREA_STYLE_COLOUR('',#14054);
#16261 = STYLED_ITEM('color',(#16262),#6696);
#16262 = PRESENTATION_STYLE_ASSIGNMENT((#16263));
#16263 = SURFACE_STYLE_USAGE(.BOTH.,#16264);
#16264 = SURFACE_SIDE_STYLE('',(#16265));
#16265 = SURFACE_STYLE_FILL_AREA(#16266);
#16266 = FILL_AREA_STYLE('',(#16267));
#16267 = FILL_AREA_STYLE_COLOUR('',#14054);
#16268 = STYLED_ITEM('color',(#16269),#6720);
#16269 = PRESENTATION_STYLE_ASSIGNMENT((#16270));
#16270 = SURFACE_STYLE_USAGE(.BOTH.,#16271);
#16271 = SURFACE_SIDE_STYLE('',(#16272));
#16272 = SURFACE_STYLE_FILL_AREA(#16273);
#16273 = FILL_AREA_STYLE('',(#16274));
#16274 = FILL_AREA_STYLE_COLOUR('',#14054);
#16275 = STYLED_ITEM('color',(#16276),#6737);
#16276 = PRESENTATION_STYLE_ASSIGNMENT((#16277));
#16277 = SURFACE_STYLE_USAGE(.BOTH.,#16278);
#16278 = SURFACE_SIDE_STYLE('',(#16279));
#16279 = SURFACE_STYLE_FILL_AREA(#16280);
#16280 = FILL_AREA_STYLE('',(#16281));
#16281 = FILL_AREA_STYLE_COLOUR('',#14054);
#16282 = STYLED_ITEM('color',(#16283),#6768);
#16283 = PRESENTATION_STYLE_ASSIGNMENT((#16284));
#16284 = SURFACE_STYLE_USAGE(.BOTH.,#16285);
#16285 = SURFACE_SIDE_STYLE('',(#16286));
#16286 = SURFACE_STYLE_FILL_AREA(#16287);
#16287 = FILL_AREA_STYLE('',(#16288));
#16288 = FILL_AREA_STYLE_COLOUR('',#14054);
#16289 = STYLED_ITEM('color',(#16290),#6792);
#16290 = PRESENTATION_STYLE_ASSIGNMENT((#16291));
#16291 = SURFACE_STYLE_USAGE(.BOTH.,#16292);
#16292 = SURFACE_SIDE_STYLE('',(#16293));
#16293 = SURFACE_STYLE_FILL_AREA(#16294);
#16294 = FILL_AREA_STYLE('',(#16295));
#16295 = FILL_AREA_STYLE_COLOUR('',#14054);
#16296 = STYLED_ITEM('color',(#16297),#6816);
#16297 = PRESENTATION_STYLE_ASSIGNMENT((#16298));
#16298 = SURFACE_STYLE_USAGE(.BOTH.,#16299);
#16299 = SURFACE_SIDE_STYLE('',(#16300));
#16300 = SURFACE_STYLE_FILL_AREA(#16301);
#16301 = FILL_AREA_STYLE('',(#16302));
#16302 = FILL_AREA_STYLE_COLOUR('',#14054);
#16303 = STYLED_ITEM('color',(#16304),#6833);
#16304 = PRESENTATION_STYLE_ASSIGNMENT((#16305));
#16305 = SURFACE_STYLE_USAGE(.BOTH.,#16306);
#16306 = SURFACE_SIDE_STYLE('',(#16307));
#16307 = SURFACE_STYLE_FILL_AREA(#16308);
#16308 = FILL_AREA_STYLE('',(#16309));
#16309 = FILL_AREA_STYLE_COLOUR('',#14054);
#16310 = STYLED_ITEM('color',(#16311),#6845);
#16311 = PRESENTATION_STYLE_ASSIGNMENT((#16312));
#16312 = SURFACE_STYLE_USAGE(.BOTH.,#16313);
#16313 = SURFACE_SIDE_STYLE('',(#16314));
#16314 = SURFACE_STYLE_FILL_AREA(#16315);
#16315 = FILL_AREA_STYLE('',(#16316));
#16316 = FILL_AREA_STYLE_COLOUR('',#14054);
#16317 = STYLED_ITEM('color',(#16318),#6857);
#16318 = PRESENTATION_STYLE_ASSIGNMENT((#16319));
#16319 = SURFACE_STYLE_USAGE(.BOTH.,#16320);
#16320 = SURFACE_SIDE_STYLE('',(#16321));
#16321 = SURFACE_STYLE_FILL_AREA(#16322);
#16322 = FILL_AREA_STYLE('',(#16323));
#16323 = FILL_AREA_STYLE_COLOUR('',#14054);
#16324 = STYLED_ITEM('color',(#16325),#6869);
#16325 = PRESENTATION_STYLE_ASSIGNMENT((#16326));
#16326 = SURFACE_STYLE_USAGE(.BOTH.,#16327);
#16327 = SURFACE_SIDE_STYLE('',(#16328));
#16328 = SURFACE_STYLE_FILL_AREA(#16329);
#16329 = FILL_AREA_STYLE('',(#16330));
#16330 = FILL_AREA_STYLE_COLOUR('',#14054);
#16331 = STYLED_ITEM('color',(#16332),#6881);
#16332 = PRESENTATION_STYLE_ASSIGNMENT((#16333));
#16333 = SURFACE_STYLE_USAGE(.BOTH.,#16334);
#16334 = SURFACE_SIDE_STYLE('',(#16335));
#16335 = SURFACE_STYLE_FILL_AREA(#16336);
#16336 = FILL_AREA_STYLE('',(#16337));
#16337 = FILL_AREA_STYLE_COLOUR('',#14054);
#16338 = STYLED_ITEM('color',(#16339),#6893);
#16339 = PRESENTATION_STYLE_ASSIGNMENT((#16340));
#16340 = SURFACE_STYLE_USAGE(.BOTH.,#16341);
#16341 = SURFACE_SIDE_STYLE('',(#16342));
#16342 = SURFACE_STYLE_FILL_AREA(#16343);
#16343 = FILL_AREA_STYLE('',(#16344));
#16344 = FILL_AREA_STYLE_COLOUR('',#14054);
#16345 = STYLED_ITEM('color',(#16346),#6905);
#16346 = PRESENTATION_STYLE_ASSIGNMENT((#16347));
#16347 = SURFACE_STYLE_USAGE(.BOTH.,#16348);
#16348 = SURFACE_SIDE_STYLE('',(#16349));
#16349 = SURFACE_STYLE_FILL_AREA(#16350);
#16350 = FILL_AREA_STYLE('',(#16351));
#16351 = FILL_AREA_STYLE_COLOUR('',#14054);
#16352 = STYLED_ITEM('color',(#16353),#6917);
#16353 = PRESENTATION_STYLE_ASSIGNMENT((#16354));
#16354 = SURFACE_STYLE_USAGE(.BOTH.,#16355);
#16355 = SURFACE_SIDE_STYLE('',(#16356));
#16356 = SURFACE_STYLE_FILL_AREA(#16357);
#16357 = FILL_AREA_STYLE('',(#16358));
#16358 = FILL_AREA_STYLE_COLOUR('',#14054);
#16359 = STYLED_ITEM('color',(#16360),#6929);
#16360 = PRESENTATION_STYLE_ASSIGNMENT((#16361));
#16361 = SURFACE_STYLE_USAGE(.BOTH.,#16362);
#16362 = SURFACE_SIDE_STYLE('',(#16363));
#16363 = SURFACE_STYLE_FILL_AREA(#16364);
#16364 = FILL_AREA_STYLE('',(#16365));
#16365 = FILL_AREA_STYLE_COLOUR('',#14054);
#16366 = STYLED_ITEM('color',(#16367),#6941);
#16367 = PRESENTATION_STYLE_ASSIGNMENT((#16368));
#16368 = SURFACE_STYLE_USAGE(.BOTH.,#16369);
#16369 = SURFACE_SIDE_STYLE('',(#16370));
#16370 = SURFACE_STYLE_FILL_AREA(#16371);
#16371 = FILL_AREA_STYLE('',(#16372));
#16372 = FILL_AREA_STYLE_COLOUR('',#14054);
#16373 = STYLED_ITEM('color',(#16374),#6953);
#16374 = PRESENTATION_STYLE_ASSIGNMENT((#16375));
#16375 = SURFACE_STYLE_USAGE(.BOTH.,#16376);
#16376 = SURFACE_SIDE_STYLE('',(#16377));
#16377 = SURFACE_STYLE_FILL_AREA(#16378);
#16378 = FILL_AREA_STYLE('',(#16379));
#16379 = FILL_AREA_STYLE_COLOUR('',#14054);
#16380 = STYLED_ITEM('color',(#16381),#6965);
#16381 = PRESENTATION_STYLE_ASSIGNMENT((#16382));
#16382 = SURFACE_STYLE_USAGE(.BOTH.,#16383);
#16383 = SURFACE_SIDE_STYLE('',(#16384));
#16384 = SURFACE_STYLE_FILL_AREA(#16385);
#16385 = FILL_AREA_STYLE('',(#16386));
#16386 = FILL_AREA_STYLE_COLOUR('',#14054);
#16387 = STYLED_ITEM('color',(#16388),#6977);
#16388 = PRESENTATION_STYLE_ASSIGNMENT((#16389));
#16389 = SURFACE_STYLE_USAGE(.BOTH.,#16390);
#16390 = SURFACE_SIDE_STYLE('',(#16391));
#16391 = SURFACE_STYLE_FILL_AREA(#16392);
#16392 = FILL_AREA_STYLE('',(#16393));
#16393 = FILL_AREA_STYLE_COLOUR('',#14054);
#16394 = STYLED_ITEM('color',(#16395),#6989);
#16395 = PRESENTATION_STYLE_ASSIGNMENT((#16396));
#16396 = SURFACE_STYLE_USAGE(.BOTH.,#16397);
#16397 = SURFACE_SIDE_STYLE('',(#16398));
#16398 = SURFACE_STYLE_FILL_AREA(#16399);
#16399 = FILL_AREA_STYLE('',(#16400));
#16400 = FILL_AREA_STYLE_COLOUR('',#14054);
#16401 = STYLED_ITEM('color',(#16402),#7001);
#16402 = PRESENTATION_STYLE_ASSIGNMENT((#16403));
#16403 = SURFACE_STYLE_USAGE(.BOTH.,#16404);
#16404 = SURFACE_SIDE_STYLE('',(#16405));
#16405 = SURFACE_STYLE_FILL_AREA(#16406);
#16406 = FILL_AREA_STYLE('',(#16407));
#16407 = FILL_AREA_STYLE_COLOUR('',#14054);
#16408 = STYLED_ITEM('color',(#16409),#7013);
#16409 = PRESENTATION_STYLE_ASSIGNMENT((#16410));
#16410 = SURFACE_STYLE_USAGE(.BOTH.,#16411);
#16411 = SURFACE_SIDE_STYLE('',(#16412));
#16412 = SURFACE_STYLE_FILL_AREA(#16413);
#16413 = FILL_AREA_STYLE('',(#16414));
#16414 = FILL_AREA_STYLE_COLOUR('',#14054);
#16415 = STYLED_ITEM('color',(#16416),#7025);
#16416 = PRESENTATION_STYLE_ASSIGNMENT((#16417));
#16417 = SURFACE_STYLE_USAGE(.BOTH.,#16418);
#16418 = SURFACE_SIDE_STYLE('',(#16419));
#16419 = SURFACE_STYLE_FILL_AREA(#16420);
#16420 = FILL_AREA_STYLE('',(#16421));
#16421 = FILL_AREA_STYLE_COLOUR('',#14054);
#16422 = STYLED_ITEM('color',(#16423),#7037);
#16423 = PRESENTATION_STYLE_ASSIGNMENT((#16424));
#16424 = SURFACE_STYLE_USAGE(.BOTH.,#16425);
#16425 = SURFACE_SIDE_STYLE('',(#16426));
#16426 = SURFACE_STYLE_FILL_AREA(#16427);
#16427 = FILL_AREA_STYLE('',(#16428));
#16428 = FILL_AREA_STYLE_COLOUR('',#14054);
#16429 = STYLED_ITEM('color',(#16430),#7049);
#16430 = PRESENTATION_STYLE_ASSIGNMENT((#16431));
#16431 = SURFACE_STYLE_USAGE(.BOTH.,#16432);
#16432 = SURFACE_SIDE_STYLE('',(#16433));
#16433 = SURFACE_STYLE_FILL_AREA(#16434);
#16434 = FILL_AREA_STYLE('',(#16435));
#16435 = FILL_AREA_STYLE_COLOUR('',#14054);
#16436 = STYLED_ITEM('color',(#16437),#7061);
#16437 = PRESENTATION_STYLE_ASSIGNMENT((#16438));
#16438 = SURFACE_STYLE_USAGE(.BOTH.,#16439);
#16439 = SURFACE_SIDE_STYLE('',(#16440));
#16440 = SURFACE_STYLE_FILL_AREA(#16441);
#16441 = FILL_AREA_STYLE('',(#16442));
#16442 = FILL_AREA_STYLE_COLOUR('',#14054);
#16443 = MECHANICAL_DESIGN_GEOMETRIC_PRESENTATION_REPRESENTATION('',(
    #16444),#13985);
#16444 = STYLED_ITEM('color',(#16445),#11434);
#16445 = PRESENTATION_STYLE_ASSIGNMENT((#16446));
#16446 = SURFACE_STYLE_USAGE(.BOTH.,#16447);
#16447 = SURFACE_SIDE_STYLE('',(#16448));
#16448 = SURFACE_STYLE_FILL_AREA(#16449);
#16449 = FILL_AREA_STYLE('',(#16450));
#16450 = FILL_AREA_STYLE_COLOUR('',#16451);
#16451 = COLOUR_RGB('',0.313304153717,0.484529207832,0.410020903123);
#16452 = MECHANICAL_DESIGN_GEOMETRIC_PRESENTATION_REPRESENTATION('',(
    #16453,#16460,#16467,#16474,#16481,#16488,#16495,#16502,#16509,
    #16516,#16523,#16531,#16538,#16545,#16552,#16559,#16566,#16573,
    #16580,#16587,#16594,#16601,#16608,#16615,#16622,#16629,#16636,
    #16643),#8795);
#16453 = STYLED_ITEM('color',(#16454),#7943);
#16454 = PRESENTATION_STYLE_ASSIGNMENT((#16455));
#16455 = SURFACE_STYLE_USAGE(.BOTH.,#16456);
#16456 = SURFACE_SIDE_STYLE('',(#16457));
#16457 = SURFACE_STYLE_FILL_AREA(#16458);
#16458 = FILL_AREA_STYLE('',(#16459));
#16459 = FILL_AREA_STYLE_COLOUR('',#14358);
#16460 = STYLED_ITEM('color',(#16461),#8019);
#16461 = PRESENTATION_STYLE_ASSIGNMENT((#16462));
#16462 = SURFACE_STYLE_USAGE(.BOTH.,#16463);
#16463 = SURFACE_SIDE_STYLE('',(#16464));
#16464 = SURFACE_STYLE_FILL_AREA(#16465);
#16465 = FILL_AREA_STYLE('',(#16466));
#16466 = FILL_AREA_STYLE_COLOUR('',#14358);
#16467 = STYLED_ITEM('color',(#16468),#8050);
#16468 = PRESENTATION_STYLE_ASSIGNMENT((#16469));
#16469 = SURFACE_STYLE_USAGE(.BOTH.,#16470);
#16470 = SURFACE_SIDE_STYLE('',(#16471));
#16471 = SURFACE_STYLE_FILL_AREA(#16472);
#16472 = FILL_AREA_STYLE('',(#16473));
#16473 = FILL_AREA_STYLE_COLOUR('',#14358);
#16474 = STYLED_ITEM('color',(#16475),#8075);
#16475 = PRESENTATION_STYLE_ASSIGNMENT((#16476));
#16476 = SURFACE_STYLE_USAGE(.BOTH.,#16477);
#16477 = SURFACE_SIDE_STYLE('',(#16478));
#16478 = SURFACE_STYLE_FILL_AREA(#16479);
#16479 = FILL_AREA_STYLE('',(#16480));
#16480 = FILL_AREA_STYLE_COLOUR('',#14358);
#16481 = STYLED_ITEM('color',(#16482),#8100);
#16482 = PRESENTATION_STYLE_ASSIGNMENT((#16483));
#16483 = SURFACE_STYLE_USAGE(.BOTH.,#16484);
#16484 = SURFACE_SIDE_STYLE('',(#16485));
#16485 = SURFACE_STYLE_FILL_AREA(#16486);
#16486 = FILL_AREA_STYLE('',(#16487));
#16487 = FILL_AREA_STYLE_COLOUR('',#14358);
#16488 = STYLED_ITEM('color',(#16489),#8124);
#16489 = PRESENTATION_STYLE_ASSIGNMENT((#16490));
#16490 = SURFACE_STYLE_USAGE(.BOTH.,#16491);
#16491 = SURFACE_SIDE_STYLE('',(#16492));
#16492 = SURFACE_STYLE_FILL_AREA(#16493);
#16493 = FILL_AREA_STYLE('',(#16494));
#16494 = FILL_AREA_STYLE_COLOUR('',#14358);
#16495 = STYLED_ITEM('color',(#16496),#8148);
#16496 = PRESENTATION_STYLE_ASSIGNMENT((#16497));
#16497 = SURFACE_STYLE_USAGE(.BOTH.,#16498);
#16498 = SURFACE_SIDE_STYLE('',(#16499));
#16499 = SURFACE_STYLE_FILL_AREA(#16500);
#16500 = FILL_AREA_STYLE('',(#16501));
#16501 = FILL_AREA_STYLE_COLOUR('',#14358);
#16502 = STYLED_ITEM('color',(#16503),#8173);
#16503 = PRESENTATION_STYLE_ASSIGNMENT((#16504));
#16504 = SURFACE_STYLE_USAGE(.BOTH.,#16505);
#16505 = SURFACE_SIDE_STYLE('',(#16506));
#16506 = SURFACE_STYLE_FILL_AREA(#16507);
#16507 = FILL_AREA_STYLE('',(#16508));
#16508 = FILL_AREA_STYLE_COLOUR('',#14358);
#16509 = STYLED_ITEM('color',(#16510),#8198);
#16510 = PRESENTATION_STYLE_ASSIGNMENT((#16511));
#16511 = SURFACE_STYLE_USAGE(.BOTH.,#16512);
#16512 = SURFACE_SIDE_STYLE('',(#16513));
#16513 = SURFACE_STYLE_FILL_AREA(#16514);
#16514 = FILL_AREA_STYLE('',(#16515));
#16515 = FILL_AREA_STYLE_COLOUR('',#14358);
#16516 = STYLED_ITEM('color',(#16517),#8215);
#16517 = PRESENTATION_STYLE_ASSIGNMENT((#16518));
#16518 = SURFACE_STYLE_USAGE(.BOTH.,#16519);
#16519 = SURFACE_SIDE_STYLE('',(#16520));
#16520 = SURFACE_STYLE_FILL_AREA(#16521);
#16521 = FILL_AREA_STYLE('',(#16522));
#16522 = FILL_AREA_STYLE_COLOUR('',#14358);
#16523 = STYLED_ITEM('color',(#16524),#8301);
#16524 = PRESENTATION_STYLE_ASSIGNMENT((#16525));
#16525 = SURFACE_STYLE_USAGE(.BOTH.,#16526);
#16526 = SURFACE_SIDE_STYLE('',(#16527));
#16527 = SURFACE_STYLE_FILL_AREA(#16528);
#16528 = FILL_AREA_STYLE('',(#16529));
#16529 = FILL_AREA_STYLE_COLOUR('',#16530);
#16530 = COLOUR_RGB('',0.379000005575,0.270000008848,0.214999999939);
#16531 = STYLED_ITEM('color',(#16532),#8333);
#16532 = PRESENTATION_STYLE_ASSIGNMENT((#16533));
#16533 = SURFACE_STYLE_USAGE(.BOTH.,#16534);
#16534 = SURFACE_SIDE_STYLE('',(#16535));
#16535 = SURFACE_STYLE_FILL_AREA(#16536);
#16536 = FILL_AREA_STYLE('',(#16537));
#16537 = FILL_AREA_STYLE_COLOUR('',#16530);
#16538 = STYLED_ITEM('color',(#16539),#8357);
#16539 = PRESENTATION_STYLE_ASSIGNMENT((#16540));
#16540 = SURFACE_STYLE_USAGE(.BOTH.,#16541);
#16541 = SURFACE_SIDE_STYLE('',(#16542));
#16542 = SURFACE_STYLE_FILL_AREA(#16543);
#16543 = FILL_AREA_STYLE('',(#16544));
#16544 = FILL_AREA_STYLE_COLOUR('',#16530);
#16545 = STYLED_ITEM('color',(#16546),#8382);
#16546 = PRESENTATION_STYLE_ASSIGNMENT((#16547));
#16547 = SURFACE_STYLE_USAGE(.BOTH.,#16548);
#16548 = SURFACE_SIDE_STYLE('',(#16549));
#16549 = SURFACE_STYLE_FILL_AREA(#16550);
#16550 = FILL_AREA_STYLE('',(#16551));
#16551 = FILL_AREA_STYLE_COLOUR('',#16530);
#16552 = STYLED_ITEM('color',(#16553),#8406);
#16553 = PRESENTATION_STYLE_ASSIGNMENT((#16554));
#16554 = SURFACE_STYLE_USAGE(.BOTH.,#16555);
#16555 = SURFACE_SIDE_STYLE('',(#16556));
#16556 = SURFACE_STYLE_FILL_AREA(#16557);
#16557 = FILL_AREA_STYLE('',(#16558));
#16558 = FILL_AREA_STYLE_COLOUR('',#16530);
#16559 = STYLED_ITEM('color',(#16560),#8431);
#16560 = PRESENTATION_STYLE_ASSIGNMENT((#16561));
#16561 = SURFACE_STYLE_USAGE(.BOTH.,#16562);
#16562 = SURFACE_SIDE_STYLE('',(#16563));
#16563 = SURFACE_STYLE_FILL_AREA(#16564);
#16564 = FILL_AREA_STYLE('',(#16565));
#16565 = FILL_AREA_STYLE_COLOUR('',#16530);
#16566 = STYLED_ITEM('color',(#16567),#8455);
#16567 = PRESENTATION_STYLE_ASSIGNMENT((#16568));
#16568 = SURFACE_STYLE_USAGE(.BOTH.,#16569);
#16569 = SURFACE_SIDE_STYLE('',(#16570));
#16570 = SURFACE_STYLE_FILL_AREA(#16571);
#16571 = FILL_AREA_STYLE('',(#16572));
#16572 = FILL_AREA_STYLE_COLOUR('',#16530);
#16573 = STYLED_ITEM('color',(#16574),#8480);
#16574 = PRESENTATION_STYLE_ASSIGNMENT((#16575));
#16575 = SURFACE_STYLE_USAGE(.BOTH.,#16576);
#16576 = SURFACE_SIDE_STYLE('',(#16577));
#16577 = SURFACE_STYLE_FILL_AREA(#16578);
#16578 = FILL_AREA_STYLE('',(#16579));
#16579 = FILL_AREA_STYLE_COLOUR('',#16530);
#16580 = STYLED_ITEM('color',(#16581),#8497);
#16581 = PRESENTATION_STYLE_ASSIGNMENT((#16582));
#16582 = SURFACE_STYLE_USAGE(.BOTH.,#16583);
#16583 = SURFACE_SIDE_STYLE('',(#16584));
#16584 = SURFACE_STYLE_FILL_AREA(#16585);
#16585 = FILL_AREA_STYLE('',(#16586));
#16586 = FILL_AREA_STYLE_COLOUR('',#14358);
#16587 = STYLED_ITEM('color',(#16588),#8583);
#16588 = PRESENTATION_STYLE_ASSIGNMENT((#16589));
#16589 = SURFACE_STYLE_USAGE(.BOTH.,#16590);
#16590 = SURFACE_SIDE_STYLE('',(#16591));
#16591 = SURFACE_STYLE_FILL_AREA(#16592);
#16592 = FILL_AREA_STYLE('',(#16593));
#16593 = FILL_AREA_STYLE_COLOUR('',#14358);
#16594 = STYLED_ITEM('color',(#16595),#8614);
#16595 = PRESENTATION_STYLE_ASSIGNMENT((#16596));
#16596 = SURFACE_STYLE_USAGE(.BOTH.,#16597);
#16597 = SURFACE_SIDE_STYLE('',(#16598));
#16598 = SURFACE_STYLE_FILL_AREA(#16599);
#16599 = FILL_AREA_STYLE('',(#16600));
#16600 = FILL_AREA_STYLE_COLOUR('',#14358);
#16601 = STYLED_ITEM('color',(#16602),#8639);
#16602 = PRESENTATION_STYLE_ASSIGNMENT((#16603));
#16603 = SURFACE_STYLE_USAGE(.BOTH.,#16604);
#16604 = SURFACE_SIDE_STYLE('',(#16605));
#16605 = SURFACE_STYLE_FILL_AREA(#16606);
#16606 = FILL_AREA_STYLE('',(#16607));
#16607 = FILL_AREA_STYLE_COLOUR('',#14358);
#16608 = STYLED_ITEM('color',(#16609),#8664);
#16609 = PRESENTATION_STYLE_ASSIGNMENT((#16610));
#16610 = SURFACE_STYLE_USAGE(.BOTH.,#16611);
#16611 = SURFACE_SIDE_STYLE('',(#16612));
#16612 = SURFACE_STYLE_FILL_AREA(#16613);
#16613 = FILL_AREA_STYLE('',(#16614));
#16614 = FILL_AREA_STYLE_COLOUR('',#14358);
#16615 = STYLED_ITEM('color',(#16616),#8688);
#16616 = PRESENTATION_STYLE_ASSIGNMENT((#16617));
#16617 = SURFACE_STYLE_USAGE(.BOTH.,#16618);
#16618 = SURFACE_SIDE_STYLE('',(#16619));
#16619 = SURFACE_STYLE_FILL_AREA(#16620);
#16620 = FILL_AREA_STYLE('',(#16621));
#16621 = FILL_AREA_STYLE_COLOUR('',#14358);
#16622 = STYLED_ITEM('color',(#16623),#8712);
#16623 = PRESENTATION_STYLE_ASSIGNMENT((#16624));
#16624 = SURFACE_STYLE_USAGE(.BOTH.,#16625);
#16625 = SURFACE_SIDE_STYLE('',(#16626));
#16626 = SURFACE_STYLE_FILL_AREA(#16627);
#16627 = FILL_AREA_STYLE('',(#16628));
#16628 = FILL_AREA_STYLE_COLOUR('',#14358);
#16629 = STYLED_ITEM('color',(#16630),#8737);
#16630 = PRESENTATION_STYLE_ASSIGNMENT((#16631));
#16631 = SURFACE_STYLE_USAGE(.BOTH.,#16632);
#16632 = SURFACE_SIDE_STYLE('',(#16633));
#16633 = SURFACE_STYLE_FILL_AREA(#16634);
#16634 = FILL_AREA_STYLE('',(#16635));
#16635 = FILL_AREA_STYLE_COLOUR('',#14358);
#16636 = STYLED_ITEM('color',(#16637),#8762);
#16637 = PRESENTATION_STYLE_ASSIGNMENT((#16638));
#16638 = SURFACE_STYLE_USAGE(.BOTH.,#16639);
#16639 = SURFACE_SIDE_STYLE('',(#16640));
#16640 = SURFACE_STYLE_FILL_AREA(#16641);
#16641 = FILL_AREA_STYLE('',(#16642));
#16642 = FILL_AREA_STYLE_COLOUR('',#14358);
#16643 = STYLED_ITEM('color',(#16644),#8779);
#16644 = PRESENTATION_STYLE_ASSIGNMENT((#16645));
#16645 = SURFACE_STYLE_USAGE(.BOTH.,#16646);
#16646 = SURFACE_SIDE_STYLE('',(#16647));
#16647 = SURFACE_STYLE_FILL_AREA(#16648);
#16648 = FILL_AREA_STYLE('',(#16649));
#16649 = FILL_AREA_STYLE_COLOUR('',#14358);
ENDSEC;
END-ISO-10303-21;
